dataset,noise_type,noise_ratio,seed,method,method_type,downstream_model,test_acc,test_f1,val_acc,bad_edge_precision,bad_edge_recall,bad_edge_f1,actual_prune_ratio,edge_homophily_before,edge_homophily_after,num_edges_before,num_edges_after,runtime,hp_lambda_pos,hp_lambda_neg,hp_score_ratio,hp_ambig_scale,hp_base_alpha,hp_base_beta,hp_consistency_weight,hp_checkpoint_fractions,hp_total_epochs
Cora,feature_similar_cross_class,0.3,0,Feature-only,feature_only,GCN,0.607,0.5763062103142015,0.596,0.08819241982507289,0.0764371446620341,0.08189509306260574,0.19997084973036006,0.6230869889259338,0.6068500280380249,13722,10978,1.121180772781372,,,,,,,,,
Cora,feature_similar_cross_class,0.3,0,GraGE-Hybrid-FO-posneg-lp0.1-ln0.5,hybrid_baseline,GCN,0.603,0.573507272151189,0.578,0.0,0.0,0.0,0.19997084973036006,0.6230869889259338,0.5915467143058777,13722,10978,1.2213797569274902,0.1,0.5,0.3,,,,,,
Cora,feature_similar_cross_class,0.3,0,FAA-Hybrid-as0.5-lp0.1-ln0.5,faa_hybrid,GCN,0.609,0.5781224388096918,0.602,0.06997084548104957,0.060644346178142766,0.0649746192893401,0.19997084973036006,0.6230869889259338,0.6035707592964172,13722,10978,1.2398056983947754,0.1,0.5,0.3,0.5,0.0,0.0,,,
Cora,feature_similar_cross_class,0.3,0,FAA-Hybrid-as0.5-lp0.25-ln0.25,faa_hybrid,GCN,0.602,0.5685074209058756,0.596,0.08819241982507289,0.0764371446620341,0.08189509306260574,0.19997084973036006,0.6230869889259338,0.6079431176185608,13722,10978,1.1836659908294678,0.25,0.25,0.3,0.5,0.0,0.0,,,
Cora,feature_similar_cross_class,0.3,0,FAA-Hybrid-as1.0-lp0.1-ln0.5,faa_hybrid,GCN,0.61,0.5826159323224472,0.592,0.047376093294460644,0.0410612760581175,0.04399323181049069,0.19997084973036006,0.6230869889259338,0.5999271273612976,13722,10978,1.186145544052124,0.1,0.5,0.3,1.0,0.0,0.0,,,
Cora,feature_similar_cross_class,0.3,0,FAA-Hybrid-as1.0-lp0.25-ln0.25,faa_hybrid,GCN,0.603,0.5765605708623484,0.606,0.09329446064139942,0.08085912823752368,0.08663282571912014,0.19997084973036006,0.6230869889259338,0.6073966026306152,13722,10978,1.1843631267547607,0.25,0.25,0.3,1.0,0.0,0.0,,,
Cora,feature_similar_cross_class,0.3,0,FAA-Hybrid-as2.0-lp0.1-ln0.5,faa_hybrid,GCN,0.596,0.5671549713922274,0.596,0.021137026239067054,0.01831964624131396,0.019627749576988155,0.19997084973036006,0.6230869889259338,0.5955547094345093,13722,10978,1.4150211811065674,0.1,0.5,0.3,2.0,0.0,0.0,,,
Cora,feature_similar_cross_class,0.3,0,FAA-Hybrid-as2.0-lp0.25-ln0.25,faa_hybrid,GCN,0.617,0.5883183294921588,0.61,0.10495626822157435,0.09096651926721415,0.09746192893401015,0.19997084973036006,0.6230869889259338,0.6114045977592468,13722,10978,1.2489044666290283,0.25,0.25,0.3,2.0,0.0,0.0,,,
Cora,feature_similar_cross_class,0.3,0,FAA-Hybrid-as3.0-lp0.1-ln0.5,faa_hybrid,GCN,0.593,0.5614319664353499,0.592,0.0036443148688046646,0.003158559696778269,0.0033840947546531306,0.19997084973036006,0.6230869889259338,0.59245765209198,13722,10978,1.1815083026885986,0.1,0.5,0.3,3.0,0.0,0.0,,,
Cora,feature_similar_cross_class,0.3,0,FAA-Hybrid-as3.0-lp0.25-ln0.25,faa_hybrid,GCN,0.614,0.5893291586551468,0.606,0.13994169096209913,0.12128869235628553,0.1299492385786802,0.19997084973036006,0.6230869889259338,0.6179631948471069,13722,10978,1.1787960529327393,0.25,0.25,0.3,3.0,0.0,0.0,,,
Cora,feature_similar_cross_class,0.3,0,MCGC-cw0.5-lp0.1-ln0.5,mcgc,GCN,0.591,0.5772613804271222,0.58,0.016034985422740525,0.013897662665824383,0.014890016920473773,0.19997084973036006,0.6230869889259338,0.5971943736076355,13722,10978,1.9942309856414795,0.1,0.5,0.3,,,,0.5,"[0.3, 0.5, 0.7, 0.9]",200.0
Cora,feature_similar_cross_class,0.3,0,MCGC-cw0.5-lp0.25-ln0.25,mcgc,GCN,0.605,0.5991141626825082,0.602,0.10860058309037901,0.09412507896399241,0.10084602368866329,0.19997084973036006,0.6230869889259338,0.6143195629119873,13722,10978,2.3362512588500977,0.25,0.25,0.3,,,,0.5,"[0.3, 0.5, 0.7, 0.9]",200.0
Cora,feature_similar_cross_class,0.3,0,MCGC-cw1.0-lp0.1-ln0.5,mcgc,GCN,0.602,0.5775973793080486,0.572,0.033527696793002916,0.029058749210360075,0.0311336717428088,0.19997084973036006,0.6230869889259338,0.5997449159622192,13722,10978,1.9687683582305908,0.1,0.5,0.3,,,,1.0,"[0.3, 0.5, 0.7, 0.9]",200.0
Cora,feature_similar_cross_class,0.3,0,MCGC-cw1.0-lp0.25-ln0.25,mcgc,GCN,0.608,0.5958070488049068,0.598,0.10568513119533528,0.0915982312065698,0.09813874788494079,0.19997084973036006,0.6230869889259338,0.6132264137268066,13722,10978,2.472890615463257,0.25,0.25,0.3,,,,1.0,"[0.3, 0.5, 0.7, 0.9]",200.0
Cora,feature_similar_cross_class,0.3,0,MCGC-cw2.0-lp0.1-ln0.5,mcgc,GCN,0.619,0.5990061014218195,0.61,0.09620991253644315,0.08338597599494631,0.08934010152284264,0.19997084973036006,0.6230869889259338,0.6126798987388611,13722,10978,1.9889614582061768,0.1,0.5,0.3,,,,2.0,"[0.3, 0.5, 0.7, 0.9]",200.0
Cora,feature_similar_cross_class,0.3,0,MCGC-cw2.0-lp0.25-ln0.25,mcgc,GCN,0.597,0.5899745549614224,0.604,0.09766763848396501,0.08464939987365762,0.09069373942470389,0.19997084973036006,0.6230869889259338,0.6121333241462708,13722,10978,2.1825971603393555,0.25,0.25,0.3,,,,2.0,"[0.3, 0.5, 0.7, 0.9]",200.0
Cora,feature_similar_cross_class,0.3,0,MCGC-cw3.0-lp0.1-ln0.5,mcgc,GCN,0.628,0.6215418601255195,0.614,0.14795918367346939,0.12823752368919772,0.1373942470389171,0.19997084973036006,0.6230869889259338,0.6228821277618408,13722,10978,2.275472402572632,0.1,0.5,0.3,,,,3.0,"[0.3, 0.5, 0.7, 0.9]",200.0
Cora,feature_similar_cross_class,0.3,0,MCGC-cw3.0-lp0.25-ln0.25,mcgc,GCN,0.606,0.599959768763281,0.612,0.09766763848396501,0.08464939987365762,0.09069373942470389,0.19997084973036006,0.6230869889259338,0.6123155355453491,13722,10978,2.2828516960144043,0.25,0.25,0.3,,,,3.0,"[0.3, 0.5, 0.7, 0.9]",200.0
Cora,feature_similar_cross_class,0.3,0,Random-Matched,random_matched,GCN,0.653,0.6332919662446572,0.638,0.22667638483965014,0.19646241313960833,0.2104906937394247,0.19997084973036006,0.6230869889259338,0.6259792447090149,13722,10978,0.7473187446594238,,,,,,,,,
Cora,feature_similar_cross_class,0.3,1,Feature-only,feature_only,GCN,0.612,0.5922749263230254,0.6,0.08819241982507289,0.0764371446620341,0.08189509306260574,0.19997084973036006,0.6230869889259338,0.6068500280380249,13722,10978,0.8274228572845459,,,,,,,,,
Cora,feature_similar_cross_class,0.3,1,GraGE-Hybrid-FO-posneg-lp0.1-ln0.5,hybrid_baseline,GCN,0.616,0.5964893497176263,0.576,0.0007288629737609329,0.0006317119393556538,0.0006768189509306261,0.19997084973036006,0.6230869889259338,0.5911823511123657,13722,10978,1.3052332401275635,0.1,0.5,0.3,,,,,,
Cora,feature_similar_cross_class,0.3,1,FAA-Hybrid-as0.5-lp0.1-ln0.5,faa_hybrid,GCN,0.598,0.5835916512077245,0.596,0.0663265306122449,0.0574857864813645,0.06159052453468697,0.19997084973036006,0.6230869889259338,0.6033886075019836,13722,10978,1.2239141464233398,0.1,0.5,0.3,0.5,0.0,0.0,,,
Cora,feature_similar_cross_class,0.3,1,FAA-Hybrid-as0.5-lp0.25-ln0.25,faa_hybrid,GCN,0.615,0.5938573274458709,0.6,0.08892128279883382,0.07706885660138976,0.08257191201353638,0.19997084973036006,0.6230869889259338,0.6075787544250488,13722,10978,1.1892790794372559,0.25,0.25,0.3,0.5,0.0,0.0,,,
Cora,feature_similar_cross_class,0.3,1,FAA-Hybrid-as1.0-lp0.1-ln0.5,faa_hybrid,GCN,0.594,0.5819889531284659,0.592,0.04956268221574344,0.04295641187618446,0.04602368866328256,0.19997084973036006,0.6230869889259338,0.6004736423492432,13722,10978,1.3307650089263916,0.1,0.5,0.3,1.0,0.0,0.0,,,
Cora,feature_similar_cross_class,0.3,1,FAA-Hybrid-as1.0-lp0.25-ln0.25,faa_hybrid,GCN,0.616,0.5913923033352457,0.598,0.09110787172011661,0.07896399241945673,0.08460236886632826,0.19997084973036006,0.6230869889259338,0.6079431176185608,13722,10978,1.269378662109375,0.25,0.25,0.3,1.0,0.0,0.0,,,
Cora,feature_similar_cross_class,0.3,1,FAA-Hybrid-as2.0-lp0.1-ln0.5,faa_hybrid,GCN,0.582,0.5739590232413245,0.586,0.013848396501457727,0.012002526847757423,0.012859560067681896,0.19997084973036006,0.6230869889259338,0.5931863784790039,13722,10978,1.3099982738494873,0.1,0.5,0.3,2.0,0.0,0.0,,,
Cora,feature_similar_cross_class,0.3,1,FAA-Hybrid-as2.0-lp0.25-ln0.25,faa_hybrid,GCN,0.614,0.6007047677133175,0.596,0.10422740524781342,0.0903348073278585,0.09678510998307953,0.19997084973036006,0.6230869889259338,0.6106758713722229,13722,10978,1.299987554550171,0.25,0.25,0.3,2.0,0.0,0.0,,,
Cora,feature_similar_cross_class,0.3,1,FAA-Hybrid-as3.0-lp0.1-ln0.5,faa_hybrid,GCN,0.59,0.5868220441536354,0.582,0.007288629737609329,0.006317119393556538,0.006768189509306261,0.19997084973036006,0.6230869889259338,0.5922754406929016,13722,10978,1.3238248825073242,0.1,0.5,0.3,3.0,0.0,0.0,,,
Cora,feature_similar_cross_class,0.3,1,FAA-Hybrid-as3.0-lp0.25-ln0.25,faa_hybrid,GCN,0.608,0.6073383502291867,0.608,0.1260932944606414,0.10928616550852811,0.1170896785109983,0.19997084973036006,0.6230869889259338,0.6157770156860352,13722,10978,1.4974565505981445,0.25,0.25,0.3,3.0,0.0,0.0,,,
Cora,feature_similar_cross_class,0.3,1,MCGC-cw0.5-lp0.1-ln0.5,mcgc,GCN,0.622,0.6103761268362602,0.586,0.029154518950437316,0.025268477574226154,0.027072758037225045,0.19997084973036006,0.6230869889259338,0.5975587368011475,13722,10978,2.0080277919769287,0.1,0.5,0.3,,,,0.5,"[0.3, 0.5, 0.7, 0.9]",200.0
Cora,feature_similar_cross_class,0.3,1,MCGC-cw0.5-lp0.25-ln0.25,mcgc,GCN,0.618,0.6166716373510678,0.612,0.11370262390670553,0.09854706253948199,0.10558375634517765,0.19997084973036006,0.6230869889259338,0.6126798987388611,13722,10978,2.253786325454712,0.25,0.25,0.3,,,,0.5,"[0.3, 0.5, 0.7, 0.9]",200.0
Cora,feature_similar_cross_class,0.3,1,MCGC-cw1.0-lp0.1-ln0.5,mcgc,GCN,0.625,0.6129613314897183,0.6,0.048833819241982504,0.04232469993682881,0.045346869712351946,0.19997084973036006,0.6230869889259338,0.6012023687362671,13722,10978,2.1802077293395996,0.1,0.5,0.3,,,,1.0,"[0.3, 0.5, 0.7, 0.9]",200.0
Cora,feature_similar_cross_class,0.3,1,MCGC-cw1.0-lp0.25-ln0.25,mcgc,GCN,0.614,0.6049286362395705,0.6,0.10276967930029154,0.0890713834491472,0.09543147208121829,0.19997084973036006,0.6230869889259338,0.609947144985199,13722,10978,2.1067821979522705,0.25,0.25,0.3,,,,1.0,"[0.3, 0.5, 0.7, 0.9]",200.0
Cora,feature_similar_cross_class,0.3,1,MCGC-cw2.0-lp0.1-ln0.5,mcgc,GCN,0.631,0.6305988658564038,0.608,0.10276967930029154,0.0890713834491472,0.09543147208121829,0.19997084973036006,0.6230869889259338,0.613044261932373,13722,10978,2.228010892868042,0.1,0.5,0.3,,,,2.0,"[0.3, 0.5, 0.7, 0.9]",200.0
Cora,feature_similar_cross_class,0.3,1,MCGC-cw2.0-lp0.25-ln0.25,mcgc,GCN,0.623,0.6133045387095489,0.608,0.09475218658892129,0.082122552116235,0.08798646362098138,0.19997084973036006,0.6230869889259338,0.6086719036102295,13722,10978,2.1819968223571777,0.25,0.25,0.3,,,,2.0,"[0.3, 0.5, 0.7, 0.9]",200.0
Cora,feature_similar_cross_class,0.3,1,MCGC-cw3.0-lp0.1-ln0.5,mcgc,GCN,0.642,0.6285063747537167,0.614,0.16399416909620992,0.14213518635502212,0.15228426395939088,0.19997084973036006,0.6230869889259338,0.6248860955238342,13722,10978,2.0578982830047607,0.1,0.5,0.3,,,,3.0,"[0.3, 0.5, 0.7, 0.9]",200.0
Cora,feature_similar_cross_class,0.3,1,MCGC-cw3.0-lp0.25-ln0.25,mcgc,GCN,0.6,0.6027454299480279,0.598,0.10714285714285714,0.09286165508528112,0.09949238578680204,0.19997084973036006,0.6230869889259338,0.6114045977592468,13722,10978,2.273876905441284,0.25,0.25,0.3,,,,3.0,"[0.3, 0.5, 0.7, 0.9]",200.0
Cora,feature_similar_cross_class,0.3,1,Random-Matched,random_matched,GCN,0.665,0.656838535523365,0.684,0.2434402332361516,0.21099178774478838,0.22605752961082912,0.19997084973036006,0.6230869889259338,0.6257970333099365,13722,10978,0.9313101768493652,,,,,,,,,
Cora,feature_similar_cross_class,0.3,2,Feature-only,feature_only,GCN,0.592,0.5824500910231112,0.566,0.08965014577259475,0.07770056854074542,0.083248730964467,0.19997084973036006,0.6230869889259338,0.6072143912315369,13722,10978,0.7759037017822266,,,,,,,,,
Cora,feature_similar_cross_class,0.3,2,GraGE-Hybrid-FO-posneg-lp0.1-ln0.5,hybrid_baseline,GCN,0.588,0.5865442172021463,0.562,0.0,0.0,0.0,0.19997084973036006,0.6230869889259338,0.5900892615318298,13722,10978,1.48378324508667,0.1,0.5,0.3,,,,,,
Cora,feature_similar_cross_class,0.3,2,FAA-Hybrid-as0.5-lp0.1-ln0.5,faa_hybrid,GCN,0.593,0.5841574359434077,0.564,0.06486880466472303,0.05622236260265319,0.06023688663282572,0.19997084973036006,0.6230869889259338,0.6028420329093933,13722,10978,1.2329978942871094,0.1,0.5,0.3,0.5,0.0,0.0,,,
Cora,feature_similar_cross_class,0.3,2,FAA-Hybrid-as0.5-lp0.25-ln0.25,faa_hybrid,GCN,0.586,0.5801836496477245,0.558,0.08819241982507289,0.0764371446620341,0.08189509306260574,0.19997084973036006,0.6230869889259338,0.6077609658241272,13722,10978,1.2811450958251953,0.25,0.25,0.3,0.5,0.0,0.0,,,
Cora,feature_similar_cross_class,0.3,2,FAA-Hybrid-as1.0-lp0.1-ln0.5,faa_hybrid,GCN,0.595,0.5952518153772289,0.554,0.038629737609329445,0.033480732785849655,0.03587140439932318,0.19997084973036006,0.6230869889259338,0.5979230999946594,13722,10978,1.3692355155944824,0.1,0.5,0.3,1.0,0.0,0.0,,,
Cora,feature_similar_cross_class,0.3,2,FAA-Hybrid-as1.0-lp0.25-ln0.25,faa_hybrid,GCN,0.608,0.60542799323823,0.58,0.08527696793002916,0.0739102969046115,0.07918781725888326,0.19997084973036006,0.6230869889259338,0.6068500280380249,13722,10978,1.3908793926239014,0.25,0.25,0.3,1.0,0.0,0.0,,,
Cora,feature_similar_cross_class,0.3,2,FAA-Hybrid-as2.0-lp0.1-ln0.5,faa_hybrid,GCN,0.569,0.5669059574831181,0.558,0.008746355685131196,0.007580543272267846,0.008121827411167513,0.19997084973036006,0.6230869889259338,0.5926398038864136,13722,10978,1.3625028133392334,0.1,0.5,0.3,2.0,0.0,0.0,,,
Cora,feature_similar_cross_class,0.3,2,FAA-Hybrid-as2.0-lp0.25-ln0.25,faa_hybrid,GCN,0.613,0.6098636731995398,0.584,0.09256559766763849,0.08022741629816804,0.0859560067681895,0.19997084973036006,0.6230869889259338,0.6077609658241272,13722,10978,1.401465892791748,0.25,0.25,0.3,2.0,0.0,0.0,,,
Cora,feature_similar_cross_class,0.3,2,FAA-Hybrid-as3.0-lp0.1-ln0.5,faa_hybrid,GCN,0.564,0.5568073184645799,0.55,0.0007288629737609329,0.0006317119393556538,0.0006768189509306261,0.19997084973036006,0.6230869889259338,0.5902714133262634,13722,10978,1.2732737064361572,0.1,0.5,0.3,3.0,0.0,0.0,,,
Cora,feature_similar_cross_class,0.3,2,FAA-Hybrid-as3.0-lp0.25-ln0.25,faa_hybrid,GCN,0.599,0.5899789394453704,0.59,0.11370262390670553,0.09854706253948199,0.10558375634517765,0.19997084973036006,0.6230869889259338,0.6121333241462708,13722,10978,1.2133164405822754,0.25,0.25,0.3,3.0,0.0,0.0,,,
Cora,feature_similar_cross_class,0.3,2,MCGC-cw0.5-lp0.1-ln0.5,mcgc,GCN,0.598,0.5919077346781846,0.57,0.016034985422740525,0.013897662665824383,0.014890016920473773,0.19997084973036006,0.6230869889259338,0.5961012840270996,13722,10978,2.043724298477173,0.1,0.5,0.3,,,,0.5,"[0.3, 0.5, 0.7, 0.9]",200.0
Cora,feature_similar_cross_class,0.3,2,MCGC-cw0.5-lp0.25-ln0.25,mcgc,GCN,0.605,0.5964749404541924,0.588,0.08309037900874636,0.07201516108654453,0.07715736040609138,0.19997084973036006,0.6230869889259338,0.6081253290176392,13722,10978,2.102151393890381,0.25,0.25,0.3,,,,0.5,"[0.3, 0.5, 0.7, 0.9]",200.0
Cora,feature_similar_cross_class,0.3,2,MCGC-cw1.0-lp0.1-ln0.5,mcgc,GCN,0.598,0.5928464023320481,0.576,0.033527696793002916,0.029058749210360075,0.0311336717428088,0.19997084973036006,0.6230869889259338,0.5999271273612976,13722,10978,2.043375015258789,0.1,0.5,0.3,,,,1.0,"[0.3, 0.5, 0.7, 0.9]",200.0
Cora,feature_similar_cross_class,0.3,2,MCGC-cw1.0-lp0.25-ln0.25,mcgc,GCN,0.597,0.5921434485540693,0.576,0.08381924198250729,0.07264687302590019,0.077834179357022,0.19997084973036006,0.6230869889259338,0.6063035130500793,13722,10978,2.036963701248169,0.25,0.25,0.3,,,,1.0,"[0.3, 0.5, 0.7, 0.9]",200.0
Cora,feature_similar_cross_class,0.3,2,MCGC-cw2.0-lp0.1-ln0.5,mcgc,GCN,0.607,0.6078720594294568,0.58,0.08527696793002916,0.0739102969046115,0.07918781725888326,0.19997084973036006,0.6230869889259338,0.6090362668037415,13722,10978,2.1031711101531982,0.1,0.5,0.3,,,,2.0,"[0.3, 0.5, 0.7, 0.9]",200.0
Cora,feature_similar_cross_class,0.3,2,MCGC-cw2.0-lp0.25-ln0.25,mcgc,GCN,0.621,0.6176140324749625,0.592,0.08892128279883382,0.07706885660138976,0.08257191201353638,0.19997084973036006,0.6230869889259338,0.6101293563842773,13722,10978,2.199282169342041,0.25,0.25,0.3,,,,2.0,"[0.3, 0.5, 0.7, 0.9]",200.0
Cora,feature_similar_cross_class,0.3,2,MCGC-cw3.0-lp0.1-ln0.5,mcgc,GCN,0.616,0.6131608433944782,0.58,0.14650145772594753,0.1269740998104864,0.13604060913705582,0.19997084973036006,0.6230869889259338,0.6223355531692505,13722,10978,2.110732316970825,0.1,0.5,0.3,,,,3.0,"[0.3, 0.5, 0.7, 0.9]",200.0
Cora,feature_similar_cross_class,0.3,2,MCGC-cw3.0-lp0.25-ln0.25,mcgc,GCN,0.594,0.5854709679854916,0.582,0.09329446064139942,0.08085912823752368,0.08663282571912014,0.19997084973036006,0.6230869889259338,0.6114045977592468,13722,10978,2.0276801586151123,0.25,0.25,0.3,,,,3.0,"[0.3, 0.5, 0.7, 0.9]",200.0
Cora,feature_similar_cross_class,0.3,2,Random-Matched,random_matched,GCN,0.64,0.6332986380515326,0.63,0.22813411078717202,0.19772583701831964,0.21184433164128597,0.19997084973036006,0.6230869889259338,0.6236108541488647,13722,10978,0.7571897506713867,,,,,,,,,
Cora,cross_class_oracle,0.3,0,Feature-only,feature_only,GCN,0.681,0.6510154803112312,0.654,0.5080174927113703,0.4403032217308907,0.4717428087986464,0.19997084973036006,0.6230869889259338,0.6870103478431702,13722,10978,0.7567448616027832,,,,,,,,,
Cora,cross_class_oracle,0.3,0,GraGE-Hybrid-FO-posneg-lp0.1-ln0.5,hybrid_baseline,GCN,0.662,0.6508818337134246,0.646,0.3965014577259475,0.34365129500947567,0.3681895093062605,0.19997084973036006,0.6230869889259338,0.6651484370231628,13722,10978,1.628006935119629,0.1,0.5,0.3,,,,,,
Cora,cross_class_oracle,0.3,0,FAA-Hybrid-as0.5-lp0.1-ln0.5,faa_hybrid,GCN,0.675,0.6438165723850525,0.646,0.4897959183673469,0.4245104232469994,0.4548223350253807,0.19997084973036006,0.6230869889259338,0.6837310791015625,13722,10978,1.3533916473388672,0.1,0.5,0.3,0.5,0.0,0.0,,,
Cora,cross_class_oracle,0.3,0,FAA-Hybrid-as0.5-lp0.25-ln0.25,faa_hybrid,GCN,0.674,0.6433184594825736,0.652,0.5138483965014577,0.44535691724573595,0.4771573604060914,0.19997084973036006,0.6230869889259338,0.6877390742301941,13722,10978,1.35292649269104,0.25,0.25,0.3,0.5,0.0,0.0,,,
Cora,cross_class_oracle,0.3,0,FAA-Hybrid-as1.0-lp0.1-ln0.5,faa_hybrid,GCN,0.677,0.6668303378035505,0.654,0.46647230320699706,0.40429564118761846,0.4331641285956007,0.19997084973036006,0.6230869889259338,0.679358720779419,13722,10978,1.5619480609893799,0.1,0.5,0.3,1.0,0.0,0.0,,,
Cora,cross_class_oracle,0.3,0,FAA-Hybrid-as1.0-lp0.25-ln0.25,faa_hybrid,GCN,0.678,0.6496014963908892,0.656,0.5094752186588921,0.441566645609602,0.4730964467005076,0.19997084973036006,0.6230869889259338,0.6873747110366821,13722,10978,1.3506584167480469,0.25,0.25,0.3,1.0,0.0,0.0,,,
Cora,cross_class_oracle,0.3,0,FAA-Hybrid-as2.0-lp0.1-ln0.5,faa_hybrid,GCN,0.686,0.654362950491905,0.644,0.4395043731778426,0.3809222994314593,0.40812182741116754,0.19997084973036006,0.6230869889259338,0.6742575764656067,13722,10978,1.4244697093963623,0.1,0.5,0.3,2.0,0.0,0.0,,,
Cora,cross_class_oracle,0.3,0,FAA-Hybrid-as2.0-lp0.25-ln0.25,faa_hybrid,GCN,0.679,0.6485825988080011,0.666,0.5145772594752187,0.4459886291850916,0.477834179357022,0.19997084973036006,0.6230869889259338,0.6875569224357605,13722,10978,1.3764660358428955,0.25,0.25,0.3,2.0,0.0,0.0,,,
Cora,cross_class_oracle,0.3,0,FAA-Hybrid-as3.0-lp0.1-ln0.5,faa_hybrid,GCN,0.671,0.6579822319983262,0.652,0.42857142857142855,0.37144662034112447,0.39796954314720817,0.19997084973036006,0.6230869889259338,0.671707034111023,13722,10978,1.7587547302246094,0.1,0.5,0.3,3.0,0.0,0.0,,,
Cora,cross_class_oracle,0.3,0,FAA-Hybrid-as3.0-lp0.25-ln0.25,faa_hybrid,GCN,0.689,0.6635739198916237,0.688,0.5255102040816326,0.4554643082754264,0.48798646362098136,0.19997084973036006,0.6230869889259338,0.6890143752098083,13722,10978,1.3607091903686523,0.25,0.25,0.3,3.0,0.0,0.0,,,
Cora,cross_class_oracle,0.3,0,MCGC-cw0.5-lp0.1-ln0.5,mcgc,GCN,0.652,0.6366270348395668,0.664,0.41690962099125367,0.361339229311434,0.3871404399323181,0.19997084973036006,0.6230869889259338,0.6666059494018555,13722,10978,2.4076638221740723,0.1,0.5,0.3,,,,0.5,"[0.3, 0.5, 0.7, 0.9]",200.0
Cora,cross_class_oracle,0.3,0,MCGC-cw0.5-lp0.25-ln0.25,mcgc,GCN,0.675,0.6634961111014422,0.668,0.5072886297376094,0.4396715097915351,0.4710659898477157,0.19997084973036006,0.6230869889259338,0.6831845641136169,13722,10978,2.349060297012329,0.25,0.25,0.3,,,,0.5,"[0.3, 0.5, 0.7, 0.9]",200.0
Cora,cross_class_oracle,0.3,0,MCGC-cw1.0-lp0.1-ln0.5,mcgc,GCN,0.653,0.6386400047203866,0.678,0.35714285714285715,0.30953885028427036,0.3316412859560067,0.19997084973036006,0.6230869889259338,0.6562215089797974,13722,10978,2.5231266021728516,0.1,0.5,0.3,,,,1.0,"[0.3, 0.5, 0.7, 0.9]",200.0
Cora,cross_class_oracle,0.3,0,MCGC-cw1.0-lp0.25-ln0.25,mcgc,GCN,0.668,0.6556574231273589,0.664,0.5043731778425656,0.43714466203411245,0.4683587140439932,0.19997084973036006,0.6230869889259338,0.6819092631340027,13722,10978,4.857742547988892,0.25,0.25,0.3,,,,1.0,"[0.3, 0.5, 0.7, 0.9]",200.0
Cora,cross_class_oracle,0.3,0,MCGC-cw2.0-lp0.1-ln0.5,mcgc,GCN,0.674,0.6492801910927878,0.64,0.37755102040816324,0.32722678458622867,0.35059221658206424,0.19997084973036006,0.6230869889259338,0.6616870164871216,13722,10978,2.0883371829986572,0.1,0.5,0.3,,,,2.0,"[0.3, 0.5, 0.7, 0.9]",200.0
Cora,cross_class_oracle,0.3,0,MCGC-cw2.0-lp0.25-ln0.25,mcgc,GCN,0.678,0.6658138228940882,0.658,0.4897959183673469,0.4245104232469994,0.4548223350253807,0.19997084973036006,0.6230869889259338,0.6802695989608765,13722,10978,2.3790688514709473,0.25,0.25,0.3,,,,2.0,"[0.3, 0.5, 0.7, 0.9]",200.0
Cora,cross_class_oracle,0.3,0,MCGC-cw3.0-lp0.1-ln0.5,mcgc,GCN,0.695,0.6716507279161543,0.674,0.3826530612244898,0.33164876816171823,0.35532994923857864,0.19997084973036006,0.6230869889259338,0.6624157428741455,13722,10978,2.1264641284942627,0.1,0.5,0.3,,,,3.0,"[0.3, 0.5, 0.7, 0.9]",200.0
Cora,cross_class_oracle,0.3,0,MCGC-cw3.0-lp0.25-ln0.25,mcgc,GCN,0.677,0.6658690661259443,0.66,0.49198250728862974,0.42640555906506633,0.45685279187817257,0.19997084973036006,0.6230869889259338,0.6820914149284363,13722,10978,2.333888292312622,0.25,0.25,0.3,,,,3.0,"[0.3, 0.5, 0.7, 0.9]",200.0
Cora,cross_class_oracle,0.3,0,Random-Matched,random_matched,GCN,0.639,0.624938399302109,0.632,0.22667638483965014,0.19646241313960833,0.2104906937394247,0.19997084973036006,0.6230869889259338,0.6259792447090149,13722,10978,0.9889326095581055,,,,,,,,,
Cora,cross_class_oracle,0.3,1,Feature-only,feature_only,GCN,0.683,0.6721391083850081,0.674,0.5065597667638484,0.4390397978521794,0.4703891708967851,0.19997084973036006,0.6230869889259338,0.6866459846496582,13722,10978,1.118241310119629,,,,,,,,,
Cora,cross_class_oracle,0.3,1,GraGE-Hybrid-FO-posneg-lp0.1-ln0.5,hybrid_baseline,GCN,0.676,0.6642209936714584,0.654,0.39723032069970843,0.34428300694883135,0.36886632825719123,0.19997084973036006,0.6230869889259338,0.6667881011962891,13722,10978,1.602663278579712,0.1,0.5,0.3,,,,,,
Cora,cross_class_oracle,0.3,1,FAA-Hybrid-as0.5-lp0.1-ln0.5,faa_hybrid,GCN,0.678,0.6657907876206856,0.674,0.4897959183673469,0.4245104232469994,0.4548223350253807,0.19997084973036006,0.6230869889259338,0.6830023527145386,13722,10978,1.5748374462127686,0.1,0.5,0.3,0.5,0.0,0.0,,,
Cora,cross_class_oracle,0.3,1,FAA-Hybrid-as0.5-lp0.25-ln0.25,faa_hybrid,GCN,0.684,0.6734460680800474,0.67,0.5138483965014577,0.44535691724573595,0.4771573604060914,0.19997084973036006,0.6230869889259338,0.6875569224357605,13722,10978,1.4433116912841797,0.25,0.25,0.3,0.5,0.0,0.0,,,
Cora,cross_class_oracle,0.3,1,FAA-Hybrid-as1.0-lp0.1-ln0.5,faa_hybrid,GCN,0.683,0.6717281123548579,0.68,0.46647230320699706,0.40429564118761846,0.4331641285956007,0.19997084973036006,0.6230869889259338,0.6784477829933167,13722,10978,1.4808473587036133,0.1,0.5,0.3,1.0,0.0,0.0,,,
Cora,cross_class_oracle,0.3,1,FAA-Hybrid-as1.0-lp0.25-ln0.25,faa_hybrid,GCN,0.685,0.6737032098123776,0.682,0.5160349854227405,0.4472520530638029,0.4791878172588832,0.19997084973036006,0.6230869889259338,0.6890143752098083,13722,10978,1.6680235862731934,0.25,0.25,0.3,1.0,0.0,0.0,,,
Cora,cross_class_oracle,0.3,1,FAA-Hybrid-as2.0-lp0.1-ln0.5,faa_hybrid,GCN,0.684,0.67492572187931,0.668,0.4336734693877551,0.37586860391661403,0.40270727580372245,0.19997084973036006,0.6230869889259338,0.6729823350906372,13722,10978,1.3995399475097656,0.1,0.5,0.3,2.0,0.0,0.0,,,
Cora,cross_class_oracle,0.3,1,FAA-Hybrid-as2.0-lp0.25-ln0.25,faa_hybrid,GCN,0.686,0.6712526882381937,0.696,0.5131195335276968,0.44472520530638027,0.4764805414551607,0.19997084973036006,0.6230869889259338,0.6888322234153748,13722,10978,1.5379748344421387,0.25,0.25,0.3,2.0,0.0,0.0,,,
Cora,cross_class_oracle,0.3,1,FAA-Hybrid-as3.0-lp0.1-ln0.5,faa_hybrid,GCN,0.689,0.6760003561620503,0.666,0.42565597667638483,0.36891977258370184,0.39526226734348563,0.19997084973036006,0.6230869889259338,0.6720713973045349,13722,10978,1.5588185787200928,0.1,0.5,0.3,3.0,0.0,0.0,,,
Cora,cross_class_oracle,0.3,1,FAA-Hybrid-as3.0-lp0.25-ln0.25,faa_hybrid,GCN,0.686,0.6715981835123727,0.694,0.5174927113702624,0.4485154769425142,0.4805414551607445,0.19997084973036006,0.6230869889259338,0.6871925592422485,13722,10978,1.5714831352233887,0.25,0.25,0.3,3.0,0.0,0.0,,,
Cora,cross_class_oracle,0.3,1,MCGC-cw0.5-lp0.1-ln0.5,mcgc,GCN,0.674,0.6589554975128451,0.64,0.3396501457725947,0.2943777637397347,0.31539763113367175,0.19997084973036006,0.6230869889259338,0.6538531184196472,13722,10978,2.2330377101898193,0.1,0.5,0.3,,,,0.5,"[0.3, 0.5, 0.7, 0.9]",200.0
Cora,cross_class_oracle,0.3,1,MCGC-cw0.5-lp0.25-ln0.25,mcgc,GCN,0.673,0.6615546973167278,0.65,0.4737609329446064,0.41061276058117496,0.4399323181049069,0.19997084973036006,0.6230869889259338,0.679358720779419,13722,10978,2.092616319656372,0.25,0.25,0.3,,,,0.5,"[0.3, 0.5, 0.7, 0.9]",200.0
Cora,cross_class_oracle,0.3,1,MCGC-cw1.0-lp0.1-ln0.5,mcgc,GCN,0.646,0.63222398880246,0.636,0.3206997084548105,0.2779532533164877,0.29780033840947545,0.19997084973036006,0.6230869889259338,0.6523956656455994,13722,10978,2.174363613128662,0.1,0.5,0.3,,,,1.0,"[0.3, 0.5, 0.7, 0.9]",200.0
Cora,cross_class_oracle,0.3,1,MCGC-cw1.0-lp0.25-ln0.25,mcgc,GCN,0.696,0.6847908625327227,0.654,0.47886297376093295,0.4150347441566646,0.44467005076142135,0.19997084973036006,0.6230869889259338,0.6804518103599548,13722,10978,2.243706226348877,0.25,0.25,0.3,,,,1.0,"[0.3, 0.5, 0.7, 0.9]",200.0
Cora,cross_class_oracle,0.3,1,MCGC-cw2.0-lp0.1-ln0.5,mcgc,GCN,0.661,0.6526014067484646,0.638,0.3564139941690962,0.30890713834491473,0.33096446700507615,0.19997084973036006,0.6230869889259338,0.6593186259269714,13722,10978,2.200495719909668,0.1,0.5,0.3,,,,2.0,"[0.3, 0.5, 0.7, 0.9]",200.0
Cora,cross_class_oracle,0.3,1,MCGC-cw2.0-lp0.25-ln0.25,mcgc,GCN,0.695,0.6843681390726472,0.67,0.47667638483965014,0.4131396083385976,0.4426395939086295,0.19997084973036006,0.6230869889259338,0.6811805367469788,13722,10978,2.3368334770202637,0.25,0.25,0.3,,,,2.0,"[0.3, 0.5, 0.7, 0.9]",200.0
Cora,cross_class_oracle,0.3,1,MCGC-cw3.0-lp0.1-ln0.5,mcgc,GCN,0.662,0.6480071804980342,0.666,0.35714285714285715,0.30953885028427036,0.3316412859560067,0.19997084973036006,0.6230869889259338,0.6620513796806335,13722,10978,2.2194926738739014,0.1,0.5,0.3,,,,3.0,"[0.3, 0.5, 0.7, 0.9]",200.0
Cora,cross_class_oracle,0.3,1,MCGC-cw3.0-lp0.25-ln0.25,mcgc,GCN,0.681,0.6687240708154893,0.666,0.44533527696793,0.38597599494630447,0.4135363790186125,0.19997084973036006,0.6230869889259338,0.6764437556266785,13722,10978,2.4007840156555176,0.25,0.25,0.3,,,,3.0,"[0.3, 0.5, 0.7, 0.9]",200.0
Cora,cross_class_oracle,0.3,1,Random-Matched,random_matched,GCN,0.658,0.6295870270952639,0.652,0.2434402332361516,0.21099178774478838,0.22605752961082912,0.19997084973036006,0.6230869889259338,0.6257970333099365,13722,10978,0.7493612766265869,,,,,,,,,
Cora,cross_class_oracle,0.3,2,Feature-only,feature_only,GCN,0.672,0.6626431075954505,0.652,0.5145772594752187,0.4459886291850916,0.477834179357022,0.19997084973036006,0.6230869889259338,0.6879212856292725,13722,10978,0.938023567199707,,,,,,,,,
Cora,cross_class_oracle,0.3,2,GraGE-Hybrid-FO-posneg-lp0.1-ln0.5,hybrid_baseline,GCN,0.64,0.6242303533740378,0.61,0.3979591836734694,0.344914718888187,0.36954314720812176,0.19997084973036006,0.6230869889259338,0.667152464389801,13722,10978,1.3567814826965332,0.1,0.5,0.3,,,,,,
Cora,cross_class_oracle,0.3,2,FAA-Hybrid-as0.5-lp0.1-ln0.5,faa_hybrid,GCN,0.667,0.6550174939292638,0.644,0.4934402332361516,0.42766898294377764,0.45820642978003384,0.19997084973036006,0.6230869889259338,0.6842776536941528,13722,10978,1.546231746673584,0.1,0.5,0.3,0.5,0.0,0.0,,,
Cora,cross_class_oracle,0.3,2,FAA-Hybrid-as0.5-lp0.25-ln0.25,faa_hybrid,GCN,0.684,0.6724521743090934,0.652,0.5196793002915452,0.4504106127605812,0.48257191201353644,0.19997084973036006,0.6230869889259338,0.6893787384033203,13722,10978,1.709991455078125,0.25,0.25,0.3,0.5,0.0,0.0,,,
Cora,cross_class_oracle,0.3,2,FAA-Hybrid-as1.0-lp0.1-ln0.5,faa_hybrid,GCN,0.655,0.6412222262287198,0.634,0.46938775510204084,0.4068224889450411,0.4358714043993232,0.19997084973036006,0.6230869889259338,0.6808161735534668,13722,10978,1.3502438068389893,0.1,0.5,0.3,1.0,0.0,0.0,,,
Cora,cross_class_oracle,0.3,2,FAA-Hybrid-as1.0-lp0.25-ln0.25,faa_hybrid,GCN,0.657,0.6419450416743306,0.642,0.5138483965014577,0.44535691724573595,0.4771573604060914,0.19997084973036006,0.6230869889259338,0.6890143752098083,13722,10978,1.3331019878387451,0.25,0.25,0.3,1.0,0.0,0.0,,,
Cora,cross_class_oracle,0.3,2,FAA-Hybrid-as2.0-lp0.1-ln0.5,faa_hybrid,GCN,0.646,0.6331342615578288,0.624,0.4511661807580175,0.3910296904611497,0.4189509306260575,0.19997084973036006,0.6230869889259338,0.6788121461868286,13722,10978,1.3344759941101074,0.1,0.5,0.3,2.0,0.0,0.0,,,
Cora,cross_class_oracle,0.3,2,FAA-Hybrid-as2.0-lp0.25-ln0.25,faa_hybrid,GCN,0.667,0.6509073401076277,0.636,0.5131195335276968,0.44472520530638027,0.4764805414551607,0.19997084973036006,0.6230869889259338,0.6897431015968323,13722,10978,1.3324782848358154,0.25,0.25,0.3,2.0,0.0,0.0,,,
Cora,cross_class_oracle,0.3,2,FAA-Hybrid-as3.0-lp0.1-ln0.5,faa_hybrid,GCN,0.664,0.6465063997147557,0.638,0.44387755102040816,0.38471257106759316,0.4121827411167513,0.19997084973036006,0.6230869889259338,0.6768081188201904,13722,10978,1.401782751083374,0.1,0.5,0.3,3.0,0.0,0.0,,,
Cora,cross_class_oracle,0.3,2,FAA-Hybrid-as3.0-lp0.25-ln0.25,faa_hybrid,GCN,0.665,0.6482394349508355,0.658,0.5225947521865889,0.45293746051800376,0.4852791878172588,0.19997084973036006,0.6230869889259338,0.692293643951416,13722,10978,1.3502333164215088,0.25,0.25,0.3,3.0,0.0,0.0,,,
Cora,cross_class_oracle,0.3,2,MCGC-cw0.5-lp0.1-ln0.5,mcgc,GCN,0.638,0.6238454744205739,0.62,0.35787172011661805,0.31017056222362605,0.33231810490693736,0.19997084973036006,0.6230869889259338,0.6602295637130737,13722,10978,2.3770642280578613,0.1,0.5,0.3,,,,0.5,"[0.3, 0.5, 0.7, 0.9]",200.0
Cora,cross_class_oracle,0.3,2,MCGC-cw0.5-lp0.25-ln0.25,mcgc,GCN,0.658,0.6448885977609405,0.634,0.49271137026239065,0.42703727100442196,0.4575296108291032,0.19997084973036006,0.6230869889259338,0.6871925592422485,13722,10978,2.2561957836151123,0.25,0.25,0.3,,,,0.5,"[0.3, 0.5, 0.7, 0.9]",200.0
Cora,cross_class_oracle,0.3,2,MCGC-cw1.0-lp0.1-ln0.5,mcgc,GCN,0.623,0.6105080242624875,0.61,0.32653061224489793,0.2830069488313329,0.3032148900169205,0.19997084973036006,0.6230869889259338,0.6553106307983398,13722,10978,2.273707389831543,0.1,0.5,0.3,,,,1.0,"[0.3, 0.5, 0.7, 0.9]",200.0
Cora,cross_class_oracle,0.3,2,MCGC-cw1.0-lp0.25-ln0.25,mcgc,GCN,0.658,0.6395205185431507,0.638,0.4934402332361516,0.42766898294377764,0.45820642978003384,0.19997084973036006,0.6230869889259338,0.6870103478431702,13722,10978,2.1553332805633545,0.25,0.25,0.3,,,,1.0,"[0.3, 0.5, 0.7, 0.9]",200.0
Cora,cross_class_oracle,0.3,2,MCGC-cw2.0-lp0.1-ln0.5,mcgc,GCN,0.656,0.6479255887267215,0.626,0.3622448979591837,0.3139608338597599,0.3363790186125212,0.19997084973036006,0.6230869889259338,0.6622335314750671,13722,10978,2.585883140563965,0.1,0.5,0.3,,,,2.0,"[0.3, 0.5, 0.7, 0.9]",200.0
Cora,cross_class_oracle,0.3,2,MCGC-cw2.0-lp0.25-ln0.25,mcgc,GCN,0.653,0.6363954969725565,0.632,0.48615160349854225,0.4213518635502211,0.45143824027072754,0.19997084973036006,0.6230869889259338,0.6842776536941528,13722,10978,2.15969181060791,0.25,0.25,0.3,,,,2.0,"[0.3, 0.5, 0.7, 0.9]",200.0
Cora,cross_class_oracle,0.3,2,MCGC-cw3.0-lp0.1-ln0.5,mcgc,GCN,0.655,0.6457004101920599,0.644,0.3622448979591837,0.3139608338597599,0.3363790186125212,0.19997084973036006,0.6230869889259338,0.6620513796806335,13722,10978,2.3778889179229736,0.1,0.5,0.3,,,,3.0,"[0.3, 0.5, 0.7, 0.9]",200.0
Cora,cross_class_oracle,0.3,2,MCGC-cw3.0-lp0.25-ln0.25,mcgc,GCN,0.658,0.6412673656673187,0.652,0.48833819241982507,0.4232469993682881,0.45346869712351945,0.19997084973036006,0.6230869889259338,0.6848241686820984,13722,10978,2.2294723987579346,0.25,0.25,0.3,,,,3.0,"[0.3, 0.5, 0.7, 0.9]",200.0
Cora,cross_class_oracle,0.3,2,Random-Matched,random_matched,GCN,0.611,0.6015182227142085,0.632,0.22813411078717202,0.19772583701831964,0.21184433164128597,0.19997084973036006,0.6230869889259338,0.6236108541488647,13722,10978,1.0849716663360596,,,,,,,,,
CiteSeer,feature_similar_cross_class,0.3,0,Feature-only,feature_only,GCN,0.553,0.533075373167848,0.548,0.3474218089602705,0.3010989010989011,0.3226059654631083,0.19993239817475073,0.5658272504806519,0.6024503707885742,11834,9468,0.8085308074951172,,,,,,,,,
CiteSeer,feature_similar_cross_class,0.3,0,GraGE-Hybrid-FO-posneg-lp0.1-ln0.5,hybrid_baseline,GCN,0.538,0.5221411018400673,0.542,0.10059171597633136,0.08717948717948718,0.09340659340659341,0.19993239817475073,0.5658272504806519,0.5608364939689636,11834,9468,1.4697809219360352,0.1,0.5,0.3,,,,,,
CiteSeer,feature_similar_cross_class,0.3,0,FAA-Hybrid-as0.5-lp0.1-ln0.5,faa_hybrid,GCN,0.544,0.5257097232775575,0.546,0.32037193575655115,0.27765567765567767,0.29748822605965464,0.19993239817475073,0.5658272504806519,0.5967469215393066,11834,9468,1.3649952411651611,0.1,0.5,0.3,0.5,0.0,0.0,,,
CiteSeer,feature_similar_cross_class,0.3,0,FAA-Hybrid-as0.5-lp0.25-ln0.25,faa_hybrid,GCN,0.551,0.5346128228241156,0.55,0.34911242603550297,0.30256410256410254,0.32417582417582413,0.19993239817475073,0.5658272504806519,0.6016054153442383,11834,9468,1.459547758102417,0.25,0.25,0.3,0.5,0.0,0.0,,,
CiteSeer,feature_similar_cross_class,0.3,0,FAA-Hybrid-as1.0-lp0.1-ln0.5,faa_hybrid,GCN,0.541,0.5258508443483644,0.54,0.2958579881656805,0.2564102564102564,0.27472527472527475,0.19993239817475073,0.5658272504806519,0.5929446816444397,11834,9468,1.3297696113586426,0.1,0.5,0.3,1.0,0.0,0.0,,,
CiteSeer,feature_similar_cross_class,0.3,0,FAA-Hybrid-as1.0-lp0.25-ln0.25,faa_hybrid,GCN,0.542,0.5250688631658874,0.546,0.3533389687235841,0.30622710622710625,0.3281004709576138,0.19993239817475073,0.5658272504806519,0.6011829376220703,11834,9468,1.3814921379089355,0.25,0.25,0.3,1.0,0.0,0.0,,,
CiteSeer,feature_similar_cross_class,0.3,0,FAA-Hybrid-as2.0-lp0.1-ln0.5,faa_hybrid,GCN,0.541,0.5229320638444608,0.546,0.23922231614539308,0.20732600732600734,0.22213500784929358,0.19993239817475073,0.5658272504806519,0.5838614106178284,11834,9468,1.4173307418823242,0.1,0.5,0.3,2.0,0.0,0.0,,,
CiteSeer,feature_similar_cross_class,0.3,0,FAA-Hybrid-as2.0-lp0.25-ln0.25,faa_hybrid,GCN,0.557,0.5385176575568192,0.568,0.3474218089602705,0.3010989010989011,0.3226059654631083,0.19993239817475073,0.5658272504806519,0.5994930267333984,11834,9468,1.4159953594207764,0.25,0.25,0.3,2.0,0.0,0.0,,,
CiteSeer,feature_similar_cross_class,0.3,0,FAA-Hybrid-as3.0-lp0.1-ln0.5,faa_hybrid,GCN,0.548,0.5307996757013249,0.55,0.17582417582417584,0.1523809523809524,0.16326530612244897,0.19993239817475073,0.5658272504806519,0.572877049446106,11834,9468,1.478562593460083,0.1,0.5,0.3,3.0,0.0,0.0,,,
CiteSeer,feature_similar_cross_class,0.3,0,FAA-Hybrid-as3.0-lp0.25-ln0.25,faa_hybrid,GCN,0.559,0.5393438948562005,0.544,0.3431952662721893,0.29743589743589743,0.31868131868131866,0.19993239817475073,0.5658272504806519,0.5982255935668945,11834,9468,1.4821350574493408,0.25,0.25,0.3,3.0,0.0,0.0,,,
CiteSeer,feature_similar_cross_class,0.3,0,MCGC-cw0.5-lp0.1-ln0.5,mcgc,GCN,0.552,0.5347781659575047,0.536,0.12256973795435334,0.10622710622710622,0.11381475667189953,0.19993239817475073,0.5658272504806519,0.5640050768852234,11834,9468,2.1664516925811768,0.1,0.5,0.3,,,,0.5,"[0.3, 0.5, 0.7, 0.9]",200.0
CiteSeer,feature_similar_cross_class,0.3,0,MCGC-cw0.5-lp0.25-ln0.25,mcgc,GCN,0.567,0.5479336867597019,0.562,0.31022823330515636,0.26886446886446885,0.28806907378335944,0.19993239817475073,0.5658272504806519,0.5956907272338867,11834,9468,2.1015541553497314,0.25,0.25,0.3,,,,0.5,"[0.3, 0.5, 0.7, 0.9]",200.0
CiteSeer,feature_similar_cross_class,0.3,0,MCGC-cw1.0-lp0.1-ln0.5,mcgc,GCN,0.556,0.5403038530523764,0.544,0.13609467455621302,0.11794871794871795,0.12637362637362637,0.19993239817475073,0.5658272504806519,0.5671736598014832,11834,9468,2.1996207237243652,0.1,0.5,0.3,,,,1.0,"[0.3, 0.5, 0.7, 0.9]",200.0
CiteSeer,feature_similar_cross_class,0.3,0,MCGC-cw1.0-lp0.25-ln0.25,mcgc,GCN,0.563,0.5470073434171961,0.564,0.30177514792899407,0.26153846153846155,0.2802197802197802,0.19993239817475073,0.5658272504806519,0.5942121148109436,11834,9468,2.367065906524658,0.25,0.25,0.3,,,,1.0,"[0.3, 0.5, 0.7, 0.9]",200.0
CiteSeer,feature_similar_cross_class,0.3,0,MCGC-cw2.0-lp0.1-ln0.5,mcgc,GCN,0.551,0.5310208356160797,0.55,0.21301775147928995,0.18461538461538463,0.19780219780219782,0.19993239817475073,0.5658272504806519,0.5777355432510376,11834,9468,2.185364246368408,0.1,0.5,0.3,,,,2.0,"[0.3, 0.5, 0.7, 0.9]",200.0
CiteSeer,feature_similar_cross_class,0.3,0,MCGC-cw2.0-lp0.25-ln0.25,mcgc,GCN,0.561,0.5454192690953988,0.562,0.31952662721893493,0.27692307692307694,0.29670329670329676,0.19993239817475073,0.5658272504806519,0.5978031158447266,11834,9468,2.2579545974731445,0.25,0.25,0.3,,,,2.0,"[0.3, 0.5, 0.7, 0.9]",200.0
CiteSeer,feature_similar_cross_class,0.3,0,MCGC-cw3.0-lp0.1-ln0.5,mcgc,GCN,0.565,0.5449404578441358,0.536,0.2578191039729501,0.22344322344322345,0.23940345368916796,0.19993239817475073,0.5658272504806519,0.5842838883399963,11834,9468,2.119154214859009,0.1,0.5,0.3,,,,3.0,"[0.3, 0.5, 0.7, 0.9]",200.0
CiteSeer,feature_similar_cross_class,0.3,0,MCGC-cw3.0-lp0.25-ln0.25,mcgc,GCN,0.551,0.534909459324184,0.548,0.30853761622992393,0.2673992673992674,0.28649921507064363,0.19993239817475073,0.5658272504806519,0.5948458313941956,11834,9468,2.168978214263916,0.25,0.25,0.3,,,,3.0,"[0.3, 0.5, 0.7, 0.9]",200.0
CiteSeer,feature_similar_cross_class,0.3,0,Random-Matched,random_matched,GCN,0.556,0.5375341636822164,0.548,0.23076923076923078,0.2,0.21428571428571427,0.19993239817475073,0.5658272504806519,0.5656949877738953,11834,9468,0.9988570213317871,,,,,,,,,
CiteSeer,feature_similar_cross_class,0.3,1,Feature-only,feature_only,GCN,0.561,0.5416276166305156,0.554,0.3423499577345731,0.2967032967032967,0.3178963893249608,0.19993239817475073,0.5658272504806519,0.6016054153442383,11834,9468,0.9237022399902344,,,,,,,,,
CiteSeer,feature_similar_cross_class,0.3,1,GraGE-Hybrid-FO-posneg-lp0.1-ln0.5,hybrid_baseline,GCN,0.55,0.5295591026371904,0.542,0.11496196111580727,0.09963369963369964,0.10675039246467818,0.19993239817475073,0.5658272504806519,0.5644275546073914,11834,9468,1.5163753032684326,0.1,0.5,0.3,,,,,,
CiteSeer,feature_similar_cross_class,0.3,1,FAA-Hybrid-as0.5-lp0.1-ln0.5,faa_hybrid,GCN,0.562,0.5447709665884924,0.56,0.31952662721893493,0.27692307692307694,0.29670329670329676,0.19993239817475073,0.5658272504806519,0.5969581604003906,11834,9468,1.5436348915100098,0.1,0.5,0.3,0.5,0.0,0.0,,,
CiteSeer,feature_similar_cross_class,0.3,1,FAA-Hybrid-as0.5-lp0.25-ln0.25,faa_hybrid,GCN,0.569,0.5499744875325615,0.556,0.3558748943364328,0.30842490842490844,0.33045525902668765,0.19993239817475073,0.5658272504806519,0.6039290428161621,11834,9468,1.4253034591674805,0.25,0.25,0.3,0.5,0.0,0.0,,,
CiteSeer,feature_similar_cross_class,0.3,1,FAA-Hybrid-as1.0-lp0.1-ln0.5,faa_hybrid,GCN,0.565,0.5469471138347394,0.552,0.29501267962806427,0.25567765567765566,0.27394034536891676,0.19993239817475073,0.5658272504806519,0.5929446816444397,11834,9468,1.5471978187561035,0.1,0.5,0.3,1.0,0.0,0.0,,,
CiteSeer,feature_similar_cross_class,0.3,1,FAA-Hybrid-as1.0-lp0.25-ln0.25,faa_hybrid,GCN,0.566,0.5468042767698412,0.566,0.3693998309382925,0.3201465201465201,0.34301412872841447,0.19993239817475073,0.5658272504806519,0.6062526702880859,11834,9468,1.6385912895202637,0.25,0.25,0.3,1.0,0.0,0.0,,,
CiteSeer,feature_similar_cross_class,0.3,1,FAA-Hybrid-as2.0-lp0.1-ln0.5,faa_hybrid,GCN,0.554,0.5374653508358976,0.558,0.25274725274725274,0.21904761904761905,0.23469387755102042,0.19993239817475073,0.5658272504806519,0.5857625603675842,11834,9468,1.5715265274047852,0.1,0.5,0.3,2.0,0.0,0.0,,,
CiteSeer,feature_similar_cross_class,0.3,1,FAA-Hybrid-as2.0-lp0.25-ln0.25,faa_hybrid,GCN,0.567,0.5499306267660157,0.562,0.389687235841082,0.33772893772893775,0.36185243328100475,0.19993239817475073,0.5658272504806519,0.6100549101829529,11834,9468,1.4327023029327393,0.25,0.25,0.3,2.0,0.0,0.0,,,
CiteSeer,feature_similar_cross_class,0.3,1,FAA-Hybrid-as3.0-lp0.1-ln0.5,faa_hybrid,GCN,0.55,0.5321077345954333,0.55,0.2028740490278952,0.17582417582417584,0.18838304552590265,0.19993239817475073,0.5658272504806519,0.5796366930007935,11834,9468,1.4943811893463135,0.1,0.5,0.3,3.0,0.0,0.0,,,
CiteSeer,feature_similar_cross_class,0.3,1,FAA-Hybrid-as3.0-lp0.25-ln0.25,faa_hybrid,GCN,0.566,0.5485632928940424,0.582,0.4091293322062553,0.3545787545787546,0.37990580847723704,0.19993239817475073,0.5658272504806519,0.6136459708213806,11834,9468,1.3798792362213135,0.25,0.25,0.3,3.0,0.0,0.0,,,
CiteSeer,feature_similar_cross_class,0.3,1,MCGC-cw0.5-lp0.1-ln0.5,mcgc,GCN,0.557,0.5347308011863984,0.554,0.12172442941673711,0.1054945054945055,0.1130298273155416,0.19993239817475073,0.5658272504806519,0.5675961375236511,11834,9468,2.246347188949585,0.1,0.5,0.3,,,,0.5,"[0.3, 0.5, 0.7, 0.9]",200.0
CiteSeer,feature_similar_cross_class,0.3,1,MCGC-cw0.5-lp0.25-ln0.25,mcgc,GCN,0.558,0.5405811042352682,0.564,0.3338968723584108,0.2893772893772894,0.31004709576138145,0.19993239817475073,0.5658272504806519,0.6009716987609863,11834,9468,2.147814989089966,0.25,0.25,0.3,,,,0.5,"[0.3, 0.5, 0.7, 0.9]",200.0
CiteSeer,feature_similar_cross_class,0.3,1,MCGC-cw1.0-lp0.1-ln0.5,mcgc,GCN,0.554,0.5333384297025844,0.552,0.1293322062552832,0.11208791208791209,0.12009419152276297,0.19993239817475073,0.5658272504806519,0.5680186152458191,11834,9468,2.1772890090942383,0.1,0.5,0.3,,,,1.0,"[0.3, 0.5, 0.7, 0.9]",200.0
CiteSeer,feature_similar_cross_class,0.3,1,MCGC-cw1.0-lp0.25-ln0.25,mcgc,GCN,0.577,0.5575621816098817,0.56,0.3254437869822485,0.28205128205128205,0.3021978021978022,0.19993239817475073,0.5658272504806519,0.6003379821777344,11834,9468,2.2938828468322754,0.25,0.25,0.3,,,,1.0,"[0.3, 0.5, 0.7, 0.9]",200.0
CiteSeer,feature_similar_cross_class,0.3,1,MCGC-cw2.0-lp0.1-ln0.5,mcgc,GCN,0.561,0.5428261548836887,0.558,0.1952662721893491,0.16923076923076924,0.1813186813186813,0.19993239817475073,0.5658272504806519,0.5800591707229614,11834,9468,2.2567124366760254,0.1,0.5,0.3,,,,2.0,"[0.3, 0.5, 0.7, 0.9]",200.0
CiteSeer,feature_similar_cross_class,0.3,1,MCGC-cw2.0-lp0.25-ln0.25,mcgc,GCN,0.565,0.547341127230469,0.564,0.33136094674556216,0.28717948717948716,0.30769230769230765,0.19993239817475073,0.5658272504806519,0.6005492210388184,11834,9468,2.1746914386749268,0.25,0.25,0.3,,,,2.0,"[0.3, 0.5, 0.7, 0.9]",200.0
CiteSeer,feature_similar_cross_class,0.3,1,MCGC-cw3.0-lp0.1-ln0.5,mcgc,GCN,0.57,0.548818848182513,0.56,0.24344885883347422,0.210989010989011,0.2260596546310832,0.19993239817475073,0.5658272504806519,0.5855513215065002,11834,9468,2.301240921020508,0.1,0.5,0.3,,,,3.0,"[0.3, 0.5, 0.7, 0.9]",200.0
CiteSeer,feature_similar_cross_class,0.3,1,MCGC-cw3.0-lp0.25-ln0.25,mcgc,GCN,0.56,0.5436202711891803,0.554,0.32628909551986474,0.2827838827838828,0.3029827315541601,0.19993239817475073,0.5658272504806519,0.5990705490112305,11834,9468,2.370882749557495,0.25,0.25,0.3,,,,3.0,"[0.3, 0.5, 0.7, 0.9]",200.0
CiteSeer,feature_similar_cross_class,0.3,1,Random-Matched,random_matched,GCN,0.544,0.5229675446266416,0.55,0.2256973795435334,0.1956043956043956,0.20957613814756673,0.19993239817475073,0.5658272504806519,0.5656949877738953,11834,9468,0.8230760097503662,,,,,,,,,
CiteSeer,feature_similar_cross_class,0.3,2,Feature-only,feature_only,GCN,0.554,0.5340266471131884,0.592,0.3474218089602705,0.3010989010989011,0.3226059654631083,0.19993239817475073,0.5658272504806519,0.6024503707885742,11834,9468,1.0411863327026367,,,,,,,,,
CiteSeer,feature_similar_cross_class,0.3,2,GraGE-Hybrid-FO-posneg-lp0.1-ln0.5,hybrid_baseline,GCN,0.531,0.5176965500358581,0.542,0.11665257819103973,0.1010989010989011,0.10832025117739404,0.19993239817475073,0.5658272504806519,0.5652725100517273,11834,9468,1.5614886283874512,0.1,0.5,0.3,,,,,,
CiteSeer,feature_similar_cross_class,0.3,2,FAA-Hybrid-as0.5-lp0.1-ln0.5,faa_hybrid,GCN,0.552,0.533941080802295,0.576,0.3237531699070161,0.2805860805860806,0.30062794348508637,0.19993239817475073,0.5658272504806519,0.5978031158447266,11834,9468,1.6469123363494873,0.1,0.5,0.3,0.5,0.0,0.0,,,
CiteSeer,feature_similar_cross_class,0.3,2,FAA-Hybrid-as0.5-lp0.25-ln0.25,faa_hybrid,GCN,0.559,0.5402480307030012,0.584,0.3524936601859679,0.3054945054945055,0.3273155416012559,0.19993239817475073,0.5658272504806519,0.6028728485107422,11834,9468,1.7400057315826416,0.25,0.25,0.3,0.5,0.0,0.0,,,
CiteSeer,feature_similar_cross_class,0.3,2,FAA-Hybrid-as1.0-lp0.1-ln0.5,faa_hybrid,GCN,0.556,0.5360910984830377,0.586,0.30008453085376163,0.2600732600732601,0.2786499215070644,0.19993239817475073,0.5658272504806519,0.5944233536720276,11834,9468,1.6686582565307617,0.1,0.5,0.3,1.0,0.0,0.0,,,
CiteSeer,feature_similar_cross_class,0.3,2,FAA-Hybrid-as1.0-lp0.25-ln0.25,faa_hybrid,GCN,0.562,0.5421632005986372,0.59,0.35672020287404904,0.30915750915750917,0.33124018838304553,0.19993239817475073,0.5658272504806519,0.6026616096496582,11834,9468,1.6606788635253906,0.25,0.25,0.3,1.0,0.0,0.0,,,
CiteSeer,feature_similar_cross_class,0.3,2,FAA-Hybrid-as2.0-lp0.1-ln0.5,faa_hybrid,GCN,0.545,0.5292507782516288,0.574,0.25528317836010145,0.22124542124542124,0.2370486656200942,0.19993239817475073,0.5658272504806519,0.5874524712562561,11834,9468,1.7806053161621094,0.1,0.5,0.3,2.0,0.0,0.0,,,
CiteSeer,feature_similar_cross_class,0.3,2,FAA-Hybrid-as2.0-lp0.25-ln0.25,faa_hybrid,GCN,0.555,0.5348780386059091,0.588,0.3626373626373626,0.3142857142857143,0.33673469387755095,0.19993239817475073,0.5658272504806519,0.6045627593994141,11834,9468,1.6987872123718262,0.25,0.25,0.3,2.0,0.0,0.0,,,
CiteSeer,feature_similar_cross_class,0.3,2,FAA-Hybrid-as3.0-lp0.1-ln0.5,faa_hybrid,GCN,0.55,0.5302786445889937,0.568,0.19103972950126796,0.16556776556776556,0.17739403453689168,0.19993239817475073,0.5658272504806519,0.5768905878067017,11834,9468,1.7711436748504639,0.1,0.5,0.3,3.0,0.0,0.0,,,
CiteSeer,feature_similar_cross_class,0.3,2,FAA-Hybrid-as3.0-lp0.25-ln0.25,faa_hybrid,GCN,0.559,0.5424372640140669,0.592,0.36348267117497884,0.315018315018315,0.33751962323390894,0.19993239817475073,0.5658272504806519,0.6037178039550781,11834,9468,1.7463963031768799,0.25,0.25,0.3,3.0,0.0,0.0,,,
CiteSeer,feature_similar_cross_class,0.3,2,MCGC-cw0.5-lp0.1-ln0.5,mcgc,GCN,0.557,0.5387311246641872,0.558,0.12256973795435334,0.10622710622710622,0.11381475667189953,0.19993239817475073,0.5658272504806519,0.5654837489128113,11834,9468,2.3798534870147705,0.1,0.5,0.3,,,,0.5,"[0.3, 0.5, 0.7, 0.9]",200.0
CiteSeer,feature_similar_cross_class,0.3,2,MCGC-cw0.5-lp0.25-ln0.25,mcgc,GCN,0.548,0.5296340366836868,0.61,0.3060016906170752,0.2652014652014652,0.28414442700156983,0.19993239817475073,0.5658272504806519,0.5946345925331116,11834,9468,2.5265820026397705,0.25,0.25,0.3,,,,0.5,"[0.3, 0.5, 0.7, 0.9]",200.0
CiteSeer,feature_similar_cross_class,0.3,2,MCGC-cw1.0-lp0.1-ln0.5,mcgc,GCN,0.554,0.5372904729046295,0.564,0.1352493660185968,0.11721611721611722,0.12558869701726846,0.19993239817475073,0.5658272504806519,0.5671736598014832,11834,9468,2.5307435989379883,0.1,0.5,0.3,,,,1.0,"[0.3, 0.5, 0.7, 0.9]",200.0
CiteSeer,feature_similar_cross_class,0.3,2,MCGC-cw1.0-lp0.25-ln0.25,mcgc,GCN,0.566,0.5456629284969962,0.588,0.3043110735418428,0.26373626373626374,0.282574568288854,0.19993239817475073,0.5658272504806519,0.5948458313941956,11834,9468,2.3711671829223633,0.25,0.25,0.3,,,,1.0,"[0.3, 0.5, 0.7, 0.9]",200.0
CiteSeer,feature_similar_cross_class,0.3,2,MCGC-cw2.0-lp0.1-ln0.5,mcgc,GCN,0.56,0.5400355753472257,0.57,0.19695688926458157,0.1706959706959707,0.18288854003139718,0.19993239817475073,0.5658272504806519,0.5766793489456177,11834,9468,2.5112385749816895,0.1,0.5,0.3,,,,2.0,"[0.3, 0.5, 0.7, 0.9]",200.0
CiteSeer,feature_similar_cross_class,0.3,2,MCGC-cw2.0-lp0.25-ln0.25,mcgc,GCN,0.579,0.5567649006605547,0.596,0.3060016906170752,0.2652014652014652,0.28414442700156983,0.19993239817475073,0.5658272504806519,0.5963244438171387,11834,9468,2.600675582885742,0.25,0.25,0.3,,,,2.0,"[0.3, 0.5, 0.7, 0.9]",200.0
CiteSeer,feature_similar_cross_class,0.3,2,MCGC-cw3.0-lp0.1-ln0.5,mcgc,GCN,0.547,0.5291235243289025,0.562,0.24344885883347422,0.210989010989011,0.2260596546310832,0.19993239817475073,0.5658272504806519,0.5842838883399963,11834,9468,2.5654964447021484,0.1,0.5,0.3,,,,3.0,"[0.3, 0.5, 0.7, 0.9]",200.0
CiteSeer,feature_similar_cross_class,0.3,2,MCGC-cw3.0-lp0.25-ln0.25,mcgc,GCN,0.579,0.5588119668647945,0.584,0.30008453085376163,0.2600732600732601,0.2786499215070644,0.19993239817475073,0.5658272504806519,0.5950570702552795,11834,9468,2.4184014797210693,0.25,0.25,0.3,,,,3.0,"[0.3, 0.5, 0.7, 0.9]",200.0
CiteSeer,feature_similar_cross_class,0.3,2,Random-Matched,random_matched,GCN,0.544,0.5229045705404278,0.562,0.23245984784446322,0.20146520146520147,0.21585557299843014,0.19993239817475073,0.5658272504806519,0.5654837489128113,11834,9468,1.0762932300567627,,,,,,,,,
CiteSeer,cross_class_oracle,0.3,0,Feature-only,feature_only,GCN,0.593,0.5726329281940769,0.596,0.6762468300929839,0.5860805860805861,0.6279434850863422,0.19993239817475073,0.5658272504806519,0.66075199842453,11834,9468,1.1337354183197021,,,,,,,,,
CiteSeer,cross_class_oracle,0.3,0,GraGE-Hybrid-FO-posneg-lp0.1-ln0.5,hybrid_baseline,GCN,0.568,0.5452861387474933,0.58,0.42011834319526625,0.3641025641025641,0.3901098901098901,0.19993239817475073,0.5658272504806519,0.6168145537376404,11834,9468,1.5162675380706787,0.1,0.5,0.3,,,,,,
CiteSeer,cross_class_oracle,0.3,0,FAA-Hybrid-as0.5-lp0.1-ln0.5,faa_hybrid,GCN,0.598,0.5758681455886844,0.602,0.6525781910397295,0.5655677655677656,0.6059654631083202,0.19993239817475073,0.5658272504806519,0.6569497585296631,11834,9468,1.5067131519317627,0.1,0.5,0.3,0.5,0.0,0.0,,,
CiteSeer,cross_class_oracle,0.3,0,FAA-Hybrid-as0.5-lp0.25-ln0.25,faa_hybrid,GCN,0.588,0.5658441809000166,0.604,0.6770921386306001,0.5868131868131868,0.6287284144427002,0.19993239817475073,0.5658272504806519,0.6599070429801941,11834,9468,1.6630067825317383,0.25,0.25,0.3,0.5,0.0,0.0,,,
CiteSeer,cross_class_oracle,0.3,0,FAA-Hybrid-as1.0-lp0.1-ln0.5,faa_hybrid,GCN,0.59,0.5682899979503738,0.598,0.6246830092983939,0.5413919413919414,0.5800627943485085,0.19993239817475073,0.5658272504806519,0.6520912647247314,11834,9468,1.5660617351531982,0.1,0.5,0.3,1.0,0.0,0.0,,,
CiteSeer,cross_class_oracle,0.3,0,FAA-Hybrid-as1.0-lp0.25-ln0.25,faa_hybrid,GCN,0.598,0.5762075212962181,0.598,0.6813186813186813,0.5904761904761905,0.6326530612244898,0.19993239817475073,0.5658272504806519,0.6592733263969421,11834,9468,1.3526768684387207,0.25,0.25,0.3,1.0,0.0,0.0,,,
CiteSeer,cross_class_oracle,0.3,0,FAA-Hybrid-as2.0-lp0.1-ln0.5,faa_hybrid,GCN,0.573,0.5481655114106818,0.59,0.5604395604395604,0.4857142857142857,0.520408163265306,0.19993239817475073,0.5658272504806519,0.6392057538032532,11834,9468,1.5351135730743408,0.1,0.5,0.3,2.0,0.0,0.0,,,
CiteSeer,cross_class_oracle,0.3,0,FAA-Hybrid-as2.0-lp0.25-ln0.25,faa_hybrid,GCN,0.605,0.5794738049402103,0.61,0.672865595942519,0.5831501831501832,0.6248037676609106,0.19993239817475073,0.5658272504806519,0.6554710865020752,11834,9468,1.4833626747131348,0.25,0.25,0.3,2.0,0.0,0.0,,,
CiteSeer,cross_class_oracle,0.3,0,FAA-Hybrid-as3.0-lp0.1-ln0.5,faa_hybrid,GCN,0.571,0.5481947416647818,0.602,0.5029585798816568,0.4358974358974359,0.46703296703296704,0.19993239817475073,0.5658272504806519,0.6284326314926147,11834,9468,1.4864311218261719,0.1,0.5,0.3,3.0,0.0,0.0,,,
CiteSeer,cross_class_oracle,0.3,0,FAA-Hybrid-as3.0-lp0.25-ln0.25,faa_hybrid,GCN,0.599,0.5752169246442084,0.61,0.6576500422654269,0.5699633699633699,0.6106750392464678,0.19993239817475073,0.5658272504806519,0.6508238315582275,11834,9468,1.4218955039978027,0.25,0.25,0.3,3.0,0.0,0.0,,,
CiteSeer,cross_class_oracle,0.3,0,MCGC-cw0.5-lp0.1-ln0.5,mcgc,GCN,0.558,0.5380997953733474,0.6,0.4099746407438715,0.3553113553113553,0.380690737833595,0.19993239817475073,0.5658272504806519,0.6128010153770447,11834,9468,2.2977352142333984,0.1,0.5,0.3,,,,0.5,"[0.3, 0.5, 0.7, 0.9]",200.0
CiteSeer,cross_class_oracle,0.3,0,MCGC-cw0.5-lp0.25-ln0.25,mcgc,GCN,0.568,0.5435123179036322,0.604,0.6094674556213018,0.5282051282051282,0.5659340659340659,0.19993239817475073,0.5658272504806519,0.6432192921638489,11834,9468,2.2088875770568848,0.25,0.25,0.3,,,,0.5,"[0.3, 0.5, 0.7, 0.9]",200.0
CiteSeer,cross_class_oracle,0.3,0,MCGC-cw1.0-lp0.1-ln0.5,mcgc,GCN,0.561,0.5393535006325212,0.58,0.32628909551986474,0.2827838827838828,0.3029827315541601,0.19993239817475073,0.5658272504806519,0.5973806381225586,11834,9468,2.134359121322632,0.1,0.5,0.3,,,,1.0,"[0.3, 0.5, 0.7, 0.9]",200.0
CiteSeer,cross_class_oracle,0.3,0,MCGC-cw1.0-lp0.25-ln0.25,mcgc,GCN,0.572,0.5488636589842895,0.6,0.6069315300084531,0.526007326007326,0.5635792778649922,0.19993239817475073,0.5658272504806519,0.6438530087471008,11834,9468,2.2812139987945557,0.25,0.25,0.3,,,,1.0,"[0.3, 0.5, 0.7, 0.9]",200.0
CiteSeer,cross_class_oracle,0.3,0,MCGC-cw2.0-lp0.1-ln0.5,mcgc,GCN,0.569,0.5470981752580402,0.584,0.3364327979712595,0.2915750915750916,0.3124018838304553,0.19993239817475073,0.5658272504806519,0.5982255935668945,11834,9468,2.3648664951324463,0.1,0.5,0.3,,,,2.0,"[0.3, 0.5, 0.7, 0.9]",200.0
CiteSeer,cross_class_oracle,0.3,0,MCGC-cw2.0-lp0.25-ln0.25,mcgc,GCN,0.576,0.552903347287021,0.598,0.6111580726965342,0.5296703296703297,0.5675039246467818,0.19993239817475073,0.5658272504806519,0.6476552486419678,11834,9468,2.160745620727539,0.25,0.25,0.3,,,,2.0,"[0.3, 0.5, 0.7, 0.9]",200.0
CiteSeer,cross_class_oracle,0.3,0,MCGC-cw3.0-lp0.1-ln0.5,mcgc,GCN,0.564,0.5413308209817224,0.584,0.35418427726120033,0.306959706959707,0.3288854003139718,0.19993239817475073,0.5658272504806519,0.5982255935668945,11834,9468,2.2896695137023926,0.1,0.5,0.3,,,,3.0,"[0.3, 0.5, 0.7, 0.9]",200.0
CiteSeer,cross_class_oracle,0.3,0,MCGC-cw3.0-lp0.25-ln0.25,mcgc,GCN,0.572,0.55122687380496,0.59,0.6001690617075233,0.5201465201465202,0.5572998430141288,0.19993239817475073,0.5658272504806519,0.6461765766143799,11834,9468,2.3684499263763428,0.25,0.25,0.3,,,,3.0,"[0.3, 0.5, 0.7, 0.9]",200.0
CiteSeer,cross_class_oracle,0.3,0,Random-Matched,random_matched,GCN,0.557,0.5315199320018588,0.578,0.23076923076923078,0.2,0.21428571428571427,0.19993239817475073,0.5658272504806519,0.5656949877738953,11834,9468,1.1301863193511963,,,,,,,,,
CiteSeer,cross_class_oracle,0.3,1,Feature-only,feature_only,GCN,0.631,0.6057494616971802,0.626,0.6830092983939138,0.591941391941392,0.6342229199372056,0.19993239817475073,0.5658272504806519,0.661596953868866,11834,9468,0.9326980113983154,,,,,,,,,
CiteSeer,cross_class_oracle,0.3,1,GraGE-Hybrid-FO-posneg-lp0.1-ln0.5,hybrid_baseline,GCN,0.578,0.5577769191255739,0.584,0.4260355029585799,0.36923076923076925,0.39560439560439564,0.19993239817475073,0.5658272504806519,0.6170257925987244,11834,9468,1.328674077987671,0.1,0.5,0.3,,,,,,
CiteSeer,cross_class_oracle,0.3,1,FAA-Hybrid-as0.5-lp0.1-ln0.5,faa_hybrid,GCN,0.62,0.5918916675767371,0.618,0.6635672020287405,0.575091575091575,0.6161695447409733,0.19993239817475073,0.5658272504806519,0.658005952835083,11834,9468,1.4396586418151855,0.1,0.5,0.3,0.5,0.0,0.0,,,
CiteSeer,cross_class_oracle,0.3,1,FAA-Hybrid-as0.5-lp0.25-ln0.25,faa_hybrid,GCN,0.627,0.6006065630587516,0.628,0.6965342349957735,0.6036630036630036,0.6467817896389325,0.19993239817475073,0.5658272504806519,0.6630756258964539,11834,9468,1.42600417137146,0.25,0.25,0.3,0.5,0.0,0.0,,,
CiteSeer,cross_class_oracle,0.3,1,FAA-Hybrid-as1.0-lp0.1-ln0.5,faa_hybrid,GCN,0.632,0.6052751079206411,0.628,0.6365173288250211,0.5516483516483517,0.5910518053375196,0.19993239817475073,0.5658272504806519,0.6535699367523193,11834,9468,1.474660873413086,0.1,0.5,0.3,1.0,0.0,0.0,,,
CiteSeer,cross_class_oracle,0.3,1,FAA-Hybrid-as1.0-lp0.25-ln0.25,faa_hybrid,GCN,0.632,0.6067131217294245,0.622,0.702451394759087,0.6087912087912087,0.652276295133438,0.19993239817475073,0.5658272504806519,0.6628643870353699,11834,9468,1.5567331314086914,0.25,0.25,0.3,1.0,0.0,0.0,,,
CiteSeer,cross_class_oracle,0.3,1,FAA-Hybrid-as2.0-lp0.1-ln0.5,faa_hybrid,GCN,0.612,0.5891983831411977,0.616,0.5748098055790364,0.4981684981684982,0.5337519623233908,0.19993239817475073,0.5658272504806519,0.6430080533027649,11834,9468,1.4693334102630615,0.1,0.5,0.3,2.0,0.0,0.0,,,
CiteSeer,cross_class_oracle,0.3,1,FAA-Hybrid-as2.0-lp0.25-ln0.25,faa_hybrid,GCN,0.63,0.6058868502150038,0.628,0.7176669484361792,0.621978021978022,0.6664050235478806,0.19993239817475073,0.5658272504806519,0.6651880145072937,11834,9468,1.4201416969299316,0.25,0.25,0.3,2.0,0.0,0.0,,,
CiteSeer,cross_class_oracle,0.3,1,FAA-Hybrid-as3.0-lp0.1-ln0.5,faa_hybrid,GCN,0.614,0.5873596751462111,0.604,0.5215553677092138,0.452014652014652,0.4843014128728414,0.19993239817475073,0.5658272504806519,0.6339247822761536,11834,9468,1.387587547302246,0.1,0.5,0.3,3.0,0.0,0.0,,,
CiteSeer,cross_class_oracle,0.3,1,FAA-Hybrid-as3.0-lp0.25-ln0.25,faa_hybrid,GCN,0.615,0.5890014833281413,0.62,0.7311918850380389,0.6336996336996337,0.6789638932496076,0.19993239817475073,0.5658272504806519,0.6662442088127136,11834,9468,1.570587158203125,0.25,0.25,0.3,3.0,0.0,0.0,,,
CiteSeer,cross_class_oracle,0.3,1,MCGC-cw0.5-lp0.1-ln0.5,mcgc,GCN,0.585,0.5608938144276278,0.588,0.40490278951817416,0.3509157509157509,0.3759811616954474,0.19993239817475073,0.5658272504806519,0.6138572096824646,11834,9468,2.139279365539551,0.1,0.5,0.3,,,,0.5,"[0.3, 0.5, 0.7, 0.9]",200.0
CiteSeer,cross_class_oracle,0.3,1,MCGC-cw0.5-lp0.25-ln0.25,mcgc,GCN,0.627,0.6028264809600351,0.63,0.6339814032121724,0.5494505494505495,0.5886970172684458,0.19993239817475073,0.5658272504806519,0.6491339206695557,11834,9468,2.2253518104553223,0.25,0.25,0.3,,,,0.5,"[0.3, 0.5, 0.7, 0.9]",200.0
CiteSeer,cross_class_oracle,0.3,1,MCGC-cw1.0-lp0.1-ln0.5,mcgc,GCN,0.594,0.5759238614985664,0.568,0.33136094674556216,0.28717948717948716,0.30769230769230765,0.19993239817475073,0.5658272504806519,0.5999155044555664,11834,9468,2.1742043495178223,0.1,0.5,0.3,,,,1.0,"[0.3, 0.5, 0.7, 0.9]",200.0
CiteSeer,cross_class_oracle,0.3,1,MCGC-cw1.0-lp0.25-ln0.25,mcgc,GCN,0.625,0.5983010151601572,0.604,0.6475063398140322,0.5611721611721612,0.6012558869701727,0.19993239817475073,0.5658272504806519,0.6510350704193115,11834,9468,2.0690081119537354,0.25,0.25,0.3,,,,1.0,"[0.3, 0.5, 0.7, 0.9]",200.0
CiteSeer,cross_class_oracle,0.3,1,MCGC-cw2.0-lp0.1-ln0.5,mcgc,GCN,0.583,0.5639394568218612,0.578,0.2933220625528318,0.2542124542124542,0.27237048665620095,0.19993239817475073,0.5658272504806519,0.5925222039222717,11834,9468,4.059531927108765,0.1,0.5,0.3,,,,2.0,"[0.3, 0.5, 0.7, 0.9]",200.0
CiteSeer,cross_class_oracle,0.3,1,MCGC-cw2.0-lp0.25-ln0.25,mcgc,GCN,0.634,0.6056508141573049,0.612,0.6559594251901945,0.5684981684981685,0.609105180533752,0.19993239817475073,0.5658272504806519,0.6550486087799072,11834,9468,2.014065742492676,0.25,0.25,0.3,,,,2.0,"[0.3, 0.5, 0.7, 0.9]",200.0
CiteSeer,cross_class_oracle,0.3,1,MCGC-cw3.0-lp0.1-ln0.5,mcgc,GCN,0.593,0.5725807788863069,0.57,0.30853761622992393,0.2673992673992674,0.28649921507064363,0.19993239817475073,0.5658272504806519,0.5933671593666077,11834,9468,2.2808053493499756,0.1,0.5,0.3,,,,3.0,"[0.3, 0.5, 0.7, 0.9]",200.0
CiteSeer,cross_class_oracle,0.3,1,MCGC-cw3.0-lp0.25-ln0.25,mcgc,GCN,0.618,0.5916863372554036,0.612,0.6306001690617076,0.5465201465201465,0.5855572998430142,0.19993239817475073,0.5658272504806519,0.6518800258636475,11834,9468,2.0934736728668213,0.25,0.25,0.3,,,,3.0,"[0.3, 0.5, 0.7, 0.9]",200.0
CiteSeer,cross_class_oracle,0.3,1,Random-Matched,random_matched,GCN,0.56,0.5393051049335236,0.556,0.2256973795435334,0.1956043956043956,0.20957613814756673,0.19993239817475073,0.5658272504806519,0.5656949877738953,11834,9468,0.937849760055542,,,,,,,,,
CiteSeer,cross_class_oracle,0.3,2,Feature-only,feature_only,GCN,0.624,0.5966504375603563,0.64,0.6754015215553677,0.5853479853479854,0.6271585557299842,0.19993239817475073,0.5658272504806519,0.660540759563446,11834,9468,0.9658491611480713,,,,,,,,,
CiteSeer,cross_class_oracle,0.3,2,GraGE-Hybrid-FO-posneg-lp0.1-ln0.5,hybrid_baseline,GCN,0.592,0.5679253245362093,0.592,0.4065934065934066,0.3523809523809524,0.3775510204081633,0.19993239817475073,0.5658272504806519,0.6136459708213806,11834,9468,1.487178087234497,0.1,0.5,0.3,,,,,,
CiteSeer,cross_class_oracle,0.3,2,FAA-Hybrid-as0.5-lp0.1-ln0.5,faa_hybrid,GCN,0.625,0.5949935659559421,0.634,0.6517328825021133,0.5648351648351648,0.6051805337519622,0.19993239817475073,0.5658272504806519,0.6561048030853271,11834,9468,1.5598490238189697,0.1,0.5,0.3,0.5,0.0,0.0,,,
CiteSeer,cross_class_oracle,0.3,2,FAA-Hybrid-as0.5-lp0.25-ln0.25,faa_hybrid,GCN,0.611,0.5853284964697248,0.63,0.6787827557058326,0.5882783882783883,0.6302982731554159,0.19993239817475073,0.5658272504806519,0.6603295207023621,11834,9468,1.6977741718292236,0.25,0.25,0.3,0.5,0.0,0.0,,,
CiteSeer,cross_class_oracle,0.3,2,FAA-Hybrid-as1.0-lp0.1-ln0.5,faa_hybrid,GCN,0.624,0.5967573667615151,0.622,0.6229923922231615,0.5399267399267399,0.5784929356357928,0.19993239817475073,0.5658272504806519,0.6514575481414795,11834,9468,1.5644254684448242,0.1,0.5,0.3,1.0,0.0,0.0,,,
CiteSeer,cross_class_oracle,0.3,2,FAA-Hybrid-as1.0-lp0.25-ln0.25,faa_hybrid,GCN,0.638,0.6092366544311619,0.63,0.6787827557058326,0.5882783882783883,0.6302982731554159,0.19993239817475073,0.5658272504806519,0.658217191696167,11834,9468,1.4905998706817627,0.25,0.25,0.3,1.0,0.0,0.0,,,
CiteSeer,cross_class_oracle,0.3,2,FAA-Hybrid-as2.0-lp0.1-ln0.5,faa_hybrid,GCN,0.608,0.5789664701781061,0.616,0.5629754860524091,0.4879120879120879,0.52276295133438,0.19993239817475073,0.5658272504806519,0.6387832760810852,11834,9468,1.444382905960083,0.1,0.5,0.3,2.0,0.0,0.0,,,
CiteSeer,cross_class_oracle,0.3,2,FAA-Hybrid-as2.0-lp0.25-ln0.25,faa_hybrid,GCN,0.623,0.5954399571777066,0.636,0.6754015215553677,0.5853479853479854,0.6271585557299842,0.19993239817475073,0.5658272504806519,0.6556823253631592,11834,9468,1.7041027545928955,0.25,0.25,0.3,2.0,0.0,0.0,,,
CiteSeer,cross_class_oracle,0.3,2,FAA-Hybrid-as3.0-lp0.1-ln0.5,faa_hybrid,GCN,0.607,0.5827645924870996,0.612,0.4911242603550296,0.4256410256410256,0.45604395604395603,0.19993239817475073,0.5658272504806519,0.6263202428817749,11834,9468,1.625964879989624,0.1,0.5,0.3,3.0,0.0,0.0,,,
CiteSeer,cross_class_oracle,0.3,2,FAA-Hybrid-as3.0-lp0.25-ln0.25,faa_hybrid,GCN,0.621,0.5953822164977484,0.636,0.665257819103973,0.5765567765567765,0.6177394034536893,0.19993239817475073,0.5658272504806519,0.6510350704193115,11834,9468,1.6235029697418213,0.25,0.25,0.3,3.0,0.0,0.0,,,
CiteSeer,cross_class_oracle,0.3,2,MCGC-cw0.5-lp0.1-ln0.5,mcgc,GCN,0.566,0.5456747262641483,0.58,0.36348267117497884,0.315018315018315,0.33751962323390894,0.19993239817475073,0.5658272504806519,0.6066751480102539,11834,9468,2.0932259559631348,0.1,0.5,0.3,,,,0.5,"[0.3, 0.5, 0.7, 0.9]",200.0
CiteSeer,cross_class_oracle,0.3,2,MCGC-cw0.5-lp0.25-ln0.25,mcgc,GCN,0.62,0.592782209426579,0.628,0.588334742180896,0.5098901098901099,0.5463108320251178,0.19993239817475073,0.5658272504806519,0.6398394703865051,11834,9468,2.1908936500549316,0.25,0.25,0.3,,,,0.5,"[0.3, 0.5, 0.7, 0.9]",200.0
CiteSeer,cross_class_oracle,0.3,2,MCGC-cw1.0-lp0.1-ln0.5,mcgc,GCN,0.574,0.5508560123120514,0.572,0.2688081149619611,0.23296703296703297,0.24960753532182106,0.19993239817475073,0.5658272504806519,0.5899873375892639,11834,9468,2.4816834926605225,0.1,0.5,0.3,,,,1.0,"[0.3, 0.5, 0.7, 0.9]",200.0
CiteSeer,cross_class_oracle,0.3,2,MCGC-cw1.0-lp0.25-ln0.25,mcgc,GCN,0.619,0.5919733349446995,0.63,0.5891800507185122,0.5106227106227106,0.5470957613814755,0.19993239817475073,0.5658272504806519,0.640895664691925,11834,9468,2.2416350841522217,0.25,0.25,0.3,,,,1.0,"[0.3, 0.5, 0.7, 0.9]",200.0
CiteSeer,cross_class_oracle,0.3,2,MCGC-cw2.0-lp0.1-ln0.5,mcgc,GCN,0.578,0.5485288981713298,0.59,0.30853761622992393,0.2673992673992674,0.28649921507064363,0.19993239817475073,0.5658272504806519,0.5933671593666077,11834,9468,2.458522319793701,0.1,0.5,0.3,,,,2.0,"[0.3, 0.5, 0.7, 0.9]",200.0
CiteSeer,cross_class_oracle,0.3,2,MCGC-cw2.0-lp0.25-ln0.25,mcgc,GCN,0.616,0.5894524111253755,0.628,0.5984784446322908,0.5186813186813187,0.5557299843014128,0.19993239817475073,0.5658272504806519,0.6449092030525208,11834,9468,2.2980294227600098,0.25,0.25,0.3,,,,2.0,"[0.3, 0.5, 0.7, 0.9]",200.0
CiteSeer,cross_class_oracle,0.3,2,MCGC-cw3.0-lp0.1-ln0.5,mcgc,GCN,0.568,0.5391595010170532,0.574,0.3322062552831784,0.2879120879120879,0.3084772370486656,0.19993239817475073,0.5658272504806519,0.5956907272338867,11834,9468,2.195026159286499,0.1,0.5,0.3,,,,3.0,"[0.3, 0.5, 0.7, 0.9]",200.0
CiteSeer,cross_class_oracle,0.3,2,MCGC-cw3.0-lp0.25-ln0.25,mcgc,GCN,0.617,0.5915432632636365,0.63,0.5967878275570583,0.5172161172161173,0.554160125588697,0.19993239817475073,0.5658272504806519,0.6446979641914368,11834,9468,2.5318968296051025,0.25,0.25,0.3,,,,3.0,"[0.3, 0.5, 0.7, 0.9]",200.0
CiteSeer,cross_class_oracle,0.3,2,Random-Matched,random_matched,GCN,0.571,0.5463300424090763,0.556,0.23245984784446322,0.20146520146520147,0.21585557299843014,0.19993239817475073,0.5658272504806519,0.5654837489128113,11834,9468,1.0179321765899658,,,,,,,,,
