run_id,timestamp,experiment_type,seed,dataset,split_type,method,oracle_only,proxy_model,downstream_model,prune_ratio_target,actual_prune_ratio,num_edges_before,num_edges_after,isolated_nodes,min_degree,mean_degree,largest_connected_component_ratio,edge_homophily_before,edge_homophily_after,val_acc,test_acc,test_f1,best_epoch,runtime,config_path,graph_path,noise_type,noise_ratio,num_injected_edges,bad_edge_precision,bad_edge_recall,bad_edge_f1,clean_edge_mistakenly_removed_ratio,notes
original_Cora_GCN_seed0,2026-05-31T20:32:32.634672,clean,0,Cora,,Original,False,-,GCN,0.0,0.0,10556,10556,0,0,0,1.0,0.8099659085273743,0.8099659085273743,0.782,0.788,0.7780132909008375,50,0.9368104934692383,configs/graca_lite_cora.yaml,,,,,,,,,
original_Cora_GAT_seed0,2026-05-31T20:32:32.634801,clean,0,Cora,,Original,False,-,GAT,0.0,0.0,10556,10556,0,0,0,1.0,0.8099659085273743,0.8099659085273743,0.822,0.822,0.8088547196681046,17,0.5568532943725586,configs/graca_lite_cora.yaml,,,,,,,,,
original_Cora_GraphSAGE_seed0,2026-05-31T20:32:32.634833,clean,0,Cora,,Original,False,-,GraphSAGE,0.0,0.0,10556,10556,0,0,0,1.0,0.8099659085273743,0.8099659085273743,0.752,0.761,0.7511006029323747,106,0.6561565399169922,configs/graca_lite_cora.yaml,,,,,,,,,
original_Cora_GCN_seed1,2026-05-31T20:32:41.652514,clean,1,Cora,,Original,False,-,GCN,0.0,0.0,10556,10556,0,0,0,1.0,0.8099659085273743,0.8099659085273743,0.772,0.773,0.7739242139949781,55,0.8891754150390625,configs/graca_lite_cora.yaml,,,,,,,,,
original_Cora_GAT_seed1,2026-05-31T20:32:41.652595,clean,1,Cora,,Original,False,-,GAT,0.0,0.0,10556,10556,0,0,0,1.0,0.8099659085273743,0.8099659085273743,0.81,0.815,0.8077412948802077,12,0.5124111175537109,configs/graca_lite_cora.yaml,,,,,,,,,
original_Cora_GraphSAGE_seed1,2026-05-31T20:32:41.652626,clean,1,Cora,,Original,False,-,GraphSAGE,0.0,0.0,10556,10556,0,0,0,1.0,0.8099659085273743,0.8099659085273743,0.772,0.77,0.7606128155475291,99,0.593768835067749,configs/graca_lite_cora.yaml,,,,,,,,,
original_Cora_GCN_seed2,2026-05-31T20:32:50.506784,clean,2,Cora,,Original,False,-,GCN,0.0,0.0,10556,10556,0,0,0,1.0,0.8099659085273743,0.8099659085273743,0.758,0.78,0.7740186423177491,83,0.9792013168334961,configs/graca_lite_cora.yaml,,,,,,,,,
original_Cora_GAT_seed2,2026-05-31T20:32:50.506863,clean,2,Cora,,Original,False,-,GAT,0.0,0.0,10556,10556,0,0,0,1.0,0.8099659085273743,0.8099659085273743,0.82,0.823,0.8109043422402836,23,0.5547809600830078,configs/graca_lite_cora.yaml,,,,,,,,,
original_Cora_GraphSAGE_seed2,2026-05-31T20:32:50.506894,clean,2,Cora,,Original,False,-,GraphSAGE,0.0,0.0,10556,10556,0,0,0,1.0,0.8099659085273743,0.8099659085273743,0.762,0.754,0.7547912906953176,55,0.48729443550109863,configs/graca_lite_cora.yaml,,,,,,,,,
original_Cora_GCN_seed3,2026-05-31T20:32:59.725435,clean,3,Cora,,Original,False,-,GCN,0.0,0.0,10556,10556,0,0,0,1.0,0.8099659085273743,0.8099659085273743,0.782,0.781,0.7724064486694061,64,0.9609849452972412,configs/graca_lite_cora.yaml,,,,,,,,,
original_Cora_GAT_seed3,2026-05-31T20:32:59.725519,clean,3,Cora,,Original,False,-,GAT,0.0,0.0,10556,10556,0,0,0,1.0,0.8099659085273743,0.8099659085273743,0.804,0.823,0.8156094748218276,15,0.6283223628997803,configs/graca_lite_cora.yaml,,,,,,,,,
original_Cora_GraphSAGE_seed3,2026-05-31T20:32:59.725550,clean,3,Cora,,Original,False,-,GraphSAGE,0.0,0.0,10556,10556,0,0,0,1.0,0.8099659085273743,0.8099659085273743,0.774,0.774,0.7646156750965802,19,0.45805907249450684,configs/graca_lite_cora.yaml,,,,,,,,,
original_Cora_GCN_seed4,2026-05-31T20:33:09.393373,clean,4,Cora,,Original,False,-,GCN,0.0,0.0,10556,10556,0,0,0,1.0,0.8099659085273743,0.8099659085273743,0.798,0.797,0.7834374453097482,57,0.9206924438476562,configs/graca_lite_cora.yaml,,,,,,,,,
original_Cora_GAT_seed4,2026-05-31T20:33:09.393455,clean,4,Cora,,Original,False,-,GAT,0.0,0.0,10556,10556,0,0,0,1.0,0.8099659085273743,0.8099659085273743,0.81,0.818,0.8051420534714973,97,0.8805809020996094,configs/graca_lite_cora.yaml,,,,,,,,,
original_Cora_GraphSAGE_seed4,2026-05-31T20:33:09.393487,clean,4,Cora,,Original,False,-,GraphSAGE,0.0,0.0,10556,10556,0,0,0,1.0,0.8099659085273743,0.8099659085273743,0.766,0.779,0.7728277952782745,52,0.4801976680755615,configs/graca_lite_cora.yaml,,,,,,,,,
original_Cora_GCN_seed5,2026-05-31T20:33:18.558173,clean,5,Cora,,Original,False,-,GCN,0.0,0.0,10556,10556,0,0,0,1.0,0.8099659085273743,0.8099659085273743,0.77,0.789,0.7811867542171419,60,0.9147534370422363,configs/graca_lite_cora.yaml,,,,,,,,,
original_Cora_GAT_seed5,2026-05-31T20:33:18.558253,clean,5,Cora,,Original,False,-,GAT,0.0,0.0,10556,10556,0,0,0,1.0,0.8099659085273743,0.8099659085273743,0.814,0.818,0.8092526220084585,18,0.5080716609954834,configs/graca_lite_cora.yaml,,,,,,,,,
original_Cora_GraphSAGE_seed5,2026-05-31T20:33:18.558285,clean,5,Cora,,Original,False,-,GraphSAGE,0.0,0.0,10556,10556,0,0,0,1.0,0.8099659085273743,0.8099659085273743,0.778,0.776,0.76880858991643,39,0.42442965507507324,configs/graca_lite_cora.yaml,,,,,,,,,
original_Cora_GCN_seed6,2026-05-31T20:33:27.488465,clean,6,Cora,,Original,False,-,GCN,0.0,0.0,10556,10556,0,0,0,1.0,0.8099659085273743,0.8099659085273743,0.79,0.789,0.7797858786292886,45,0.8732700347900391,configs/graca_lite_cora.yaml,,,,,,,,,
original_Cora_GAT_seed6,2026-05-31T20:33:27.488556,clean,6,Cora,,Original,False,-,GAT,0.0,0.0,10556,10556,0,0,0,1.0,0.8099659085273743,0.8099659085273743,0.818,0.825,0.8141470123277957,45,0.6907470226287842,configs/graca_lite_cora.yaml,,,,,,,,,
original_Cora_GraphSAGE_seed6,2026-05-31T20:33:27.488591,clean,6,Cora,,Original,False,-,GraphSAGE,0.0,0.0,10556,10556,0,0,0,1.0,0.8099659085273743,0.8099659085273743,0.784,0.762,0.7592561567753834,54,0.4883418083190918,configs/graca_lite_cora.yaml,,,,,,,,,
original_Cora_GCN_seed7,2026-05-31T20:33:36.464847,clean,7,Cora,,Original,False,-,GCN,0.0,0.0,10556,10556,0,0,0,1.0,0.8099659085273743,0.8099659085273743,0.766,0.793,0.7868583769270133,51,0.7893083095550537,configs/graca_lite_cora.yaml,,,,,,,,,
original_Cora_GAT_seed7,2026-05-31T20:33:36.464933,clean,7,Cora,,Original,False,-,GAT,0.0,0.0,10556,10556,0,0,0,1.0,0.8099659085273743,0.8099659085273743,0.81,0.824,0.8124201390655427,10,0.4666323661804199,configs/graca_lite_cora.yaml,,,,,,,,,
original_Cora_GraphSAGE_seed7,2026-05-31T20:33:36.464965,clean,7,Cora,,Original,False,-,GraphSAGE,0.0,0.0,10556,10556,0,0,0,1.0,0.8099659085273743,0.8099659085273743,0.766,0.751,0.7472307481775686,70,0.5516989231109619,configs/graca_lite_cora.yaml,,,,,,,,,
original_Cora_GCN_seed8,2026-05-31T20:33:45.587133,clean,8,Cora,,Original,False,-,GCN,0.0,0.0,10556,10556,0,0,0,1.0,0.8099659085273743,0.8099659085273743,0.758,0.767,0.7580209286270364,83,0.9542510509490967,configs/graca_lite_cora.yaml,,,,,,,,,
original_Cora_GAT_seed8,2026-05-31T20:33:45.587220,clean,8,Cora,,Original,False,-,GAT,0.0,0.0,10556,10556,0,0,0,1.0,0.8099659085273743,0.8099659085273743,0.81,0.822,0.8140937548797041,11,0.511929988861084,configs/graca_lite_cora.yaml,,,,,,,,,
original_Cora_GraphSAGE_seed8,2026-05-31T20:33:45.587248,clean,8,Cora,,Original,False,-,GraphSAGE,0.0,0.0,10556,10556,0,0,0,1.0,0.8099659085273743,0.8099659085273743,0.756,0.764,0.7597204528568611,50,0.4300715923309326,configs/graca_lite_cora.yaml,,,,,,,,,
original_Cora_GCN_seed9,2026-05-31T20:33:54.088934,clean,9,Cora,,Original,False,-,GCN,0.0,0.0,10556,10556,0,0,0,1.0,0.8099659085273743,0.8099659085273743,0.772,0.789,0.7793168380993338,65,0.7922928333282471,configs/graca_lite_cora.yaml,,,,,,,,,
original_Cora_GAT_seed9,2026-05-31T20:33:54.089028,clean,9,Cora,,Original,False,-,GAT,0.0,0.0,10556,10556,0,0,0,1.0,0.8099659085273743,0.8099659085273743,0.814,0.806,0.7988529333180245,72,0.6447558403015137,configs/graca_lite_cora.yaml,,,,,,,,,
original_Cora_GraphSAGE_seed9,2026-05-31T20:33:54.089063,clean,9,Cora,,Original,False,-,GraphSAGE,0.0,0.0,10556,10556,0,0,0,1.0,0.8099659085273743,0.8099659085273743,0.776,0.773,0.7635326018002951,150,0.609849214553833,configs/graca_lite_cora.yaml,,,,,,,,,
random_Cora_GCN_seed2,2026-05-31T20:34:41.275677,clean,2,Cora,,Random-Matched,False,-,GCN,0.19988632057597577,0.19988632057597577,10556,8446,150,0.0,6.237813949584961,0.8622599704579025,0.8099659085273743,0.8099659085273743,0.754,0.73,0.723261095353264,64,0.7860755920410156,configs/graca_lite_cora.yaml,,,,,,,,,
random_Cora_GAT_seed2,2026-05-31T20:34:41.275772,clean,2,Cora,,Random-Matched,False,-,GAT,0.19988632057597577,0.19988632057597577,10556,8446,150,0.0,6.237813949584961,0.8622599704579025,0.8099659085273743,0.8099659085273743,0.81,0.781,0.7699019764001432,91,0.6671783924102783,configs/graca_lite_cora.yaml,,,,,,,,,
random_Cora_GraphSAGE_seed2,2026-05-31T20:34:41.275806,clean,2,Cora,,Random-Matched,False,-,GraphSAGE,0.19988632057597577,0.19988632057597577,10556,8446,150,0.0,6.237813949584961,0.8622599704579025,0.8099659085273743,0.8099659085273743,0.698,0.692,0.6906486468246822,46,0.34448766708374023,configs/graca_lite_cora.yaml,,,,,,,,,
original_Cora_GCN_seed0,2026-05-31T20:34:53.766936,clean,0,Cora,,Original,False,-,GCN,0.0,0.0,10556,10556,0,0,0,1.0,0.8099659085273743,0.8099659085273743,0.782,0.787,0.7819578106509324,109,0.9074890613555908,configs/graca_lite_cora.yaml,,,,,,,,,
original_Cora_GAT_seed0,2026-05-31T20:34:53.767022,clean,0,Cora,,Original,False,-,GAT,0.0,0.0,10556,10556,0,0,0,1.0,0.8099659085273743,0.8099659085273743,0.822,0.822,0.8088547196681046,17,0.4224281311035156,configs/graca_lite_cora.yaml,,,,,,,,,
original_Cora_GraphSAGE_seed0,2026-05-31T20:34:53.767056,clean,0,Cora,,Original,False,-,GraphSAGE,0.0,0.0,10556,10556,0,0,0,1.0,0.8099659085273743,0.8099659085273743,0.752,0.761,0.7511006029323747,106,0.4843118190765381,configs/graca_lite_cora.yaml,,,,,,,,,
dropedge_Cora_GCN_seed0,2026-05-31T20:34:54.990854,clean,0,Cora,,DropEdge,False,-,GCN,0.2,0.0,10556,10556,0,0,0,1.0,0.8099659085273743,0.8099659085273743,0.774,0.791,0.7864053124961039,64,0.4775424003601074,configs/graca_lite_cora.yaml,,,,,,,,,
dropedge_Cora_GAT_seed0,2026-05-31T20:34:54.990935,clean,0,Cora,,DropEdge,False,-,GAT,0.2,0.0,10556,10556,0,0,0,1.0,0.8099659085273743,0.8099659085273743,0.82,0.822,0.8116588871663303,29,0.45118188858032227,configs/graca_lite_cora.yaml,,,,,,,,,
dropedge_Cora_GraphSAGE_seed0,2026-05-31T20:34:54.990967,clean,0,Cora,,DropEdge,False,-,GraphSAGE,0.2,0.0,10556,10556,0,0,0,1.0,0.8099659085273743,0.8099659085273743,0.778,0.774,0.7621865816053316,17,0.2819645404815674,configs/graca_lite_cora.yaml,,,,,,,,,
random_Cora_GCN_seed0,2026-05-31T20:34:56.345152,clean,0,Cora,,Random-Matched,False,-,GCN,0.19988632057597577,0.19988632057597577,10556,8446,135,0.0,6.237813949584961,0.8508124076809453,0.8099659085273743,0.8099659085273743,0.768,0.762,0.7556001375705842,73,0.4885714054107666,configs/graca_lite_cora.yaml,,,,,,,,,
random_Cora_GAT_seed0,2026-05-31T20:34:56.345247,clean,0,Cora,,Random-Matched,False,-,GAT,0.19988632057597577,0.19988632057597577,10556,8446,135,0.0,6.237813949584961,0.8508124076809453,0.8099659085273743,0.8099659085273743,0.804,0.801,0.792325705846196,12,0.38397908210754395,configs/graca_lite_cora.yaml,,,,,,,,,
random_Cora_GraphSAGE_seed0,2026-05-31T20:34:56.345284,clean,0,Cora,,Random-Matched,False,-,GraphSAGE,0.19988632057597577,0.19988632057597577,10556,8446,135,0.0,6.237813949584961,0.8508124076809453,0.8099659085273743,0.8099659085273743,0.694,0.72,0.7109534883080212,60,0.3874473571777344,configs/graca_lite_cora.yaml,,,,,,,,,
degree_random_Cora_GCN_seed0,2026-05-31T20:34:58.041873,clean,0,Cora,,DegreeAwareRandom-Matched,False,-,GCN,0.1870026525198939,0.1870026525198939,10556,8582,46,0.0,6.3382568359375,0.8888478581979321,0.8099659085273743,0.8099659085273743,0.76,0.766,0.7606592796882129,143,0.6795926094055176,configs/graca_lite_cora.yaml,,,,,,,,,
degree_random_Cora_GAT_seed0,2026-05-31T20:34:58.041957,clean,0,Cora,,DegreeAwareRandom-Matched,False,-,GAT,0.1870026525198939,0.1870026525198939,10556,8582,46,0.0,6.3382568359375,0.8888478581979321,0.8099659085273743,0.8099659085273743,0.808,0.796,0.7882399319337476,9,0.3821237087249756,configs/graca_lite_cora.yaml,,,,,,,,,
degree_random_Cora_GraphSAGE_seed0,2026-05-31T20:34:58.041985,clean,0,Cora,,DegreeAwareRandom-Matched,False,-,GraphSAGE,0.1870026525198939,0.1870026525198939,10556,8582,46,0.0,6.3382568359375,0.8888478581979321,0.8099659085273743,0.8099659085273743,0.738,0.746,0.7365060329461227,130,0.5418815612792969,configs/graca_lite_cora.yaml,,,,,,,,,
homophily_Cora_GCN_seed0,2026-05-31T20:34:59.530367,clean,0,Cora,,Homophily-TrainOnly,False,-,GCN,0,0.0007578628268283261,10556,10548,0,2.0,7.7902512550354,0.9176514032496307,0.8099659085273743,0.8099659085273743,0.784,0.781,0.7711703335634075,47,0.43971848487854004,configs/graca_lite_cora.yaml,,,,,,,,,
homophily_Cora_GAT_seed0,2026-05-31T20:34:59.530442,clean,0,Cora,,Homophily-TrainOnly,False,-,GAT,0,0.0007578628268283261,10556,10548,0,2.0,7.7902512550354,0.9176514032496307,0.8099659085273743,0.8099659085273743,0.818,0.818,0.8081123975138598,20,0.4459812641143799,configs/graca_lite_cora.yaml,,,,,,,,,
homophily_Cora_GraphSAGE_seed0,2026-05-31T20:34:59.530470,clean,0,Cora,,Homophily-TrainOnly,False,-,GraphSAGE,0,0.0007578628268283261,10556,10548,0,2.0,7.7902512550354,0.9176514032496307,0.8099659085273743,0.8099659085273743,0.754,0.769,0.7601526562679981,94,0.4834158420562744,configs/graca_lite_cora.yaml,,,,,,,,,
original_Cora_GCN_seed1,2026-05-31T20:35:03.501271,clean,1,Cora,,Original,False,-,GCN,0.0,0.0,10556,10556,0,0,0,1.0,0.8099659085273743,0.8099659085273743,0.772,0.785,0.7792052323851284,92,0.869783878326416,configs/graca_lite_cora.yaml,,,,,,,,,
original_Cora_GAT_seed1,2026-05-31T20:35:03.501350,clean,1,Cora,,Original,False,-,GAT,0.0,0.0,10556,10556,0,0,0,1.0,0.8099659085273743,0.8099659085273743,0.81,0.815,0.8077412948802077,12,0.4065365791320801,configs/graca_lite_cora.yaml,,,,,,,,,
original_Cora_GraphSAGE_seed1,2026-05-31T20:35:03.501383,clean,1,Cora,,Original,False,-,GraphSAGE,0.0,0.0,10556,10556,0,0,0,1.0,0.8099659085273743,0.8099659085273743,0.772,0.77,0.7604283248587947,99,0.47643589973449707,configs/graca_lite_cora.yaml,,,,,,,,,
dropedge_Cora_GCN_seed1,2026-05-31T20:35:04.808272,clean,1,Cora,,DropEdge,False,-,GCN,0.2,0.0,10556,10556,0,0,0,1.0,0.8099659085273743,0.8099659085273743,0.76,0.76,0.7576969572454113,57,0.45638275146484375,configs/graca_lite_cora.yaml,,,,,,,,,
dropedge_Cora_GAT_seed1,2026-05-31T20:35:04.808352,clean,1,Cora,,DropEdge,False,-,GAT,0.2,0.0,10556,10556,0,0,0,1.0,0.8099659085273743,0.8099659085273743,0.812,0.835,0.8217898625565009,11,0.3885037899017334,configs/graca_lite_cora.yaml,,,,,,,,,
dropedge_Cora_GraphSAGE_seed1,2026-05-31T20:35:04.808382,clean,1,Cora,,DropEdge,False,-,GraphSAGE,0.2,0.0,10556,10556,0,0,0,1.0,0.8099659085273743,0.8099659085273743,0.762,0.759,0.7472537151242065,83,0.4485039710998535,configs/graca_lite_cora.yaml,,,,,,,,,
random_Cora_GCN_seed1,2026-05-31T20:35:06.190455,clean,1,Cora,,Random-Matched,False,-,GCN,0.19988632057597577,0.19988632057597577,10556,8446,110,0.0,6.237813949584961,0.8548744460856721,0.8099659085273743,0.8099659085273743,0.738,0.743,0.7366818738419275,57,0.44986724853515625,configs/graca_lite_cora.yaml,,,,,,,,,
random_Cora_GAT_seed1,2026-05-31T20:35:06.190546,clean,1,Cora,,Random-Matched,False,-,GAT,0.19988632057597577,0.19988632057597577,10556,8446,110,0.0,6.237813949584961,0.8548744460856721,0.8099659085273743,0.8099659085273743,0.788,0.791,0.7791865131297617,14,0.39420151710510254,configs/graca_lite_cora.yaml,,,,,,,,,
random_Cora_GraphSAGE_seed1,2026-05-31T20:35:06.190586,clean,1,Cora,,Random-Matched,False,-,GraphSAGE,0.19988632057597577,0.19988632057597577,10556,8446,110,0.0,6.237813949584961,0.8548744460856721,0.8099659085273743,0.8099659085273743,0.756,0.742,0.7282969743470538,87,0.44393134117126465,configs/graca_lite_cora.yaml,,,,,,,,,
degree_random_Cora_GCN_seed1,2026-05-31T20:35:07.653351,clean,1,Cora,,DegreeAwareRandom-Matched,False,-,GCN,0.1870026525198939,0.1870026525198939,10556,8582,30,0.0,6.3382568359375,0.8840472673559823,0.8099659085273743,0.8099659085273743,0.756,0.76,0.7552749042598427,74,0.5064997673034668,configs/graca_lite_cora.yaml,,,,,,,,,
degree_random_Cora_GAT_seed1,2026-05-31T20:35:07.653430,clean,1,Cora,,DegreeAwareRandom-Matched,False,-,GAT,0.1870026525198939,0.1870026525198939,10556,8582,30,0.0,6.3382568359375,0.8840472673559823,0.8099659085273743,0.8099659085273743,0.796,0.795,0.7851343422106714,35,0.4695930480957031,configs/graca_lite_cora.yaml,,,,,,,,,
degree_random_Cora_GraphSAGE_seed1,2026-05-31T20:35:07.653465,clean,1,Cora,,DegreeAwareRandom-Matched,False,-,GraphSAGE,0.1870026525198939,0.1870026525198939,10556,8582,30,0.0,6.3382568359375,0.8840472673559823,0.8099659085273743,0.8099659085273743,0.748,0.731,0.7232709067306765,68,0.3970515727996826,configs/graca_lite_cora.yaml,,,,,,,,,
homophily_Cora_GCN_seed1,2026-05-31T20:35:09.112285,clean,1,Cora,,Homophily-TrainOnly,False,-,GCN,0,0.0007578628268283261,10556,10548,0,2.0,7.7902512550354,0.9176514032496307,0.8099659085273743,0.8099659085273743,0.776,0.779,0.7731335478836802,140,0.6852078437805176,configs/graca_lite_cora.yaml,,,,,,,,,
homophily_Cora_GAT_seed1,2026-05-31T20:35:09.112358,clean,1,Cora,,Homophily-TrainOnly,False,-,GAT,0,0.0007578628268283261,10556,10548,0,2.0,7.7902512550354,0.9176514032496307,0.8099659085273743,0.8099659085273743,0.814,0.811,0.7912543880324046,10,0.37666988372802734,configs/graca_lite_cora.yaml,,,,,,,,,
homophily_Cora_GraphSAGE_seed1,2026-05-31T20:35:09.112386,clean,1,Cora,,Homophily-TrainOnly,False,-,GraphSAGE,0,0.0007578628268283261,10556,10548,0,2.0,7.7902512550354,0.9176514032496307,0.8099659085273743,0.8099659085273743,0.768,0.761,0.7556510790306442,28,0.30303955078125,configs/graca_lite_cora.yaml,,,,,,,,,
original_Cora_GCN_seed2,2026-05-31T20:35:12.962039,clean,2,Cora,,Original,False,-,GCN,0.0,0.0,10556,10556,0,0,0,1.0,0.8099659085273743,0.8099659085273743,0.758,0.777,0.7719108861301308,81,0.8556153774261475,configs/graca_lite_cora.yaml,,,,,,,,,
original_Cora_GAT_seed2,2026-05-31T20:35:12.962118,clean,2,Cora,,Original,False,-,GAT,0.0,0.0,10556,10556,0,0,0,1.0,0.8099659085273743,0.8099659085273743,0.82,0.823,0.8109043422402836,23,0.45476317405700684,configs/graca_lite_cora.yaml,,,,,,,,,
original_Cora_GraphSAGE_seed2,2026-05-31T20:35:12.962148,clean,2,Cora,,Original,False,-,GraphSAGE,0.0,0.0,10556,10556,0,0,0,1.0,0.8099659085273743,0.8099659085273743,0.762,0.755,0.7560820527864249,55,0.3777730464935303,configs/graca_lite_cora.yaml,,,,,,,,,
dropedge_Cora_GCN_seed2,2026-05-31T20:35:14.215236,clean,2,Cora,,DropEdge,False,-,GCN,0.2,0.0,10556,10556,0,0,0,1.0,0.8099659085273743,0.8099659085273743,0.752,0.78,0.7712624207075959,76,0.5279638767242432,configs/graca_lite_cora.yaml,,,,,,,,,
dropedge_Cora_GAT_seed2,2026-05-31T20:35:14.215317,clean,2,Cora,,DropEdge,False,-,GAT,0.2,0.0,10556,10556,0,0,0,1.0,0.8099659085273743,0.8099659085273743,0.802,0.815,0.8043911642993183,13,0.40749096870422363,configs/graca_lite_cora.yaml,,,,,,,,,
dropedge_Cora_GraphSAGE_seed2,2026-05-31T20:35:14.215351,clean,2,Cora,,DropEdge,False,-,GraphSAGE,0.2,0.0,10556,10556,0,0,0,1.0,0.8099659085273743,0.8099659085273743,0.762,0.773,0.7578070943112534,23,0.3041503429412842,configs/graca_lite_cora.yaml,,,,,,,,,
random_Cora_GCN_seed2,2026-05-31T20:35:15.828487,clean,2,Cora,,Random-Matched,False,-,GCN,0.19988632057597577,0.19988632057597577,10556,8446,150,0.0,6.237813949584961,0.8622599704579025,0.8099659085273743,0.8099659085273743,0.756,0.732,0.7247550715677437,66,0.4886922836303711,configs/graca_lite_cora.yaml,,,,,,,,,
random_Cora_GAT_seed2,2026-05-31T20:35:15.828589,clean,2,Cora,,Random-Matched,False,-,GAT,0.19988632057597577,0.19988632057597577,10556,8446,150,0.0,6.237813949584961,0.8622599704579025,0.8099659085273743,0.8099659085273743,0.81,0.781,0.7699019764001432,91,0.6754825115203857,configs/graca_lite_cora.yaml,,,,,,,,,
random_Cora_GraphSAGE_seed2,2026-05-31T20:35:15.828627,clean,2,Cora,,Random-Matched,False,-,GraphSAGE,0.19988632057597577,0.19988632057597577,10556,8446,150,0.0,6.237813949584961,0.8622599704579025,0.8099659085273743,0.8099659085273743,0.698,0.692,0.6906486468246822,46,0.3539457321166992,configs/graca_lite_cora.yaml,,,,,,,,,
degree_random_Cora_GCN_seed2,2026-05-31T20:35:17.473451,clean,2,Cora,,DegreeAwareRandom-Matched,False,-,GCN,0.1870026525198939,0.1870026525198939,10556,8582,38,0.0,6.3382568359375,0.8943870014771049,0.8099659085273743,0.8099659085273743,0.728,0.746,0.7437311932735033,134,0.6832735538482666,configs/graca_lite_cora.yaml,,,,,,,,,
degree_random_Cora_GAT_seed2,2026-05-31T20:35:17.473540,clean,2,Cora,,DegreeAwareRandom-Matched,False,-,GAT,0.1870026525198939,0.1870026525198939,10556,8582,38,0.0,6.3382568359375,0.8943870014771049,0.8099659085273743,0.8099659085273743,0.812,0.82,0.8100103242312551,29,0.45464324951171875,configs/graca_lite_cora.yaml,,,,,,,,,
degree_random_Cora_GraphSAGE_seed2,2026-05-31T20:35:17.473575,clean,2,Cora,,DegreeAwareRandom-Matched,False,-,GraphSAGE,0.1870026525198939,0.1870026525198939,10556,8582,38,0.0,6.3382568359375,0.8943870014771049,0.8099659085273743,0.8099659085273743,0.716,0.733,0.7349958305431272,71,0.4158973693847656,configs/graca_lite_cora.yaml,,,,,,,,,
homophily_Cora_GCN_seed2,2026-05-31T20:35:18.965995,clean,2,Cora,,Homophily-TrainOnly,False,-,GCN,0,0.0007578628268283261,10556,10548,0,2.0,7.7902512550354,0.9176514032496307,0.8099659085273743,0.8099659085273743,0.76,0.78,0.7752606616510705,86,0.554356575012207,configs/graca_lite_cora.yaml,,,,,,,,,
homophily_Cora_GAT_seed2,2026-05-31T20:35:18.966072,clean,2,Cora,,Homophily-TrainOnly,False,-,GAT,0,0.0007578628268283261,10556,10548,0,2.0,7.7902512550354,0.9176514032496307,0.8099659085273743,0.8099659085273743,0.814,0.834,0.8196599898290724,28,0.4503333568572998,configs/graca_lite_cora.yaml,,,,,,,,,
homophily_Cora_GraphSAGE_seed2,2026-05-31T20:35:18.966100,clean,2,Cora,,Homophily-TrainOnly,False,-,GraphSAGE,0,0.0007578628268283261,10556,10548,0,2.0,7.7902512550354,0.9176514032496307,0.8099659085273743,0.8099659085273743,0.764,0.752,0.7516004851860643,58,0.3910515308380127,configs/graca_lite_cora.yaml,,,,,,,,,
original_Cora_GCN_seed3,2026-05-31T20:35:22.666374,clean,3,Cora,,Original,False,-,GCN,0.0,0.0,10556,10556,0,0,0,1.0,0.8099659085273743,0.8099659085273743,0.78,0.78,0.7715429467553816,65,0.7824504375457764,configs/graca_lite_cora.yaml,,,,,,,,,
original_Cora_GAT_seed3,2026-05-31T20:35:22.666457,clean,3,Cora,,Original,False,-,GAT,0.0,0.0,10556,10556,0,0,0,1.0,0.8099659085273743,0.8099659085273743,0.804,0.823,0.8156094748218276,15,0.41674327850341797,configs/graca_lite_cora.yaml,,,,,,,,,
original_Cora_GraphSAGE_seed3,2026-05-31T20:35:22.666487,clean,3,Cora,,Original,False,-,GraphSAGE,0.0,0.0,10556,10556,0,0,0,1.0,0.8099659085273743,0.8099659085273743,0.774,0.78,0.7715564245154783,27,0.31302833557128906,configs/graca_lite_cora.yaml,,,,,,,,,
dropedge_Cora_GCN_seed3,2026-05-31T20:35:23.922037,clean,3,Cora,,DropEdge,False,-,GCN,0.2,0.0,10556,10556,0,0,0,1.0,0.8099659085273743,0.8099659085273743,0.774,0.786,0.7679482987388804,34,0.3926844596862793,configs/graca_lite_cora.yaml,,,,,,,,,
dropedge_Cora_GAT_seed3,2026-05-31T20:35:23.922121,clean,3,Cora,,DropEdge,False,-,GAT,0.2,0.0,10556,10556,0,0,0,1.0,0.8099659085273743,0.8099659085273743,0.816,0.829,0.8212001129557217,12,0.3929898738861084,configs/graca_lite_cora.yaml,,,,,,,,,
dropedge_Cora_GraphSAGE_seed3,2026-05-31T20:35:23.922152,clean,3,Cora,,DropEdge,False,-,GraphSAGE,0.2,0.0,10556,10556,0,0,0,1.0,0.8099659085273743,0.8099659085273743,0.74,0.744,0.7367960326999524,88,0.45670366287231445,configs/graca_lite_cora.yaml,,,,,,,,,
random_Cora_GCN_seed3,2026-05-31T20:35:25.317045,clean,3,Cora,,Random-Matched,False,-,GCN,0.19988632057597577,0.19988632057597577,10556,8446,135,0.0,6.237813949584961,0.844903988183161,0.8099659085273743,0.8099659085273743,0.762,0.762,0.7510791755587546,111,0.6024610996246338,configs/graca_lite_cora.yaml,,,,,,,,,
random_Cora_GAT_seed3,2026-05-31T20:35:25.317142,clean,3,Cora,,Random-Matched,False,-,GAT,0.19988632057597577,0.19988632057597577,10556,8446,135,0.0,6.237813949584961,0.844903988183161,0.8099659085273743,0.8099659085273743,0.8,0.797,0.7870100630154421,18,0.4066751003265381,configs/graca_lite_cora.yaml,,,,,,,,,
random_Cora_GraphSAGE_seed3,2026-05-31T20:35:25.317176,clean,3,Cora,,Random-Matched,False,-,GraphSAGE,0.19988632057597577,0.19988632057597577,10556,8446,135,0.0,6.237813949584961,0.844903988183161,0.8099659085273743,0.8099659085273743,0.738,0.732,0.7177472735961962,22,0.2930283546447754,configs/graca_lite_cora.yaml,,,,,,,,,
degree_random_Cora_GCN_seed3,2026-05-31T20:35:26.538448,clean,3,Cora,,DegreeAwareRandom-Matched,False,-,GCN,0.1870026525198939,0.1870026525198939,10556,8582,31,0.0,6.3382568359375,0.895864106351551,0.8099659085273743,0.8099659085273743,0.754,0.758,0.7504648930341089,56,0.4513697624206543,configs/graca_lite_cora.yaml,,,,,,,,,
degree_random_Cora_GAT_seed3,2026-05-31T20:35:26.538536,clean,3,Cora,,DegreeAwareRandom-Matched,False,-,GAT,0.1870026525198939,0.1870026525198939,10556,8582,31,0.0,6.3382568359375,0.895864106351551,0.8099659085273743,0.8099659085273743,0.79,0.814,0.8019453406659292,9,0.3746166229248047,configs/graca_lite_cora.yaml,,,,,,,,,
degree_random_Cora_GraphSAGE_seed3,2026-05-31T20:35:26.538574,clean,3,Cora,,DegreeAwareRandom-Matched,False,-,GraphSAGE,0.1870026525198939,0.1870026525198939,10556,8582,31,0.0,6.3382568359375,0.895864106351551,0.8099659085273743,0.8099659085273743,0.762,0.764,0.7606173624823693,27,0.30652427673339844,configs/graca_lite_cora.yaml,,,,,,,,,
homophily_Cora_GCN_seed3,2026-05-31T20:35:28.365309,clean,3,Cora,,Homophily-TrainOnly,False,-,GCN,0,0.0007578628268283261,10556,10548,0,2.0,7.7902512550354,0.9176514032496307,0.8099659085273743,0.8099659085273743,0.788,0.785,0.7765656544228229,55,0.43674802780151367,configs/graca_lite_cora.yaml,,,,,,,,,
homophily_Cora_GAT_seed3,2026-05-31T20:35:28.365385,clean,3,Cora,,Homophily-TrainOnly,False,-,GAT,0,0.0007578628268283261,10556,10548,0,2.0,7.7902512550354,0.9176514032496307,0.8099659085273743,0.8099659085273743,0.806,0.823,0.8129545726538913,188,0.9991652965545654,configs/graca_lite_cora.yaml,,,,,,,,,
homophily_Cora_GraphSAGE_seed3,2026-05-31T20:35:28.365416,clean,3,Cora,,Homophily-TrainOnly,False,-,GraphSAGE,0,0.0007578628268283261,10556,10548,0,2.0,7.7902512550354,0.9176514032496307,0.8099659085273743,0.8099659085273743,0.774,0.783,0.7745742879915346,25,0.295215368270874,configs/graca_lite_cora.yaml,,,,,,,,,
original_Cora_GCN_seed4,2026-05-31T20:35:32.419836,clean,4,Cora,,Original,False,-,GCN,0.0,0.0,10556,10556,0,0,0,1.0,0.8099659085273743,0.8099659085273743,0.798,0.799,0.7855187310175431,57,0.7616403102874756,configs/graca_lite_cora.yaml,,,,,,,,,
original_Cora_GAT_seed4,2026-05-31T20:35:32.419915,clean,4,Cora,,Original,False,-,GAT,0.0,0.0,10556,10556,0,0,0,1.0,0.8099659085273743,0.8099659085273743,0.81,0.818,0.8051420534714973,97,0.7365396022796631,configs/graca_lite_cora.yaml,,,,,,,,,
original_Cora_GraphSAGE_seed4,2026-05-31T20:35:32.419945,clean,4,Cora,,Original,False,-,GraphSAGE,0.0,0.0,10556,10556,0,0,0,1.0,0.8099659085273743,0.8099659085273743,0.766,0.779,0.7728277952782745,52,0.38769006729125977,configs/graca_lite_cora.yaml,,,,,,,,,
dropedge_Cora_GCN_seed4,2026-05-31T20:35:33.605393,clean,4,Cora,,DropEdge,False,-,GCN,0.2,0.0,10556,10556,0,0,0,1.0,0.8099659085273743,0.8099659085273743,0.78,0.778,0.7613912921263405,48,0.4494025707244873,configs/graca_lite_cora.yaml,,,,,,,,,
dropedge_Cora_GAT_seed4,2026-05-31T20:35:33.605472,clean,4,Cora,,DropEdge,False,-,GAT,0.2,0.0,10556,10556,0,0,0,1.0,0.8099659085273743,0.8099659085273743,0.808,0.814,0.8038877715786998,10,0.4084441661834717,configs/graca_lite_cora.yaml,,,,,,,,,
dropedge_Cora_GraphSAGE_seed4,2026-05-31T20:35:33.605501,clean,4,Cora,,DropEdge,False,-,GraphSAGE,0.2,0.0,10556,10556,0,0,0,1.0,0.8099659085273743,0.8099659085273743,0.758,0.747,0.7393524818912571,24,0.3145766258239746,configs/graca_lite_cora.yaml,,,,,,,,,
random_Cora_GCN_seed4,2026-05-31T20:35:35.137002,clean,4,Cora,,Random-Matched,False,-,GCN,0.19988632057597577,0.19988632057597577,10556,8446,125,0.0,6.237813949584961,0.845642540620384,0.8099659085273743,0.8099659085273743,0.778,0.761,0.7522446341948329,66,0.48646092414855957,configs/graca_lite_cora.yaml,,,,,,,,,
random_Cora_GAT_seed4,2026-05-31T20:35:35.137097,clean,4,Cora,,Random-Matched,False,-,GAT,0.19988632057597577,0.19988632057597577,10556,8446,125,0.0,6.237813949584961,0.845642540620384,0.8099659085273743,0.8099659085273743,0.796,0.799,0.7858383357825046,15,0.4223494529724121,configs/graca_lite_cora.yaml,,,,,,,,,
random_Cora_GraphSAGE_seed4,2026-05-31T20:35:35.137131,clean,4,Cora,,Random-Matched,False,-,GraphSAGE,0.19988632057597577,0.19988632057597577,10556,8446,125,0.0,6.237813949584961,0.845642540620384,0.8099659085273743,0.8099659085273743,0.72,0.712,0.7016016389036385,116,0.5286450386047363,configs/graca_lite_cora.yaml,,,,,,,,,
degree_random_Cora_GCN_seed4,2026-05-31T20:35:37.161226,clean,4,Cora,,DegreeAwareRandom-Matched,False,-,GCN,0.1870026525198939,0.1870026525198939,10556,8582,42,0.0,6.3382568359375,0.895864106351551,0.8099659085273743,0.8099659085273743,0.774,0.781,0.7722191900671616,71,0.4912090301513672,configs/graca_lite_cora.yaml,,,,,,,,,
degree_random_Cora_GAT_seed4,2026-05-31T20:35:37.161309,clean,4,Cora,,DegreeAwareRandom-Matched,False,-,GAT,0.1870026525198939,0.1870026525198939,10556,8582,42,0.0,6.3382568359375,0.895864106351551,0.8099659085273743,0.8099659085273743,0.806,0.805,0.7965015403871364,167,0.9766366481781006,configs/graca_lite_cora.yaml,,,,,,,,,
degree_random_Cora_GraphSAGE_seed4,2026-05-31T20:35:37.161339,clean,4,Cora,,DegreeAwareRandom-Matched,False,-,GraphSAGE,0.1870026525198939,0.1870026525198939,10556,8582,42,0.0,6.3382568359375,0.895864106351551,0.8099659085273743,0.8099659085273743,0.74,0.733,0.7312985864215334,91,0.4683983325958252,configs/graca_lite_cora.yaml,,,,,,,,,
homophily_Cora_GCN_seed4,2026-05-31T20:35:38.832732,clean,4,Cora,,Homophily-TrainOnly,False,-,GCN,0,0.0007578628268283261,10556,10548,0,2.0,7.7902512550354,0.9176514032496307,0.8099659085273743,0.8099659085273743,0.8,0.799,0.7855893382264275,58,0.4620838165283203,configs/graca_lite_cora.yaml,,,,,,,,,
homophily_Cora_GAT_seed4,2026-05-31T20:35:38.843786,clean,4,Cora,,Homophily-TrainOnly,False,-,GAT,0,0.0007578628268283261,10556,10548,0,2.0,7.7902512550354,0.9176514032496307,0.8099659085273743,0.8099659085273743,0.814,0.809,0.7981996999464432,109,0.7627801895141602,configs/graca_lite_cora.yaml,,,,,,,,,
homophily_Cora_GraphSAGE_seed4,2026-05-31T20:35:38.843857,clean,4,Cora,,Homophily-TrainOnly,False,-,GraphSAGE,0,0.0007578628268283261,10556,10548,0,2.0,7.7902512550354,0.9176514032496307,0.8099659085273743,0.8099659085273743,0.76,0.773,0.7688644891808192,43,0.350147008895874,configs/graca_lite_cora.yaml,,,,,,,,,
original_Cora_GCN_seed5,2026-05-31T20:35:42.722042,clean,5,Cora,,Original,False,-,GCN,0.0,0.0,10556,10556,0,0,0,1.0,0.8099659085273743,0.8099659085273743,0.772,0.783,0.7745841776795711,79,0.849510908126831,configs/graca_lite_cora.yaml,,,,,,,,,
original_Cora_GAT_seed5,2026-05-31T20:35:42.722120,clean,5,Cora,,Original,False,-,GAT,0.0,0.0,10556,10556,0,0,0,1.0,0.8099659085273743,0.8099659085273743,0.814,0.818,0.8092526220084585,18,0.46274852752685547,configs/graca_lite_cora.yaml,,,,,,,,,
original_Cora_GraphSAGE_seed5,2026-05-31T20:35:42.722152,clean,5,Cora,,Original,False,-,GraphSAGE,0.0,0.0,10556,10556,0,0,0,1.0,0.8099659085273743,0.8099659085273743,0.778,0.777,0.7701875319120747,39,0.3502922058105469,configs/graca_lite_cora.yaml,,,,,,,,,
dropedge_Cora_GCN_seed5,2026-05-31T20:35:44.045441,clean,5,Cora,,DropEdge,False,-,GCN,0.2,0.0,10556,10556,0,0,0,1.0,0.8099659085273743,0.8099659085273743,0.774,0.79,0.7799923574611715,61,0.4975438117980957,configs/graca_lite_cora.yaml,,,,,,,,,
dropedge_Cora_GAT_seed5,2026-05-31T20:35:44.045521,clean,5,Cora,,DropEdge,False,-,GAT,0.2,0.0,10556,10556,0,0,0,1.0,0.8099659085273743,0.8099659085273743,0.816,0.823,0.8122508024267928,11,0.42548394203186035,configs/graca_lite_cora.yaml,,,,,,,,,
dropedge_Cora_GraphSAGE_seed5,2026-05-31T20:35:44.045552,clean,5,Cora,,DropEdge,False,-,GraphSAGE,0.2,0.0,10556,10556,0,0,0,1.0,0.8099659085273743,0.8099659085273743,0.742,0.75,0.7427457048113626,51,0.3870384693145752,configs/graca_lite_cora.yaml,,,,,,,,,
random_Cora_GCN_seed5,2026-05-31T20:35:45.359554,clean,5,Cora,,Random-Matched,False,-,GCN,0.19988632057597577,0.19988632057597577,10556,8446,135,0.0,6.237813949584961,0.8570901033973413,0.8099659085273743,0.8099659085273743,0.762,0.753,0.7440405777699156,48,0.44218921661376953,configs/graca_lite_cora.yaml,,,,,,,,,
random_Cora_GAT_seed5,2026-05-31T20:35:45.359658,clean,5,Cora,,Random-Matched,False,-,GAT,0.19988632057597577,0.19988632057597577,10556,8446,135,0.0,6.237813949584961,0.8570901033973413,0.8099659085273743,0.8099659085273743,0.792,0.8,0.7886528047384613,9,0.4180917739868164,configs/graca_lite_cora.yaml,,,,,,,,,
random_Cora_GraphSAGE_seed5,2026-05-31T20:35:45.359703,clean,5,Cora,,Random-Matched,False,-,GraphSAGE,0.19988632057597577,0.19988632057597577,10556,8446,135,0.0,6.237813949584961,0.8570901033973413,0.8099659085273743,0.8099659085273743,0.74,0.754,0.748773400913537,43,0.3582417964935303,configs/graca_lite_cora.yaml,,,,,,,,,
degree_random_Cora_GCN_seed5,2026-05-31T20:35:46.735406,clean,5,Cora,,DegreeAwareRandom-Matched,False,-,GCN,0.1870026525198939,0.1870026525198939,10556,8582,47,0.0,6.3382568359375,0.8866322008862629,0.8099659085273743,0.8099659085273743,0.76,0.764,0.7578246408781203,66,0.49819374084472656,configs/graca_lite_cora.yaml,,,,,,,,,
degree_random_Cora_GAT_seed5,2026-05-31T20:35:46.735489,clean,5,Cora,,DegreeAwareRandom-Matched,False,-,GAT,0.1870026525198939,0.1870026525198939,10556,8582,47,0.0,6.3382568359375,0.8866322008862629,0.8099659085273743,0.8099659085273743,0.808,0.815,0.8004314529131358,10,0.41106414794921875,configs/graca_lite_cora.yaml,,,,,,,,,
degree_random_Cora_GraphSAGE_seed5,2026-05-31T20:35:46.735521,clean,5,Cora,,DegreeAwareRandom-Matched,False,-,GraphSAGE,0.1870026525198939,0.1870026525198939,10556,8582,47,0.0,6.3382568359375,0.8866322008862629,0.8099659085273743,0.8099659085273743,0.76,0.757,0.7476191049636854,50,0.3749866485595703,configs/graca_lite_cora.yaml,,,,,,,,,
homophily_Cora_GCN_seed5,2026-05-31T20:35:48.103338,clean,5,Cora,,Homophily-TrainOnly,False,-,GCN,0,0.0007578628268283261,10556,10548,0,2.0,7.7902512550354,0.9176514032496307,0.8099659085273743,0.8099659085273743,0.772,0.786,0.7763292154258163,57,0.4698779582977295,configs/graca_lite_cora.yaml,,,,,,,,,
homophily_Cora_GAT_seed5,2026-05-31T20:35:48.103417,clean,5,Cora,,Homophily-TrainOnly,False,-,GAT,0,0.0007578628268283261,10556,10548,0,2.0,7.7902512550354,0.9176514032496307,0.8099659085273743,0.8099659085273743,0.806,0.825,0.8162842771501309,15,0.42855191230773926,configs/graca_lite_cora.yaml,,,,,,,,,
homophily_Cora_GraphSAGE_seed5,2026-05-31T20:35:48.103445,clean,5,Cora,,Homophily-TrainOnly,False,-,GraphSAGE,0,0.0007578628268283261,10556,10548,0,2.0,7.7902512550354,0.9176514032496307,0.8099659085273743,0.8099659085273743,0.77,0.776,0.7694403162040526,41,0.3516101837158203,configs/graca_lite_cora.yaml,,,,,,,,,
original_Cora_GCN_seed6,2026-05-31T20:35:51.877336,clean,6,Cora,,Original,False,-,GCN,0.0,0.0,10556,10556,0,0,0,1.0,0.8099659085273743,0.8099659085273743,0.788,0.787,0.77630787110297,43,0.7305018901824951,configs/graca_lite_cora.yaml,,,,,,,,,
original_Cora_GAT_seed6,2026-05-31T20:35:51.877415,clean,6,Cora,,Original,False,-,GAT,0.0,0.0,10556,10556,0,0,0,1.0,0.8099659085273743,0.8099659085273743,0.818,0.825,0.8141470123277957,45,0.529163122177124,configs/graca_lite_cora.yaml,,,,,,,,,
original_Cora_GraphSAGE_seed6,2026-05-31T20:35:51.877444,clean,6,Cora,,Original,False,-,GraphSAGE,0.0,0.0,10556,10556,0,0,0,1.0,0.8099659085273743,0.8099659085273743,0.784,0.762,0.7592561567753834,54,0.37302541732788086,configs/graca_lite_cora.yaml,,,,,,,,,
dropedge_Cora_GCN_seed6,2026-05-31T20:35:53.189937,clean,6,Cora,,DropEdge,False,-,GCN,0.2,0.0,10556,10556,0,0,0,1.0,0.8099659085273743,0.8099659085273743,0.788,0.789,0.7824517871406399,50,0.4395327568054199,configs/graca_lite_cora.yaml,,,,,,,,,
dropedge_Cora_GAT_seed6,2026-05-31T20:35:53.190011,clean,6,Cora,,DropEdge,False,-,GAT,0.2,0.0,10556,10556,0,0,0,1.0,0.8099659085273743,0.8099659085273743,0.826,0.825,0.8161221806705831,23,0.4317777156829834,configs/graca_lite_cora.yaml,,,,,,,,,
dropedge_Cora_GraphSAGE_seed6,2026-05-31T20:35:53.190040,clean,6,Cora,,DropEdge,False,-,GraphSAGE,0.2,0.0,10556,10556,0,0,0,1.0,0.8099659085273743,0.8099659085273743,0.762,0.769,0.7650117183022564,77,0.42804384231567383,configs/graca_lite_cora.yaml,,,,,,,,,
random_Cora_GCN_seed6,2026-05-31T20:35:54.713607,clean,6,Cora,,Random-Matched,False,-,GCN,0.19988632057597577,0.19988632057597577,10556,8446,122,0.0,6.237813949584961,0.853397341211226,0.8099659085273743,0.8099659085273743,0.768,0.766,0.7523022335102377,46,0.42581915855407715,configs/graca_lite_cora.yaml,,,,,,,,,
random_Cora_GAT_seed6,2026-05-31T20:35:54.713713,clean,6,Cora,,Random-Matched,False,-,GAT,0.19988632057597577,0.19988632057597577,10556,8446,122,0.0,6.237813949584961,0.853397341211226,0.8099659085273743,0.8099659085273743,0.796,0.802,0.7920262833041013,19,0.44329190254211426,configs/graca_lite_cora.yaml,,,,,,,,,
random_Cora_GraphSAGE_seed6,2026-05-31T20:35:54.713749,clean,6,Cora,,Random-Matched,False,-,GraphSAGE,0.19988632057597577,0.19988632057597577,10556,8446,122,0.0,6.237813949584961,0.853397341211226,0.8099659085273743,0.8099659085273743,0.716,0.725,0.7158059573344014,126,0.5583391189575195,configs/graca_lite_cora.yaml,,,,,,,,,
degree_random_Cora_GCN_seed6,2026-05-31T20:35:56.152415,clean,6,Cora,,DegreeAwareRandom-Matched,False,-,GCN,0.1870026525198939,0.1870026525198939,10556,8582,36,0.0,6.3382568359375,0.8910635155096012,0.8099659085273743,0.8099659085273743,0.784,0.793,0.7813916200781277,80,0.5227587223052979,configs/graca_lite_cora.yaml,,,,,,,,,
degree_random_Cora_GAT_seed6,2026-05-31T20:35:56.152495,clean,6,Cora,,DegreeAwareRandom-Matched,False,-,GAT,0.1870026525198939,0.1870026525198939,10556,8582,36,0.0,6.3382568359375,0.8910635155096012,0.8099659085273743,0.8099659085273743,0.804,0.825,0.8094987347295567,18,0.43550682067871094,configs/graca_lite_cora.yaml,,,,,,,,,
degree_random_Cora_GraphSAGE_seed6,2026-05-31T20:35:56.152526,clean,6,Cora,,DegreeAwareRandom-Matched,False,-,GraphSAGE,0.1870026525198939,0.1870026525198939,10556,8582,36,0.0,6.3382568359375,0.8910635155096012,0.8099659085273743,0.8099659085273743,0.752,0.762,0.7595002046868392,60,0.39173150062561035,configs/graca_lite_cora.yaml,,,,,,,,,
homophily_Cora_GCN_seed6,2026-05-31T20:35:57.528398,clean,6,Cora,,Homophily-TrainOnly,False,-,GCN,0,0.0007578628268283261,10556,10548,0,2.0,7.7902512550354,0.9176514032496307,0.8099659085273743,0.8099659085273743,0.792,0.794,0.7840008302038338,55,0.4631640911102295,configs/graca_lite_cora.yaml,,,,,,,,,
homophily_Cora_GAT_seed6,2026-05-31T20:35:57.528473,clean,6,Cora,,Homophily-TrainOnly,False,-,GAT,0,0.0007578628268283261,10556,10548,0,2.0,7.7902512550354,0.9176514032496307,0.8099659085273743,0.8099659085273743,0.81,0.835,0.8221356308820434,21,0.44446539878845215,configs/graca_lite_cora.yaml,,,,,,,,,
homophily_Cora_GraphSAGE_seed6,2026-05-31T20:35:57.528502,clean,6,Cora,,Homophily-TrainOnly,False,-,GraphSAGE,0,0.0007578628268283261,10556,10548,0,2.0,7.7902512550354,0.9176514032496307,0.8099659085273743,0.8099659085273743,0.778,0.769,0.7627018790029687,54,0.35137438774108887,configs/graca_lite_cora.yaml,,,,,,,,,
original_Cora_GCN_seed7,2026-05-31T20:36:01.362306,clean,7,Cora,,Original,False,-,GCN,0.0,0.0,10556,10556,0,0,0,1.0,0.8099659085273743,0.8099659085273743,0.766,0.789,0.781966386330882,53,0.7775182723999023,configs/graca_lite_cora.yaml,,,,,,,,,
original_Cora_GAT_seed7,2026-05-31T20:36:01.362392,clean,7,Cora,,Original,False,-,GAT,0.0,0.0,10556,10556,0,0,0,1.0,0.8099659085273743,0.8099659085273743,0.81,0.824,0.8124201390655427,10,0.4307742118835449,configs/graca_lite_cora.yaml,,,,,,,,,
original_Cora_GraphSAGE_seed7,2026-05-31T20:36:01.362424,clean,7,Cora,,Original,False,-,GraphSAGE,0.0,0.0,10556,10556,0,0,0,1.0,0.8099659085273743,0.8099659085273743,0.766,0.747,0.7423045161368623,69,0.4288802146911621,configs/graca_lite_cora.yaml,,,,,,,,,
dropedge_Cora_GCN_seed7,2026-05-31T20:36:03.041303,clean,7,Cora,,DropEdge,False,-,GCN,0.2,0.0,10556,10556,0,0,0,1.0,0.8099659085273743,0.8099659085273743,0.782,0.794,0.7880481011630938,42,0.4370136260986328,configs/graca_lite_cora.yaml,,,,,,,,,
dropedge_Cora_GAT_seed7,2026-05-31T20:36:03.041378,clean,7,Cora,,DropEdge,False,-,GAT,0.2,0.0,10556,10556,0,0,0,1.0,0.8099659085273743,0.8099659085273743,0.81,0.816,0.80432647553499,108,0.7869060039520264,configs/graca_lite_cora.yaml,,,,,,,,,
dropedge_Cora_GraphSAGE_seed7,2026-05-31T20:36:03.041407,clean,7,Cora,,DropEdge,False,-,GraphSAGE,0.2,0.0,10556,10556,0,0,0,1.0,0.8099659085273743,0.8099659085273743,0.764,0.76,0.7521028306431825,72,0.44179272651672363,configs/graca_lite_cora.yaml,,,,,,,,,
random_Cora_GCN_seed7,2026-05-31T20:36:05.115895,clean,7,Cora,,Random-Matched,False,-,GCN,0.19988632057597577,0.19988632057597577,10556,8446,137,0.0,6.237813949584961,0.8460118168389956,0.8099659085273743,0.8099659085273743,0.746,0.763,0.7562041921554477,126,0.6591508388519287,configs/graca_lite_cora.yaml,,,,,,,,,
random_Cora_GAT_seed7,2026-05-31T20:36:05.115987,clean,7,Cora,,Random-Matched,False,-,GAT,0.19988632057597577,0.19988632057597577,10556,8446,137,0.0,6.237813949584961,0.8460118168389956,0.8099659085273743,0.8099659085273743,0.806,0.811,0.8050970979738002,81,0.6764926910400391,configs/graca_lite_cora.yaml,,,,,,,,,
random_Cora_GraphSAGE_seed7,2026-05-31T20:36:05.116022,clean,7,Cora,,Random-Matched,False,-,GraphSAGE,0.19988632057597577,0.19988632057597577,10556,8446,137,0.0,6.237813949584961,0.8460118168389956,0.8099659085273743,0.8099659085273743,0.726,0.713,0.7095710028716024,153,0.6429245471954346,configs/graca_lite_cora.yaml,,,,,,,,,
degree_random_Cora_GCN_seed7,2026-05-31T20:36:07.365671,clean,7,Cora,,DegreeAwareRandom-Matched,False,-,GCN,0.1870026525198939,0.1870026525198939,10556,8582,44,0.0,6.3382568359375,0.8866322008862629,0.8099659085273743,0.8099659085273743,0.772,0.76,0.7579201739216792,45,0.4258298873901367,configs/graca_lite_cora.yaml,,,,,,,,,
degree_random_Cora_GAT_seed7,2026-05-31T20:36:07.365755,clean,7,Cora,,DegreeAwareRandom-Matched,False,-,GAT,0.1870026525198939,0.1870026525198939,10556,8582,44,0.0,6.3382568359375,0.8866322008862629,0.8099659085273743,0.8099659085273743,0.82,0.802,0.7903568734481323,201,1.111703634262085,configs/graca_lite_cora.yaml,,,,,,,,,
degree_random_Cora_GraphSAGE_seed7,2026-05-31T20:36:07.365788,clean,7,Cora,,DegreeAwareRandom-Matched,False,-,GraphSAGE,0.1870026525198939,0.1870026525198939,10556,8582,44,0.0,6.3382568359375,0.8866322008862629,0.8099659085273743,0.8099659085273743,0.754,0.73,0.7231562311639316,149,0.62082839012146,configs/graca_lite_cora.yaml,,,,,,,,,
homophily_Cora_GCN_seed7,2026-05-31T20:36:09.078126,clean,7,Cora,,Homophily-TrainOnly,False,-,GCN,0,0.0007578628268283261,10556,10548,0,2.0,7.7902512550354,0.9176514032496307,0.8099659085273743,0.8099659085273743,0.772,0.792,0.7849656798931217,55,0.45589494705200195,configs/graca_lite_cora.yaml,,,,,,,,,
homophily_Cora_GAT_seed7,2026-05-31T20:36:09.078202,clean,7,Cora,,Homophily-TrainOnly,False,-,GAT,0,0.0007578628268283261,10556,10548,0,2.0,7.7902512550354,0.9176514032496307,0.8099659085273743,0.8099659085273743,0.812,0.819,0.8082407462838705,107,0.7689194679260254,configs/graca_lite_cora.yaml,,,,,,,,,
homophily_Cora_GraphSAGE_seed7,2026-05-31T20:36:09.078231,clean,7,Cora,,Homophily-TrainOnly,False,-,GraphSAGE,0,0.0007578628268283261,10556,10548,0,2.0,7.7902512550354,0.9176514032496307,0.8099659085273743,0.8099659085273743,0.76,0.757,0.7552324990234658,53,0.3868846893310547,configs/graca_lite_cora.yaml,,,,,,,,,
original_Cora_GCN_seed8,2026-05-31T20:36:12.911949,clean,8,Cora,,Original,False,-,GCN,0.0,0.0,10556,10556,0,0,0,1.0,0.8099659085273743,0.8099659085273743,0.758,0.769,0.7598646835275096,83,0.8553926944732666,configs/graca_lite_cora.yaml,,,,,,,,,
original_Cora_GAT_seed8,2026-05-31T20:36:12.912035,clean,8,Cora,,Original,False,-,GAT,0.0,0.0,10556,10556,0,0,0,1.0,0.8099659085273743,0.8099659085273743,0.81,0.822,0.8140937548797041,11,0.4357869625091553,configs/graca_lite_cora.yaml,,,,,,,,,
original_Cora_GraphSAGE_seed8,2026-05-31T20:36:12.912068,clean,8,Cora,,Original,False,-,GraphSAGE,0.0,0.0,10556,10556,0,0,0,1.0,0.8099659085273743,0.8099659085273743,0.756,0.764,0.7597204528568611,50,0.3744218349456787,configs/graca_lite_cora.yaml,,,,,,,,,
dropedge_Cora_GCN_seed8,2026-05-31T20:36:14.405769,clean,8,Cora,,DropEdge,False,-,GCN,0.2,0.0,10556,10556,0,0,0,1.0,0.8099659085273743,0.8099659085273743,0.756,0.774,0.7670129801846833,117,0.6604166030883789,configs/graca_lite_cora.yaml,,,,,,,,,
dropedge_Cora_GAT_seed8,2026-05-31T20:36:14.405849,clean,8,Cora,,DropEdge,False,-,GAT,0.2,0.0,10556,10556,0,0,0,1.0,0.8099659085273743,0.8099659085273743,0.814,0.835,0.8212451328494649,25,0.4760000705718994,configs/graca_lite_cora.yaml,,,,,,,,,
dropedge_Cora_GraphSAGE_seed8,2026-05-31T20:36:14.405889,clean,8,Cora,,DropEdge,False,-,GraphSAGE,0.2,0.0,10556,10556,0,0,0,1.0,0.8099659085273743,0.8099659085273743,0.78,0.768,0.7616345447075225,35,0.34395456314086914,configs/graca_lite_cora.yaml,,,,,,,,,
random_Cora_GCN_seed8,2026-05-31T20:36:16.105669,clean,8,Cora,,Random-Matched,False,-,GCN,0.19988632057597577,0.19988632057597577,10556,8446,114,0.0,6.237813949584961,0.8581979320531757,0.8099659085273743,0.8099659085273743,0.734,0.74,0.7330858143268191,107,0.6136465072631836,configs/graca_lite_cora.yaml,,,,,,,,,
random_Cora_GAT_seed8,2026-05-31T20:36:16.105767,clean,8,Cora,,Random-Matched,False,-,GAT,0.19988632057597577,0.19988632057597577,10556,8446,114,0.0,6.237813949584961,0.8581979320531757,0.8099659085273743,0.8099659085273743,0.796,0.787,0.7588844476453722,7,0.40229177474975586,configs/graca_lite_cora.yaml,,,,,,,,,
random_Cora_GraphSAGE_seed8,2026-05-31T20:36:16.105802,clean,8,Cora,,Random-Matched,False,-,GraphSAGE,0.19988632057597577,0.19988632057597577,10556,8446,114,0.0,6.237813949584961,0.8581979320531757,0.8099659085273743,0.8099659085273743,0.714,0.734,0.7235052379995309,139,0.5745992660522461,configs/graca_lite_cora.yaml,,,,,,,,,
degree_random_Cora_GCN_seed8,2026-05-31T20:36:17.937015,clean,8,Cora,,DegreeAwareRandom-Matched,False,-,GCN,0.1870026525198939,0.1870026525198939,10556,8582,46,0.0,6.3382568359375,0.8844165435745938,0.8099659085273743,0.8099659085273743,0.764,0.77,0.7553582227203909,134,0.7014427185058594,configs/graca_lite_cora.yaml,,,,,,,,,
degree_random_Cora_GAT_seed8,2026-05-31T20:36:17.937096,clean,8,Cora,,DegreeAwareRandom-Matched,False,-,GAT,0.1870026525198939,0.1870026525198939,10556,8582,46,0.0,6.3382568359375,0.8844165435745938,0.8099659085273743,0.8099659085273743,0.802,0.809,0.7961032354326283,73,0.6613740921020508,configs/graca_lite_cora.yaml,,,,,,,,,
degree_random_Cora_GraphSAGE_seed8,2026-05-31T20:36:17.937125,clean,8,Cora,,DegreeAwareRandom-Matched,False,-,GraphSAGE,0.1870026525198939,0.1870026525198939,10556,8582,46,0.0,6.3382568359375,0.8844165435745938,0.8099659085273743,0.8099659085273743,0.728,0.75,0.7420959201044609,51,0.3781604766845703,configs/graca_lite_cora.yaml,,,,,,,,,
homophily_Cora_GCN_seed8,2026-05-31T20:36:19.584105,clean,8,Cora,,Homophily-TrainOnly,False,-,GCN,0,0.0007578628268283261,10556,10548,0,2.0,7.7902512550354,0.9176514032496307,0.8099659085273743,0.8099659085273743,0.764,0.772,0.7632571904524434,85,0.5560243129730225,configs/graca_lite_cora.yaml,,,,,,,,,
homophily_Cora_GAT_seed8,2026-05-31T20:36:19.584184,clean,8,Cora,,Homophily-TrainOnly,False,-,GAT,0,0.0007578628268283261,10556,10548,0,2.0,7.7902512550354,0.9176514032496307,0.8099659085273743,0.8099659085273743,0.808,0.831,0.8205257717345191,64,0.6119539737701416,configs/graca_lite_cora.yaml,,,,,,,,,
homophily_Cora_GraphSAGE_seed8,2026-05-31T20:36:19.584213,clean,8,Cora,,Homophily-TrainOnly,False,-,GraphSAGE,0,0.0007578628268283261,10556,10548,0,2.0,7.7902512550354,0.9176514032496307,0.8099659085273743,0.8099659085273743,0.754,0.762,0.7576581252940316,49,0.3802492618560791,configs/graca_lite_cora.yaml,,,,,,,,,
original_Cora_GCN_seed9,2026-05-31T20:36:23.749717,clean,9,Cora,,Original,False,-,GCN,0.0,0.0,10556,10556,0,0,0,1.0,0.8099659085273743,0.8099659085273743,0.774,0.788,0.7785488153515994,64,0.7883532047271729,configs/graca_lite_cora.yaml,,,,,,,,,
original_Cora_GAT_seed9,2026-05-31T20:36:23.749797,clean,9,Cora,,Original,False,-,GAT,0.0,0.0,10556,10556,0,0,0,1.0,0.8099659085273743,0.8099659085273743,0.814,0.806,0.7988529333180245,72,0.6059892177581787,configs/graca_lite_cora.yaml,,,,,,,,,
original_Cora_GraphSAGE_seed9,2026-05-31T20:36:23.749826,clean,9,Cora,,Original,False,-,GraphSAGE,0.0,0.0,10556,10556,0,0,0,1.0,0.8099659085273743,0.8099659085273743,0.776,0.773,0.7635326018002951,150,0.5984752178192139,configs/graca_lite_cora.yaml,,,,,,,,,
dropedge_Cora_GCN_seed9,2026-05-31T20:36:25.132089,clean,9,Cora,,DropEdge,False,-,GCN,0.2,0.0,10556,10556,0,0,0,1.0,0.8099659085273743,0.8099659085273743,0.762,0.788,0.7807025620789119,73,0.5146560668945312,configs/graca_lite_cora.yaml,,,,,,,,,
dropedge_Cora_GAT_seed9,2026-05-31T20:36:25.132178,clean,9,Cora,,DropEdge,False,-,GAT,0.2,0.0,10556,10556,0,0,0,1.0,0.8099659085273743,0.8099659085273743,0.812,0.811,0.8019810342069243,58,0.5491735935211182,configs/graca_lite_cora.yaml,,,,,,,,,
dropedge_Cora_GraphSAGE_seed9,2026-05-31T20:36:25.132207,clean,9,Cora,,DropEdge,False,-,GraphSAGE,0.2,0.0,10556,10556,0,0,0,1.0,0.8099659085273743,0.8099659085273743,0.778,0.767,0.7639385439069614,26,0.3051614761352539,configs/graca_lite_cora.yaml,,,,,,,,,
random_Cora_GCN_seed9,2026-05-31T20:36:26.631667,clean,9,Cora,,Random-Matched,False,-,GCN,0.19988632057597577,0.19988632057597577,10556,8446,126,0.0,6.237813949584961,0.8585672082717873,0.8099659085273743,0.8099659085273743,0.752,0.764,0.7557675686393875,80,0.511221170425415,configs/graca_lite_cora.yaml,,,,,,,,,
random_Cora_GAT_seed9,2026-05-31T20:36:26.631762,clean,9,Cora,,Random-Matched,False,-,GAT,0.19988632057597577,0.19988632057597577,10556,8446,126,0.0,6.237813949584961,0.8585672082717873,0.8099659085273743,0.8099659085273743,0.8,0.796,0.7853114035182273,54,0.5279338359832764,configs/graca_lite_cora.yaml,,,,,,,,,
random_Cora_GraphSAGE_seed9,2026-05-31T20:36:26.631797,clean,9,Cora,,Random-Matched,False,-,GraphSAGE,0.19988632057597577,0.19988632057597577,10556,8446,126,0.0,6.237813949584961,0.8585672082717873,0.8099659085273743,0.8099659085273743,0.746,0.735,0.7347473277113367,46,0.3556802272796631,configs/graca_lite_cora.yaml,,,,,,,,,
degree_random_Cora_GCN_seed9,2026-05-31T20:36:28.118615,clean,9,Cora,,DegreeAwareRandom-Matched,False,-,GCN,0.1870026525198939,0.1870026525198939,10556,8582,31,0.0,6.3382568359375,0.8877400295420975,0.8099659085273743,0.8099659085273743,0.75,0.76,0.7551660345467823,50,0.43918919563293457,configs/graca_lite_cora.yaml,,,,,,,,,
degree_random_Cora_GAT_seed9,2026-05-31T20:36:28.118699,clean,9,Cora,,DegreeAwareRandom-Matched,False,-,GAT,0.1870026525198939,0.1870026525198939,10556,8582,31,0.0,6.3382568359375,0.8877400295420975,0.8099659085273743,0.8099659085273743,0.8,0.795,0.7821995142577787,15,0.4315760135650635,configs/graca_lite_cora.yaml,,,,,,,,,
degree_random_Cora_GraphSAGE_seed9,2026-05-31T20:36:28.118731,clean,9,Cora,,DegreeAwareRandom-Matched,False,-,GraphSAGE,0.1870026525198939,0.1870026525198939,10556,8582,31,0.0,6.3382568359375,0.8877400295420975,0.8099659085273743,0.8099659085273743,0.742,0.753,0.7502098459599554,113,0.5283210277557373,configs/graca_lite_cora.yaml,,,,,,,,,
homophily_Cora_GCN_seed9,2026-05-31T20:36:30.272111,clean,9,Cora,,Homophily-TrainOnly,False,-,GCN,0,0.0007578628268283261,10556,10548,0,2.0,7.7902512550354,0.9176514032496307,0.8099659085273743,0.8099659085273743,0.776,0.785,0.7779353969245758,78,0.5355713367462158,configs/graca_lite_cora.yaml,,,,,,,,,
homophily_Cora_GAT_seed9,2026-05-31T20:36:30.272192,clean,9,Cora,,Homophily-TrainOnly,False,-,GAT,0,0.0007578628268283261,10556,10548,0,2.0,7.7902512550354,0.9176514032496307,0.8099659085273743,0.8099659085273743,0.808,0.813,0.8033797411919206,108,0.7677078247070312,configs/graca_lite_cora.yaml,,,,,,,,,
homophily_Cora_GraphSAGE_seed9,2026-05-31T20:36:30.272221,clean,9,Cora,,Homophily-TrainOnly,False,-,GraphSAGE,0,0.0007578628268283261,10556,10548,0,2.0,7.7902512550354,0.9176514032496307,0.8099659085273743,0.8099659085273743,0.78,0.774,0.7665459973517098,252,0.7525944709777832,configs/graca_lite_cora.yaml,,,,,,,,,
