dataset,noise_type,noise_ratio,seed,method,method_type,downstream_model,test_acc,test_f1,val_acc,bad_edge_precision,bad_edge_recall,bad_edge_f1,actual_prune_ratio,edge_homophily_before,edge_homophily_after,num_edges_before,num_edges_after,runtime,hp_lambda_pos,hp_lambda_neg,hp_score_ratio,diag_mode,diag_lambda_pos,diag_lambda_neg,diag_degree_norm,diag_feature_risk_mean,diag_dynamic_grad_mean,diag_pos_grad_mean,diag_neg_grad_mean,diag_hybrid_score_mean,diag_hybrid_score_std,diag_edge_score_auc,hp_consistency_weight,hp_checkpoint_fractions,hp_total_epochs,diag_method,diag_consistency_weight,diag_num_checkpoints,diag_mean_grad_mean,diag_consistency_mean,diag_stability_mean,diag_confidence_mean,hp_gate_type,hp_tau_quantile,hp_checkpoint_control,diag_gate_type,diag_tau,diag_tau_quantile,diag_soft_k,diag_feature_sim_mean,diag_gate_active_fraction,diag_gate_mean,diag_dynamic_contribution_mean,diag_dynamic_contribution_abs_mean
Cora,feature_similar_cross_class,0.3,0,Feature-only,feature_only,GCN,0.607,0.5758684318321805,0.596,0.08819241982507289,0.0764371446620341,0.08189509306260574,0.19997084973036006,0.6230869889259338,0.6068500280380249,13722,10978,1.1525580883026123,,,,,,,,,,,,,,,,,,,,,,,,,,,,,,,,,,,,
Cora,feature_similar_cross_class,0.3,0,GraGE-Hybrid-FO-posneg-lp0.1-ln0.5,hybrid_baseline,GCN,0.606,0.5754505013876926,0.582,0.0,0.0,0.0,0.19997084973036006,0.6230869889259338,0.5919110774993896,13722,10978,1.2699596881866455,0.1,0.5,0.3,feature_pos_neg,0.1,0.5,False,0.842603862285614,1.7987343881031848e-06,1.6978725398075767e-05,1.5179991351033095e-05,0.2999999523162842,0.29789599776268005,0.47082563242408143,,,,,,,,,,,,,,,,,,,,,,
Cora,feature_similar_cross_class,0.3,0,MCGC-cw3.0-lp0.1-ln0.5,mcgc,GCN,0.623,0.5996567554635713,0.6,0.15451895043731778,0.13392293114339862,0.14348561759729273,0.19997084973036006,0.6230869889259338,0.6205137372016907,13722,10978,2.3012497425079346,0.1,0.5,0.3,,0.1,0.5,,0.842603862285614,,,,0.3228367269039154,0.362508088350296,0.46854821393562757,3.0,"[0.3, 0.5, 0.7, 0.9]",200.0,mcgc,3.0,4.0,1.021145266122403e-07,0.9168488383293152,0.5273646712303162,0.4999999701976776,,,,,,,,,,,,
Cora,feature_similar_cross_class,0.3,0,Selective-MCGC-hard-q0.5-lp0.1-ln0.5,selective_mcgc,GCN,0.609,0.5769283568285524,0.596,0.08892128279883382,0.07706885660138976,0.08257191201353638,0.19997084973036006,0.6230869889259338,0.6070322394371033,13722,10978,2.3850910663604736,0.1,0.5,0.3,,0.1,0.5,,0.842603862285614,,,,0.4163967967033386,0.3921171724796295,0.5624168618973333,3.0,"[0.3, 0.5, 0.7, 0.9]",200.0,selective_mcgc,3.0,4.0,1.7608026325888204e-07,0.8843462467193604,0.48566290736198425,0.4999999701976776,hard,0.5,real,hard,0.13650470972061157,0.5,20.0,0.1573961079120636,0.5013846158981323,0.5013846158981323,-0.0836031436920166,0.09778495132923126
Cora,feature_similar_cross_class,0.3,0,Random-Matched,random_matched,GCN,0.656,0.6343169933640672,0.64,0.22667638483965014,0.19646241313960833,0.2104906937394247,0.19997084973036006,0.6230869889259338,0.6259792447090149,13722,10978,0.7440018653869629,,,,,,,,,,,,,,,,,,,,,,,,,,,,,,,,,,,,
Cora,feature_similar_cross_class,0.3,1,Feature-only,feature_only,GCN,0.595,0.5791431660331302,0.6,0.08819241982507289,0.0764371446620341,0.08189509306260574,0.19997084973036006,0.6230869889259338,0.6068500280380249,13722,10978,0.7757551670074463,,,,,,,,,,,,,,,,,,,,,,,,,,,,,,,,,,,,
Cora,feature_similar_cross_class,0.3,1,GraGE-Hybrid-FO-posneg-lp0.1-ln0.5,hybrid_baseline,GCN,0.593,0.5885637546991563,0.576,0.0007288629737609329,0.0006317119393556538,0.0006768189509306261,0.19997084973036006,0.6230869889259338,0.5911823511123657,13722,10978,1.7274250984191895,0.1,0.5,0.3,feature_pos_neg,0.1,0.5,False,0.8429648280143738,5.9071453506476246e-08,6.407460659829667e-07,5.816746693199093e-07,0.2999999523162842,0.2995162010192871,0.4864792938997309,,,,,,,,,,,,,,,,,,,,,,
Cora,feature_similar_cross_class,0.3,1,MCGC-cw3.0-lp0.1-ln0.5,mcgc,GCN,0.621,0.6214923873640215,0.616,0.15451895043731778,0.13392293114339862,0.14348561759729273,0.19997084973036006,0.6230869889259338,0.6232464909553528,13722,10978,6.47349214553833,0.1,0.5,0.3,,0.1,0.5,,0.8429648280143738,,,,0.3465638756752014,0.3504684567451477,0.49786979744284726,3.0,"[0.3, 0.5, 0.7, 0.9]",200.0,mcgc,3.0,4.0,2.5859904440039827e-07,0.8686051368713379,0.4875071346759796,0.4999999701976776,,,,,,,,,,,,
Cora,feature_similar_cross_class,0.3,1,Selective-MCGC-hard-q0.5-lp0.1-ln0.5,selective_mcgc,GCN,0.612,0.5916387866994048,0.604,0.09110787172011661,0.07896399241945673,0.08460236886632826,0.19997084973036006,0.6230869889259338,0.6073966026306152,13722,10978,5.4769322872161865,0.1,0.5,0.3,,0.1,0.5,,0.8429648280143738,,,,0.4220585227012634,0.3837401270866394,0.57283968998958,3.0,"[0.3, 0.5, 0.7, 0.9]",200.0,selective_mcgc,3.0,4.0,2.091824882199944e-07,0.8744351863861084,0.5059877634048462,0.4999999403953552,hard,0.5,real,hard,0.13608276844024658,0.5,20.0,0.15703511238098145,0.5019676089286804,0.5019676089286804,-0.07794145494699478,0.09152710437774658
Cora,feature_similar_cross_class,0.3,1,Random-Matched,random_matched,GCN,0.665,0.656838535523365,0.684,0.2434402332361516,0.21099178774478838,0.22605752961082912,0.19997084973036006,0.6230869889259338,0.6257970333099365,13722,10978,0.9784877300262451,,,,,,,,,,,,,,,,,,,,,,,,,,,,,,,,,,,,
Cora,feature_similar_cross_class,0.3,2,Feature-only,feature_only,GCN,0.592,0.5824500910231112,0.564,0.08965014577259475,0.07770056854074542,0.083248730964467,0.19997084973036006,0.6230869889259338,0.6072143912315369,13722,10978,0.8775646686553955,,,,,,,,,,,,,,,,,,,,,,,,,,,,,,,,,,,,
Cora,feature_similar_cross_class,0.3,2,GraGE-Hybrid-FO-posneg-lp0.1-ln0.5,hybrid_baseline,GCN,0.587,0.5849572179484065,0.558,0.0,0.0,0.0,0.19997084973036006,0.6230869889259338,0.5899070501327515,13722,10978,1.4805514812469482,0.1,0.5,0.3,feature_pos_neg,0.1,0.5,False,0.8429141044616699,6.898272658872884e-06,2.9665141482837498e-05,2.2766869733459316e-05,0.29999998211860657,0.29955190420150757,0.4685426484552979,,,,,,,,,,,,,,,,,,,,,,
Cora,feature_similar_cross_class,0.3,2,MCGC-cw3.0-lp0.1-ln0.5,mcgc,GCN,0.602,0.5985252407610291,0.578,0.15451895043731778,0.13392293114339862,0.14348561759729273,0.19997084973036006,0.6230869889259338,0.6245217323303223,13722,10978,2.096653461456299,0.1,0.5,0.3,,0.1,0.5,,0.8429141044616699,,,,0.32903820276260376,0.35896626114845276,0.4541960968867541,3.0,"[0.3, 0.5, 0.7, 0.9]",200.0,mcgc,3.0,4.0,1.8511202881654754e-07,0.902383029460907,0.5863532423973083,0.4999999701976776,,,,,,,,,,,,
Cora,feature_similar_cross_class,0.3,2,Selective-MCGC-hard-q0.5-lp0.1-ln0.5,selective_mcgc,GCN,0.588,0.5769504700109408,0.564,0.09110787172011661,0.07896399241945673,0.08460236886632826,0.19997084973036006,0.6230869889259338,0.6073966026306152,13722,10978,6.15767502784729,0.1,0.5,0.3,,0.1,0.5,,0.8429141044616699,,,,0.4212746024131775,0.3864348232746124,0.5731460906270849,3.0,"[0.3, 0.5, 0.7, 0.9]",200.0,selective_mcgc,3.0,4.0,1.573220202999437e-07,0.9135693907737732,0.5936458110809326,0.4999999701976776,hard,0.5,real,hard,0.13608276844024658,0.5,20.0,0.15708589553833008,0.5019676089286804,0.5019676089286804,-0.07872537523508072,0.09334585070610046
Cora,feature_similar_cross_class,0.3,2,Random-Matched,random_matched,GCN,0.633,0.6234806787607117,0.628,0.22813411078717202,0.19772583701831964,0.21184433164128597,0.19997084973036006,0.6230869889259338,0.6236108541488647,13722,10978,2.4195802211761475,,,,,,,,,,,,,,,,,,,,,,,,,,,,,,,,,,,,
Cora,feature_similar_cross_class,0.3,3,Feature-only,feature_only,GCN,0.592,0.5780787157601558,0.568,0.08454810495626822,0.07327858496525584,0.07851099830795262,0.19997084973036006,0.6230869889259338,0.6063035130500793,13722,10978,0.8807113170623779,,,,,,,,,,,,,,,,,,,,,,,,,,,,,,,,,,,,
Cora,feature_similar_cross_class,0.3,3,GraGE-Hybrid-FO-posneg-lp0.1-ln0.5,hybrid_baseline,GCN,0.595,0.5839825434269524,0.576,0.0,0.0,0.0,0.19997084973036006,0.6230869889259338,0.59245765209198,13722,10978,1.274306297302246,0.1,0.5,0.3,feature_pos_neg,0.1,0.5,False,0.8429012298583984,3.761098469112767e-06,2.8759148335666396e-05,2.4998049411806278e-05,0.29999998211860657,0.3017669916152954,0.47662935121819383,,,,,,,,,,,,,,,,,,,,,,
Cora,feature_similar_cross_class,0.3,3,MCGC-cw3.0-lp0.1-ln0.5,mcgc,GCN,0.637,0.6354990011807137,0.6,0.16763848396501457,0.14529374605180037,0.155668358714044,0.19997084973036006,0.6230869889259338,0.6263436079025269,13722,10978,2.361344575881958,0.1,0.5,0.3,,0.1,0.5,,0.8429012298583984,,,,0.326694518327713,0.3627013564109802,0.48552137300040665,3.0,"[0.3, 0.5, 0.7, 0.9]",200.0,mcgc,3.0,4.0,1.2571857155307953e-07,0.8825607895851135,0.4583854675292969,0.4999999701976776,,,,,,,,,,,,
Cora,feature_similar_cross_class,0.3,3,Selective-MCGC-hard-q0.5-lp0.1-ln0.5,selective_mcgc,GCN,0.591,0.5783163332342637,0.574,0.08819241982507289,0.0764371446620341,0.08189509306260574,0.19997084973036006,0.6230869889259338,0.6068500280380249,13722,10978,2.413778066635132,0.1,0.5,0.3,,0.1,0.5,,0.8429012298583984,,,,0.42575517296791077,0.379018634557724,0.5675289051898283,3.0,"[0.3, 0.5, 0.7, 0.9]",200.0,selective_mcgc,3.0,4.0,4.2312538539590605e-07,0.8598964810371399,0.4556417167186737,0.4999999403953552,hard,0.5,real,hard,0.13636364042758942,0.5,20.0,0.15709877014160156,0.5006558895111084,0.5006558895111084,-0.07424478232860565,0.0883306935429573
Cora,feature_similar_cross_class,0.3,3,Random-Matched,random_matched,GCN,0.676,0.654552218927328,0.642,0.2259475218658892,0.19583070120025267,0.2098138747884941,0.19997084973036006,0.6230869889259338,0.6237930059432983,13722,10978,0.815436840057373,,,,,,,,,,,,,,,,,,,,,,,,,,,,,,,,,,,,
Cora,feature_similar_cross_class,0.3,4,Feature-only,feature_only,GCN,0.625,0.6148754572330074,0.578,0.08454810495626822,0.07327858496525584,0.07851099830795262,0.19997084973036006,0.6230869889259338,0.6063035130500793,13722,10978,1.0646464824676514,,,,,,,,,,,,,,,,,,,,,,,,,,,,,,,,,,,,
Cora,feature_similar_cross_class,0.3,4,GraGE-Hybrid-FO-posneg-lp0.1-ln0.5,hybrid_baseline,GCN,0.609,0.5966169267402508,0.57,0.0,0.0,0.0,0.19997084973036006,0.6230869889259338,0.5926398038864136,13722,10978,3.3301780223846436,0.1,0.5,0.3,feature_pos_neg,0.1,0.5,False,0.8430176377296448,4.8293827603629325e-06,3.0038956538191997e-05,2.520957605156582e-05,0.2999999523162842,0.30021026730537415,0.47600511976315235,,,,,,,,,,,,,,,,,,,,,,
Cora,feature_similar_cross_class,0.3,4,MCGC-cw3.0-lp0.1-ln0.5,mcgc,GCN,0.63,0.6184123337732705,0.596,0.14650145772594753,0.1269740998104864,0.13604060913705582,0.19997084973036006,0.6230869889259338,0.6201493740081787,13722,10978,6.142316102981567,0.1,0.5,0.3,,0.1,0.5,,0.8430176377296448,,,,0.3212731182575226,0.3647802472114563,0.4499809935854548,3.0,"[0.3, 0.5, 0.7, 0.9]",200.0,mcgc,3.0,4.0,1.4336659148739272e-07,0.91535484790802,0.5485546588897705,0.4999999701976776,,,,,,,,,,,,
Cora,feature_similar_cross_class,0.3,4,Selective-MCGC-hard-q0.5-lp0.1-ln0.5,selective_mcgc,GCN,0.624,0.6140549387627624,0.578,0.08454810495626822,0.07327858496525584,0.07851099830795262,0.19997084973036006,0.6230869889259338,0.6063035130500793,13722,10978,4.521402597427368,0.1,0.5,0.3,,0.1,0.5,,0.8430176377296448,,,,0.4160686433315277,0.39219582080841064,0.5671184958984206,3.0,"[0.3, 0.5, 0.7, 0.9]",200.0,selective_mcgc,3.0,4.0,1.4674131421088532e-07,0.9130592942237854,0.5438272953033447,0.4999999701976776,hard,0.5,real,hard,0.13608276844024658,0.5,20.0,0.15698236227035522,0.5006558895111084,0.5006558895111084,-0.0839313343167305,0.09696895629167557
Cora,feature_similar_cross_class,0.3,4,Random-Matched,random_matched,GCN,0.645,0.632211634234695,0.642,0.22157434402332363,0.19204042956411876,0.20575296108291033,0.19997084973036006,0.6230869889259338,0.6232464909553528,13722,10978,0.7584099769592285,,,,,,,,,,,,,,,,,,,,,,,,,,,,,,,,,,,,
Cora,low_feature_similarity,0.3,0,Feature-only,feature_only,GCN,0.713,0.7031190989469722,0.674,0.5830903790087464,0.505369551484523,0.5414551607445008,0.19997084973036006,0.6563183069229126,0.7176170349121094,13722,10978,0.7635965347290039,,,,,,,,,,,,,,,,,,,,,,,,,,,,,,,,,,,,
Cora,low_feature_similarity,0.3,0,GraGE-Hybrid-FO-posneg-lp0.1-ln0.5,hybrid_baseline,GCN,0.742,0.7291327550836996,0.72,0.6581632653061225,0.5704358812381554,0.6111675126903553,0.19997084973036006,0.6563183069229126,0.7378392815589905,13722,10978,1.339674949645996,0.1,0.5,0.3,feature_pos_neg,0.1,0.5,False,0.871027410030365,4.515335604082793e-06,2.8414691769285128e-05,2.389935434621293e-05,0.2999999523162842,0.2607886791229248,0.9145082377487022,,,,,,,,,,,,,,,,,,,,,,
Cora,low_feature_similarity,0.3,0,MCGC-cw3.0-lp0.1-ln0.5,mcgc,GCN,0.744,0.7331676421365908,0.72,0.5466472303206997,0.4737839545167404,0.5076142131979695,0.19997084973036006,0.6563183069229126,0.7203497886657715,13722,10978,2.0078186988830566,0.1,0.5,0.3,,0.1,0.5,,0.871027410030365,,,,0.31900539994239807,0.3225776255130768,0.7775311146256755,3.0,"[0.3, 0.5, 0.7, 0.9]",200.0,mcgc,3.0,4.0,1.032174523629692e-07,0.8827430009841919,0.546495795249939,0.4999999701976776,,,,,,,,,,,,
Cora,low_feature_similarity,0.3,0,Selective-MCGC-hard-q0.5-lp0.1-ln0.5,selective_mcgc,GCN,0.776,0.7664819044723439,0.764,1.0,0.866708780795957,0.9285956006768189,0.19997084973036006,0.6563183069229126,0.7859354615211487,13722,10978,2.394376516342163,0.1,0.5,0.3,,0.1,0.5,,0.871027410030365,,,,0.42785149812698364,0.3787468373775482,0.9999999999999999,3.0,"[0.3, 0.5, 0.7, 0.9]",200.0,selective_mcgc,3.0,4.0,7.440082328002973e-08,0.8928362727165222,0.5193231105804443,0.4999999701976776,hard,0.5,real,hard,0.10540926456451416,0.5,20.0,0.12897257506847382,0.5019676089286804,0.5019676089286804,-0.07214843481779099,0.08486631512641907
Cora,low_feature_similarity,0.3,0,Random-Matched,random_matched,GCN,0.706,0.6931471755771003,0.676,0.22667638483965014,0.19646241313960833,0.2104906937394247,0.19997084973036006,0.6563183069229126,0.6609582901000977,13722,10978,0.830467939376831,,,,,,,,,,,,,,,,,,,,,,,,,,,,,,,,,,,,
Cora,low_feature_similarity,0.3,1,Feature-only,feature_only,GCN,0.713,0.7068175992493043,0.678,0.5830903790087464,0.505369551484523,0.5414551607445008,0.19997084973036006,0.6542778015136719,0.7187101244926453,13722,10978,0.7566070556640625,,,,,,,,,,,,,,,,,,,,,,,,,,,,,,,,,,,,
Cora,low_feature_similarity,0.3,1,GraGE-Hybrid-FO-posneg-lp0.1-ln0.5,hybrid_baseline,GCN,0.735,0.7361788183915604,0.68,0.6370262390670554,0.5521162349968415,0.5915397631133671,0.19997084973036006,0.6542778015136719,0.7300054430961609,13722,10978,1.6657538414001465,0.1,0.5,0.3,feature_pos_neg,0.1,0.5,False,0.871027410030365,3.6895368538125695e-08,6.461251587097649e-07,6.092298008297803e-07,0.2999999523162842,0.25733286142349243,0.9080438425799698,,,,,,,,,,,,,,,,,,,,,,
Cora,low_feature_similarity,0.3,1,MCGC-cw3.0-lp0.1-ln0.5,mcgc,GCN,0.699,0.6948288397485819,0.66,0.5371720116618076,0.4655716993051169,0.4988155668358714,0.19997084973036006,0.6542778015136719,0.7119693756103516,13722,10978,1.997605800628662,0.1,0.5,0.3,,0.1,0.5,,0.871027410030365,,,,0.31643274426460266,0.32506850361824036,0.753067716695268,3.0,"[0.3, 0.5, 0.7, 0.9]",200.0,mcgc,3.0,4.0,1.6906166422359092e-07,0.9121847748756409,0.553528368473053,0.4999999701976776,,,,,,,,,,,,
Cora,low_feature_similarity,0.3,1,Selective-MCGC-hard-q0.5-lp0.1-ln0.5,selective_mcgc,GCN,0.759,0.7576435883694188,0.748,1.0,0.866708780795957,0.9285956006768189,0.19997084973036006,0.6542778015136719,0.7850245833396912,13722,10978,2.470031261444092,0.1,0.5,0.3,,0.1,0.5,,0.871027410030365,,,,0.42770931124687195,0.37714138627052307,1.0,3.0,"[0.3, 0.5, 0.7, 0.9]",200.0,selective_mcgc,3.0,4.0,1.6840421324104682e-07,0.9128042459487915,0.5452477335929871,0.4999999701976776,hard,0.5,real,hard,0.10540926456451416,0.5,20.0,0.12897257506847382,0.5019676089286804,0.5019676089286804,-0.07229066640138626,0.08450949937105179
Cora,low_feature_similarity,0.3,1,Random-Matched,random_matched,GCN,0.675,0.6695966481565641,0.686,0.2434402332361516,0.21099178774478838,0.22605752961082912,0.19997084973036006,0.6542778015136719,0.6584076881408691,13722,10978,1.0919554233551025,,,,,,,,,,,,,,,,,,,,,,,,,,,,,,,,,,,,
Cora,low_feature_similarity,0.3,2,Feature-only,feature_only,GCN,0.694,0.6903163091322939,0.68,0.5830903790087464,0.505369551484523,0.5414551607445008,0.19997084973036006,0.6561725735664368,0.720896303653717,13722,10978,0.7773735523223877,,,,,,,,,,,,,,,,,,,,,,,,,,,,,,,,,,,,
Cora,low_feature_similarity,0.3,2,GraGE-Hybrid-FO-posneg-lp0.1-ln0.5,hybrid_baseline,GCN,0.72,0.7168759131677328,0.69,0.6239067055393586,0.5407454200884396,0.5793570219966159,0.19997084973036006,0.6561725735664368,0.7298232913017273,13722,10978,1.7589004039764404,0.1,0.5,0.3,feature_pos_neg,0.1,0.5,False,0.871027410030365,1.1929230936402746e-07,6.51738730539364e-07,5.32446449597046e-07,0.2999999523162842,0.25629857182502747,0.9035425658707511,,,,,,,,,,,,,,,,,,,,,,
Cora,low_feature_similarity,0.3,2,MCGC-cw3.0-lp0.1-ln0.5,mcgc,GCN,0.716,0.7158151783056479,0.678,0.5138483965014577,0.44535691724573595,0.4771573604060914,0.19997084973036006,0.6561725735664368,0.7116050124168396,13722,10978,2.152442216873169,0.1,0.5,0.3,,0.1,0.5,,0.871027410030365,,,,0.3146880865097046,0.31600427627563477,0.7120600607487139,3.0,"[0.3, 0.5, 0.7, 0.9]",200.0,mcgc,3.0,4.0,1.4555114091763244e-07,0.9181241393089294,0.6178113222122192,0.4999999701976776,,,,,,,,,,,,
Cora,low_feature_similarity,0.3,2,Selective-MCGC-hard-q0.5-lp0.1-ln0.5,selective_mcgc,GCN,0.765,0.7572323241239245,0.748,1.0,0.866708780795957,0.9285956006768189,0.19997084973036006,0.6561725735664368,0.7832027673721313,13722,10978,2.603253126144409,0.1,0.5,0.3,,0.1,0.5,,0.871027410030365,,,,0.4300878047943115,0.3723966181278229,0.9999999999999999,3.0,"[0.3, 0.5, 0.7, 0.9]",200.0,selective_mcgc,3.0,4.0,1.2859291587119515e-07,0.9141524434089661,0.5873540043830872,0.4999999403953552,hard,0.5,real,hard,0.10540926456451416,0.5,20.0,0.12897257506847382,0.5019676089286804,0.5019676089286804,-0.06991217285394669,0.08218277990818024
Cora,low_feature_similarity,0.3,2,Random-Matched,random_matched,GCN,0.68,0.679527158577396,0.66,0.22813411078717202,0.19772583701831964,0.21184433164128597,0.19997084973036006,0.6561725735664368,0.6576789617538452,13722,10978,0.9707562923431396,,,,,,,,,,,,,,,,,,,,,,,,,,,,,,,,,,,,
Cora,low_feature_similarity,0.3,3,Feature-only,feature_only,GCN,0.714,0.7071156018129532,0.7,0.5830903790087464,0.505369551484523,0.5414551607445008,0.19997084973036006,0.6574842929840088,0.7238112688064575,13722,10978,0.8706104755401611,,,,,,,,,,,,,,,,,,,,,,,,,,,,,,,,,,,,
Cora,low_feature_similarity,0.3,3,GraGE-Hybrid-FO-posneg-lp0.1-ln0.5,hybrid_baseline,GCN,0.705,0.6965677480671111,0.66,0.6348396501457726,0.5502210991787745,0.5895093062605753,0.19997084973036006,0.6574842929840088,0.7281836271286011,13722,10978,1.2250263690948486,0.1,0.5,0.3,feature_pos_neg,0.1,0.5,False,0.871027410030365,4.961340891895816e-06,3.220377038815059e-05,2.724242767726537e-05,0.2999999523162842,0.2609407305717468,0.9066159677340978,,,,,,,,,,,,,,,,,,,,,,
Cora,low_feature_similarity,0.3,3,MCGC-cw3.0-lp0.1-ln0.5,mcgc,GCN,0.722,0.7185334193534493,0.7,0.5561224489795918,0.4819962097283639,0.5164128595600678,0.19997084973036006,0.6574842929840088,0.7232646942138672,13722,10978,2.1245739459991455,0.1,0.5,0.3,,0.1,0.5,,0.871027410030365,,,,0.32429638504981995,0.3281407058238983,0.7798848938980073,3.0,"[0.3, 0.5, 0.7, 0.9]",200.0,mcgc,3.0,4.0,1.2614324873538862e-07,0.8979375958442688,0.5348062515258789,0.4999999701976776,,,,,,,,,,,,
Cora,low_feature_similarity,0.3,3,Selective-MCGC-hard-q0.5-lp0.1-ln0.5,selective_mcgc,GCN,0.767,0.7619546619601836,0.752,1.0,0.866708780795957,0.9285956006768189,0.19997084973036006,0.6574842929840088,0.7839314937591553,13722,10978,2.7227578163146973,0.1,0.5,0.3,,0.1,0.5,,0.871027410030365,,,,0.4279593229293823,0.37966519594192505,1.0,3.0,"[0.3, 0.5, 0.7, 0.9]",200.0,selective_mcgc,3.0,4.0,9.0380623873898e-08,0.9022008180618286,0.5439397692680359,0.4999999701976776,hard,0.5,real,hard,0.10540926456451416,0.5,20.0,0.12897257506847382,0.5019676089286804,0.5019676089286804,-0.07204066962003708,0.08530570566654205
Cora,low_feature_similarity,0.3,3,Random-Matched,random_matched,GCN,0.693,0.678253234555469,0.67,0.2259475218658892,0.19583070120025267,0.2098138747884941,0.19997084973036006,0.6574842929840088,0.6582255363464355,13722,10978,0.7647533416748047,,,,,,,,,,,,,,,,,,,,,,,,,,,,,,,,,,,,
Cora,low_feature_similarity,0.3,4,Feature-only,feature_only,GCN,0.728,0.7137843769754827,0.716,0.5830903790087464,0.505369551484523,0.5414551607445008,0.19997084973036006,0.6570470333099365,0.7229003310203552,13722,10978,0.7998058795928955,,,,,,,,,,,,,,,,,,,,,,,,,,,,,,,,,,,,
Cora,low_feature_similarity,0.3,4,GraGE-Hybrid-FO-posneg-lp0.1-ln0.5,hybrid_baseline,GCN,0.736,0.7285028407149255,0.692,0.5932944606413995,0.5142135186355022,0.5509306260575295,0.19997084973036006,0.6570470333099365,0.721260666847229,13722,10978,1.420060634613037,0.1,0.5,0.3,feature_pos_neg,0.1,0.5,False,0.871027410030365,6.361675985999682e-08,6.410735977624427e-07,5.774568307970185e-07,0.2999999523162842,0.25502631068229675,0.8951397677626793,,,,,,,,,,,,,,,,,,,,,,
Cora,low_feature_similarity,0.3,4,MCGC-cw3.0-lp0.1-ln0.5,mcgc,GCN,0.724,0.7180973911885434,0.694,0.5495626822157434,0.476310802274163,0.510321489001692,0.19997084973036006,0.6570470333099365,0.7196210622787476,13722,10978,2.133686065673828,0.1,0.5,0.3,,0.1,0.5,,0.871027410030365,,,,0.3288692533969879,0.3177066445350647,0.7510665375315647,3.0,"[0.3, 0.5, 0.7, 0.9]",200.0,mcgc,3.0,4.0,1.0393659977125935e-07,0.9013991951942444,0.546961784362793,0.4999999701976776,,,,,,,,,,,,
Cora,low_feature_similarity,0.3,4,Selective-MCGC-hard-q0.5-lp0.1-ln0.5,selective_mcgc,GCN,0.772,0.7630601221453331,0.754,1.0,0.866708780795957,0.9285956006768189,0.19997084973036006,0.6570470333099365,0.7841136455535889,13722,10978,2.5806167125701904,0.1,0.5,0.3,,0.1,0.5,,0.871027410030365,,,,0.4360763430595398,0.36913129687309265,1.0,3.0,"[0.3, 0.5, 0.7, 0.9]",200.0,selective_mcgc,3.0,4.0,9.396431721597764e-08,0.8878078460693359,0.5310439467430115,0.4999999701976776,hard,0.5,real,hard,0.10540926456451416,0.5,20.0,0.12897257506847382,0.5019676089286804,0.5019676089286804,-0.06392359733581543,0.0792272761464119
Cora,low_feature_similarity,0.3,4,Random-Matched,random_matched,GCN,0.698,0.6849107492618477,0.682,0.22157434402332363,0.19204042956411876,0.20575296108291033,0.19997084973036006,0.6570470333099365,0.6573145985603333,13722,10978,0.7951653003692627,,,,,,,,,,,,,,,,,,,,,,,,,,,,,,,,,,,,
Cora,degree_aligned_random,0.3,0,Feature-only,feature_only,GCN,0.742,0.7260814710595324,0.714,0.5036443148688047,0.43651295009475677,0.46768189509306257,0.19997084973036006,0.6621483564376831,0.7172526717185974,13722,10978,0.784919023513794,,,,,,,,,,,,,,,,,,,,,,,,,,,,,,,,,,,,
Cora,degree_aligned_random,0.3,0,GraGE-Hybrid-FO-posneg-lp0.1-ln0.5,hybrid_baseline,GCN,0.722,0.7182669819454796,0.7,0.4139941690962099,0.35881238155401135,0.3844331641285956,0.19997084973036006,0.6621483564376831,0.7050464153289795,13722,10978,1.6906523704528809,0.1,0.5,0.3,feature_pos_neg,0.1,0.5,False,0.8578127026557922,1.7916464400968835e-07,9.167012535726826e-07,7.375365953521396e-07,0.2999999523162842,0.28010988235473633,0.6902837126277995,,,,,,,,,,,,,,,,,,,,,,
Cora,degree_aligned_random,0.3,0,MCGC-cw3.0-lp0.1-ln0.5,mcgc,GCN,0.709,0.6886678325564423,0.668,0.38848396501457727,0.3367024636765635,0.3607445008460237,0.19997084973036006,0.6621483564376831,0.7021315097808838,13722,10978,2.148932456970215,0.1,0.5,0.3,,0.1,0.5,,0.8578127026557922,,,,0.32950738072395325,0.35126563906669617,0.6798010406610402,3.0,"[0.3, 0.5, 0.7, 0.9]",200.0,mcgc,3.0,4.0,1.437464618447848e-07,0.8800466060638428,0.4864945709705353,0.4999999701976776,,,,,,,,,,,,
Cora,degree_aligned_random,0.3,0,Selective-MCGC-hard-q0.5-lp0.1-ln0.5,selective_mcgc,GCN,0.744,0.7298757484612413,0.718,0.5080174927113703,0.4403032217308907,0.4717428087986464,0.19997084973036006,0.6621483564376831,0.7179813981056213,13722,10978,2.715700387954712,0.1,0.5,0.3,,0.1,0.5,,0.8578127026557922,,,,0.4213462173938751,0.3886715769767761,0.8017130668142497,3.0,"[0.3, 0.5, 0.7, 0.9]",200.0,selective_mcgc,3.0,4.0,1.5966236333042616e-07,0.8972088098526001,0.5335536003112793,0.4999999701976776,hard,0.5,real,hard,0.1178511381149292,0.5,20.0,0.14218729734420776,0.500364363193512,0.500364363193512,-0.07865377515554428,0.09101825952529907
Cora,degree_aligned_random,0.3,0,Random-Matched,random_matched,GCN,0.698,0.6959302804763497,0.688,0.22667638483965014,0.19646241313960833,0.2104906937394247,0.19997084973036006,0.6621483564376831,0.664055347442627,13722,10978,0.9966473579406738,,,,,,,,,,,,,,,,,,,,,,,,,,,,,,,,,,,,
Cora,degree_aligned_random,0.3,1,Feature-only,feature_only,GCN,0.721,0.7118367582822962,0.696,0.5043731778425656,0.43714466203411245,0.4683587140439932,0.19997084973036006,0.660399317741394,0.7161595821380615,13722,10978,0.7834875583648682,,,,,,,,,,,,,,,,,,,,,,,,,,,,,,,,,,,,
Cora,degree_aligned_random,0.3,1,GraGE-Hybrid-FO-posneg-lp0.1-ln0.5,hybrid_baseline,GCN,0.728,0.7173937804086395,0.694,0.4074344023323615,0.3531269740998105,0.37834179357021996,0.19997084973036006,0.660399317741394,0.6992166042327881,13722,10978,1.4380569458007812,0.1,0.5,0.3,feature_pos_neg,0.1,0.5,False,0.857255220413208,9.641721021580452e-08,7.152851253522385e-07,6.188678867147246e-07,0.2999999523162842,0.28511330485343933,0.6906714410907672,,,,,,,,,,,,,,,,,,,,,,
Cora,degree_aligned_random,0.3,1,MCGC-cw3.0-lp0.1-ln0.5,mcgc,GCN,0.714,0.7096521328131866,0.696,0.37900874635568516,0.32849020846494,0.3519458544839255,0.19997084973036006,0.660399317741394,0.6963016986846924,13722,10978,2.282197952270508,0.1,0.5,0.3,,0.1,0.5,,0.857255220413208,,,,0.3221382796764374,0.3550832271575928,0.6646113487444875,3.0,"[0.3, 0.5, 0.7, 0.9]",200.0,mcgc,3.0,4.0,1.3308003588008432e-07,0.8918889164924622,0.4703356623649597,0.4999999701976776,,,,,,,,,,,,
Cora,degree_aligned_random,0.3,1,Selective-MCGC-hard-q0.5-lp0.1-ln0.5,selective_mcgc,GCN,0.719,0.7141916108522334,0.696,0.5080174927113703,0.4403032217308907,0.4717428087986464,0.19997084973036006,0.660399317741394,0.7168883085250854,13722,10978,2.7073967456817627,0.1,0.5,0.3,,0.1,0.5,,0.857255220413208,,,,0.4178195297718048,0.3940383195877075,0.7935513198327148,3.0,"[0.3, 0.5, 0.7, 0.9]",200.0,selective_mcgc,3.0,4.0,1.0793996807478834e-07,0.8951318860054016,0.4853300452232361,0.4999999701976776,hard,0.5,real,hard,0.1200961098074913,0.5,20.0,0.14274471998214722,0.5000728368759155,0.5000728368759155,-0.0821804329752922,0.09486272186040878
Cora,degree_aligned_random,0.3,1,Random-Matched,random_matched,GCN,0.711,0.699921053909536,0.724,0.2434402332361516,0.21099178774478838,0.22605752961082912,0.19997084973036006,0.660399317741394,0.663690984249115,13722,10978,1.1099300384521484,,,,,,,,,,,,,,,,,,,,,,,,,,,,,,,,,,,,
Cora,degree_aligned_random,0.3,2,Feature-only,feature_only,GCN,0.708,0.6996263591584687,0.688,0.4912536443148688,0.4257738471257107,0.45617597292724194,0.19997084973036006,0.662877082824707,0.7172526717185974,13722,10978,0.7503235340118408,,,,,,,,,,,,,,,,,,,,,,,,,,,,,,,,,,,,
Cora,degree_aligned_random,0.3,2,GraGE-Hybrid-FO-posneg-lp0.1-ln0.5,hybrid_baseline,GCN,0.708,0.7029935721856319,0.68,0.3760932944606414,0.32596336070751736,0.349238578680203,0.19997084973036006,0.662877082824707,0.7014027833938599,13722,10978,1.2630653381347656,0.1,0.5,0.3,feature_pos_neg,0.1,0.5,False,0.8571546077728271,6.826915523561183e-06,2.696624505915679e-05,2.0139328626100905e-05,0.2999999523162842,0.2801879346370697,0.6602395741797141,,,,,,,,,,,,,,,,,,,,,,
Cora,degree_aligned_random,0.3,2,MCGC-cw3.0-lp0.1-ln0.5,mcgc,GCN,0.731,0.7295979850037021,0.7,0.3688046647230321,0.31964624131396085,0.3424703891708968,0.19997084973036006,0.662877082824707,0.6993987560272217,13722,10978,2.3951737880706787,0.1,0.5,0.3,,0.1,0.5,,0.8571546077728271,,,,0.3315546214580536,0.33933761715888977,0.6524330005934118,3.0,"[0.3, 0.5, 0.7, 0.9]",200.0,mcgc,3.0,4.0,1.363953714417221e-07,0.8792814016342163,0.5305500626564026,0.4999999701976776,,,,,,,,,,,,
Cora,degree_aligned_random,0.3,2,Selective-MCGC-hard-q0.5-lp0.1-ln0.5,selective_mcgc,GCN,0.732,0.7235051238013527,0.696,0.4956268221574344,0.4295641187618446,0.4602368866328257,0.19997084973036006,0.662877082824707,0.7181636095046997,13722,10978,2.4197309017181396,0.1,0.5,0.3,,0.1,0.5,,0.8571546077728271,,,,0.4310165345668793,0.3729417026042938,0.7907817453202688,3.0,"[0.3, 0.5, 0.7, 0.9]",200.0,selective_mcgc,3.0,4.0,1.7152501641248818e-07,0.8612446784973145,0.5286914110183716,0.4999999701976776,hard,0.5,real,hard,0.11846977472305298,0.5,20.0,0.14284536242485046,0.5006558895111084,0.5006558895111084,-0.06898344308137894,0.08377006649971008
Cora,degree_aligned_random,0.3,2,Random-Matched,random_matched,GCN,0.711,0.7034470085031429,0.714,0.22813411078717202,0.19772583701831964,0.21184433164128597,0.19997084973036006,0.662877082824707,0.6649662852287292,13722,10978,0.7781350612640381,,,,,,,,,,,,,,,,,,,,,,,,,,,,,,,,,,,,
Cora,degree_aligned_random,0.3,3,Feature-only,feature_only,GCN,0.749,0.737988601510809,0.706,0.5116618075801749,0.443461781427669,0.47512690355329945,0.19997084973036006,0.6606908440589905,0.7176170349121094,13722,10978,0.778101921081543,,,,,,,,,,,,,,,,,,,,,,,,,,,,,,,,,,,,
Cora,degree_aligned_random,0.3,3,GraGE-Hybrid-FO-posneg-lp0.1-ln0.5,hybrid_baseline,GCN,0.731,0.7196274609252955,0.688,0.4198250728862974,0.3638660770688566,0.3898477157360406,0.19997084973036006,0.6606908440589905,0.7030424475669861,13722,10978,1.3874890804290771,0.1,0.5,0.3,feature_pos_neg,0.1,0.5,False,0.8578327894210815,4.475945843296358e-06,2.9834000088158064e-05,2.5358052880619653e-05,0.29999998211860657,0.28553393483161926,0.70649966714837,,,,,,,,,,,,,,,,,,,,,,
Cora,degree_aligned_random,0.3,3,MCGC-cw3.0-lp0.1-ln0.5,mcgc,GCN,0.726,0.7201391656455299,0.694,0.38848396501457727,0.3367024636765635,0.3607445008460237,0.19997084973036006,0.6606908440589905,0.6972125768661499,13722,10978,2.332183599472046,0.1,0.5,0.3,,0.1,0.5,,0.8578327894210815,,,,0.32560959458351135,0.3600640594959259,0.6939425072716292,3.0,"[0.3, 0.5, 0.7, 0.9]",200.0,mcgc,3.0,4.0,8.469079659789713e-08,0.8577466607093811,0.41544684767723083,0.4999999701976776,,,,,,,,,,,,
Cora,degree_aligned_random,0.3,3,Selective-MCGC-hard-q0.5-lp0.1-ln0.5,selective_mcgc,GCN,0.749,0.7390874343612887,0.704,0.5160349854227405,0.4472520530638029,0.4791878172588832,0.19997084973036006,0.6606908440589905,0.7181636095046997,13722,10978,2.4563534259796143,0.1,0.5,0.3,,0.1,0.5,,0.8578327894210815,,,,0.4170273542404175,0.3998434841632843,0.8006826749828907,3.0,"[0.3, 0.5, 0.7, 0.9]",200.0,selective_mcgc,3.0,4.0,8.304459697683342e-08,0.8546494245529175,0.41175878047943115,0.4999999701976776,hard,0.5,real,hard,0.11846977472305298,0.5,20.0,0.14216716587543488,0.5002186298370361,0.5002186298370361,-0.08297261595726013,0.09616740047931671
Cora,degree_aligned_random,0.3,3,Random-Matched,random_matched,GCN,0.73,0.7091566658208687,0.68,0.2259475218658892,0.19583070120025267,0.2098138747884941,0.19997084973036006,0.6606908440589905,0.6616870164871216,13722,10978,0.8533499240875244,,,,,,,,,,,,,,,,,,,,,,,,,,,,,,,,,,,,
Cora,degree_aligned_random,0.3,4,Feature-only,feature_only,GCN,0.761,0.74442483645477,0.736,0.4963556851311953,0.43019583070120027,0.46091370558375633,0.19997084973036006,0.6608365774154663,0.717070460319519,13722,10978,0.7882144451141357,,,,,,,,,,,,,,,,,,,,,,,,,,,,,,,,,,,,
Cora,degree_aligned_random,0.3,4,GraGE-Hybrid-FO-posneg-lp0.1-ln0.5,hybrid_baseline,GCN,0.745,0.7278062490191711,0.724,0.39212827988338195,0.33986102337334173,0.3641285956006768,0.19997084973036006,0.6608365774154663,0.7019493579864502,13722,10978,1.261795997619629,0.1,0.5,0.3,feature_pos_neg,0.1,0.5,False,0.857537567615509,5.997643711452838e-06,3.209317219443619e-05,2.609553121146746e-05,0.2999999523162842,0.2802201807498932,0.671339595555946,,,,,,,,,,,,,,,,,,,,,,
Cora,degree_aligned_random,0.3,4,MCGC-cw3.0-lp0.1-ln0.5,mcgc,GCN,0.737,0.728171467972286,0.72,0.37244897959183676,0.3228048010107391,0.34585448392554996,0.19997084973036006,0.6608365774154663,0.6990343928337097,13722,10978,2.0559024810791016,0.1,0.5,0.3,,0.1,0.5,,0.857537567615509,,,,0.3283858299255371,0.34877699613571167,0.6615016216493115,3.0,"[0.3, 0.5, 0.7, 0.9]",200.0,mcgc,3.0,4.0,5.3211351769277826e-08,0.8617912530899048,0.45100516080856323,0.4999999403953552,,,,,,,,,,,,
Cora,degree_aligned_random,0.3,4,Selective-MCGC-hard-q0.5-lp0.1-ln0.5,selective_mcgc,GCN,0.753,0.7383977597917103,0.752,0.5029154518950437,0.43588123815540114,0.467005076142132,0.19997084973036006,0.6608365774154663,0.7177992463111877,13722,10978,2.5463902950286865,0.1,0.5,0.3,,0.1,0.5,,0.857537567615509,,,,0.42205196619033813,0.3880986273288727,0.791448645457838,3.0,"[0.3, 0.5, 0.7, 0.9]",200.0,selective_mcgc,3.0,4.0,5.587446594290668e-08,0.861645519733429,0.451212078332901,0.4999999701976776,hard,0.5,real,hard,0.1178511381149292,0.5,20.0,0.14246241748332977,0.5012388825416565,0.5012388825416565,-0.0779479518532753,0.09099171310663223
Cora,degree_aligned_random,0.3,4,Random-Matched,random_matched,GCN,0.732,0.7126876547184047,0.73,0.22157434402332363,0.19204042956411876,0.20575296108291033,0.19997084973036006,0.6608365774154663,0.6620513796806335,13722,10978,0.7925217151641846,,,,,,,,,,,,,,,,,,,,,,,,,,,,,,,,,,,,
CiteSeer,feature_similar_cross_class,0.3,0,Feature-only,feature_only,GCN,0.553,0.533075373167848,0.548,0.3474218089602705,0.3010989010989011,0.3226059654631083,0.19993239817475073,0.5658272504806519,0.6024503707885742,11834,9468,0.8279721736907959,,,,,,,,,,,,,,,,,,,,,,,,,,,,,,,,,,,,
CiteSeer,feature_similar_cross_class,0.3,0,GraGE-Hybrid-FO-posneg-lp0.1-ln0.5,hybrid_baseline,GCN,0.538,0.5221411018400673,0.542,0.10059171597633136,0.08717948717948718,0.09340659340659341,0.19993239817475073,0.5658272504806519,0.5608364939689636,11834,9468,1.5010583400726318,0.1,0.5,0.3,feature_pos_neg,0.1,0.5,False,0.8331052660942078,-9.518104349126588e-08,1.0759576980490237e-06,1.1711387060131528e-06,0.30000001192092896,0.28147026896476746,0.6014383244172348,,,,,,,,,,,,,,,,,,,,,,
CiteSeer,feature_similar_cross_class,0.3,0,MCGC-cw3.0-lp0.1-ln0.5,mcgc,GCN,0.565,0.5451157406333681,0.556,0.2586644125105664,0.22417582417582418,0.24018838304552595,0.19993239817475073,0.5658272504806519,0.5815378427505493,11834,9468,2.116331100463867,0.1,0.5,0.3,,0.1,0.5,,0.8331052660942078,,,,0.2913084924221039,0.35656389594078064,0.43100935385645406,3.0,"[0.3, 0.5, 0.7, 0.9]",200.0,mcgc,3.0,4.0,-9.632316277929931e-08,0.9368767738342285,0.7303812503814697,0.5,,,,,,,,,,,,
CiteSeer,feature_similar_cross_class,0.3,0,Selective-MCGC-hard-q0.5-lp0.1-ln0.5,selective_mcgc,GCN,0.553,0.533075373167848,0.548,0.3474218089602705,0.3010989010989011,0.3226059654631083,0.19993239817475073,0.5658272504806519,0.6024503707885742,11834,9468,2.4852521419525146,0.1,0.5,0.3,,0.1,0.5,,0.8331052660942078,,,,0.4164671003818512,0.38551613688468933,0.7216028698893373,3.0,"[0.3, 0.5, 0.7, 0.9]",200.0,selective_mcgc,3.0,4.0,6.564803101127836e-08,0.9480733275413513,0.7323184013366699,0.5,hard,0.5,real,hard,0.12487810850143433,0.5,20.0,0.16689474880695343,0.5000845193862915,0.5000845193862915,-0.08353291451931,0.09419059008359909
CiteSeer,feature_similar_cross_class,0.3,0,Random-Matched,random_matched,GCN,0.556,0.5375341636822164,0.548,0.23076923076923078,0.2,0.21428571428571427,0.19993239817475073,0.5658272504806519,0.5656949877738953,11834,9468,1.012512445449829,,,,,,,,,,,,,,,,,,,,,,,,,,,,,,,,,,,,
CiteSeer,feature_similar_cross_class,0.3,1,Feature-only,feature_only,GCN,0.561,0.5416276166305156,0.554,0.3423499577345731,0.2967032967032967,0.3178963893249608,0.19993239817475073,0.5658272504806519,0.6016054153442383,11834,9468,0.9520576000213623,,,,,,,,,,,,,,,,,,,,,,,,,,,,,,,,,,,,
CiteSeer,feature_similar_cross_class,0.3,1,GraGE-Hybrid-FO-posneg-lp0.1-ln0.5,hybrid_baseline,GCN,0.549,0.5294534419638269,0.544,0.1132713440405748,0.09816849816849817,0.10518053375196232,0.19993239817475073,0.5658272504806519,0.5642163157463074,11834,9468,1.572380542755127,0.1,0.5,0.3,feature_pos_neg,0.1,0.5,False,0.832711398601532,7.459828310629746e-08,5.044165618528496e-07,4.2981827164112474e-07,0.30000001192092896,0.2776537239551544,0.6116291514577982,,,,,,,,,,,,,,,,,,,,,,
CiteSeer,feature_similar_cross_class,0.3,1,MCGC-cw3.0-lp0.1-ln0.5,mcgc,GCN,0.559,0.5390561273091329,0.556,0.23837700760777683,0.20659340659340658,0.22135007849293561,0.19993239817475073,0.5658272504806519,0.5834389328956604,11834,9468,2.469865322113037,0.1,0.5,0.3,,0.1,0.5,,0.832711398601532,,,,0.29615533351898193,0.3445408344268799,0.4265422919201478,3.0,"[0.3, 0.5, 0.7, 0.9]",200.0,mcgc,3.0,4.0,3.5273555454296e-07,0.9270322918891907,0.7466048002243042,0.5,,,,,,,,,,,,
CiteSeer,feature_similar_cross_class,0.3,1,Selective-MCGC-hard-q0.5-lp0.1-ln0.5,selective_mcgc,GCN,0.563,0.5446516978938821,0.558,0.3431952662721893,0.29743589743589743,0.31868131868131866,0.19993239817475073,0.5658272504806519,0.6018166542053223,11834,9468,2.610056161880493,0.1,0.5,0.3,,0.1,0.5,,0.832711398601532,,,,0.42036715149879456,0.38066866993904114,0.7188232681202804,3.0,"[0.3, 0.5, 0.7, 0.9]",200.0,selective_mcgc,3.0,4.0,2.164142927085777e-07,0.9286800622940063,0.7557692527770996,0.5,hard,0.5,real,hard,0.12515655159950256,0.5,20.0,0.16728857159614563,0.5000845193862915,0.5000845193862915,-0.07963287085294724,0.09088428318500519
CiteSeer,feature_similar_cross_class,0.3,1,Random-Matched,random_matched,GCN,0.544,0.5229675446266416,0.55,0.2256973795435334,0.1956043956043956,0.20957613814756673,0.19993239817475073,0.5658272504806519,0.5656949877738953,11834,9468,0.8674213886260986,,,,,,,,,,,,,,,,,,,,,,,,,,,,,,,,,,,,
CiteSeer,feature_similar_cross_class,0.3,2,Feature-only,feature_only,GCN,0.554,0.5340266471131884,0.592,0.3474218089602705,0.3010989010989011,0.3226059654631083,0.19993239817475073,0.5658272504806519,0.6024503707885742,11834,9468,1.1173198223114014,,,,,,,,,,,,,,,,,,,,,,,,,,,,,,,,,,,,
CiteSeer,feature_similar_cross_class,0.3,2,GraGE-Hybrid-FO-posneg-lp0.1-ln0.5,hybrid_baseline,GCN,0.531,0.5176965500358581,0.542,0.11665257819103973,0.1010989010989011,0.10832025117739404,0.19993239817475073,0.5658272504806519,0.5652725100517273,11834,9468,1.6312768459320068,0.1,0.5,0.3,feature_pos_neg,0.1,0.5,False,0.8331797122955322,2.707383117694917e-08,4.5789877844981675e-07,4.308249117457308e-07,0.30000001192092896,0.2808048725128174,0.6115589814403523,,,,,,,,,,,,,,,,,,,,,,
CiteSeer,feature_similar_cross_class,0.3,2,MCGC-cw3.0-lp0.1-ln0.5,mcgc,GCN,0.554,0.5361882142086009,0.568,0.24260355029585798,0.21025641025641026,0.22527472527472528,0.19993239817475073,0.5658272504806519,0.5828052759170532,11834,9468,2.5033698081970215,0.1,0.5,0.3,,0.1,0.5,,0.8331797122955322,,,,0.2928198575973511,0.3549991846084595,0.42402470113366425,3.0,"[0.3, 0.5, 0.7, 0.9]",200.0,mcgc,3.0,4.0,1.7498621218692278e-07,0.949678897857666,0.7297165393829346,0.5000000596046448,,,,,,,,,,,,
CiteSeer,feature_similar_cross_class,0.3,2,Selective-MCGC-hard-q0.5-lp0.1-ln0.5,selective_mcgc,GCN,0.563,0.5443560918316432,0.586,0.3516483516483517,0.3047619047619048,0.32653061224489793,0.19993239817475073,0.5658272504806519,0.6032953262329102,11834,9468,2.901167631149292,0.1,0.5,0.3,,0.1,0.5,,0.8331797122955322,,,,0.42001956701278687,0.3818352222442627,0.7226497872367821,3.0,"[0.3, 0.5, 0.7, 0.9]",200.0,selective_mcgc,3.0,4.0,1.3693973244244262e-07,0.9506506323814392,0.7377420663833618,0.5,hard,0.5,real,hard,0.12403473258018494,0.5,20.0,0.16682027280330658,0.5000845193862915,0.5000845193862915,-0.07998046278953552,0.09121538698673248
CiteSeer,feature_similar_cross_class,0.3,2,Random-Matched,random_matched,GCN,0.521,0.5038603724444161,0.552,0.23245984784446322,0.20146520146520147,0.21585557299843014,0.19993239817475073,0.5658272504806519,0.5654837489128113,11834,9468,0.7437107563018799,,,,,,,,,,,,,,,,,,,,,,,,,,,,,,,,,,,,
CiteSeer,feature_similar_cross_class,0.3,3,Feature-only,feature_only,GCN,0.583,0.5674942591819169,0.57,0.3448858833474218,0.2989010989010989,0.3202511773940345,0.19993239817475073,0.5658272504806519,0.6020278930664062,11834,9468,1.0044422149658203,,,,,,,,,,,,,,,,,,,,,,,,,,,,,,,,,,,,
CiteSeer,feature_similar_cross_class,0.3,3,GraGE-Hybrid-FO-posneg-lp0.1-ln0.5,hybrid_baseline,GCN,0.522,0.5081571857296057,0.534,0.11073541842772612,0.09597069597069598,0.10282574568288855,0.19993239817475073,0.5658272504806519,0.5633713603019714,11834,9468,1.1628310680389404,0.1,0.5,0.3,feature_pos_neg,0.1,0.5,False,0.8329795002937317,5.1825277296302374e-06,2.554651837272104e-05,2.0363988369354047e-05,0.30000001192092896,0.2786581814289093,0.6038580634362709,,,,,,,,,,,,,,,,,,,,,,
CiteSeer,feature_similar_cross_class,0.3,3,MCGC-cw3.0-lp0.1-ln0.5,mcgc,GCN,0.551,0.5390111017927587,0.538,0.21555367709213863,0.18681318681318682,0.20015698587127156,0.19993239817475073,0.5658272504806519,0.5804816484451294,11834,9468,2.013367176055908,0.1,0.5,0.3,,0.1,0.5,,0.8329795002937317,,,,0.29393064975738525,0.3520905077457428,0.39880759252463993,3.0,"[0.3, 0.5, 0.7, 0.9]",200.0,mcgc,3.0,4.0,3.754450261794773e-08,0.9470170736312866,0.7377605438232422,0.5,,,,,,,,,,,,
CiteSeer,feature_similar_cross_class,0.3,3,Selective-MCGC-hard-q0.5-lp0.1-ln0.5,selective_mcgc,GCN,0.58,0.5646967513865296,0.568,0.34657650042265425,0.30036630036630035,0.3218210361067504,0.19993239817475073,0.5658272504806519,0.6022391319274902,11834,9468,2.5696773529052734,0.1,0.5,0.3,,0.1,0.5,,0.8329795002937317,,,,0.42484742403030396,0.37667495012283325,0.7168158584239427,3.0,"[0.3, 0.5, 0.7, 0.9]",200.0,selective_mcgc,3.0,4.0,1.159865092859036e-07,0.9299898743629456,0.7490794062614441,0.5,hard,0.5,real,hard,0.1250782012939453,0.5,20.0,0.16702048480510712,0.5000845193862915,0.5000845193862915,-0.07515254616737366,0.08840351551771164
CiteSeer,feature_similar_cross_class,0.3,3,Random-Matched,random_matched,GCN,0.54,0.5228585484148777,0.574,0.2231614539306847,0.1934065934065934,0.20722135007849293,0.19993239817475073,0.5658272504806519,0.5614702105522156,11834,9468,0.9453754425048828,,,,,,,,,,,,,,,,,,,,,,,,,,,,,,,,,,,,
CiteSeer,feature_similar_cross_class,0.3,4,Feature-only,feature_only,GCN,0.537,0.524390426245562,0.568,0.34657650042265425,0.30036630036630035,0.3218210361067504,0.19993239817475073,0.5658272504806519,0.6024503707885742,11834,9468,0.7115976810455322,,,,,,,,,,,,,,,,,,,,,,,,,,,,,,,,,,,,
CiteSeer,feature_similar_cross_class,0.3,4,GraGE-Hybrid-FO-posneg-lp0.1-ln0.5,hybrid_baseline,GCN,0.511,0.4994497808728271,0.534,0.10650887573964497,0.09230769230769231,0.09890109890109891,0.19993239817475073,0.5658272504806519,0.5604140162467957,11834,9468,1.3617136478424072,0.1,0.5,0.3,feature_pos_neg,0.1,0.5,False,0.8329704999923706,4.872843419434503e-06,2.0684277842519805e-05,1.5811434423085302e-05,0.30000001192092896,0.28059789538383484,0.6056531122655903,,,,,,,,,,,,,,,,,,,,,,
CiteSeer,feature_similar_cross_class,0.3,4,MCGC-cw3.0-lp0.1-ln0.5,mcgc,GCN,0.55,0.5323987786452793,0.576,0.22062552831783602,0.1912087912087912,0.2048665620094192,0.19993239817475073,0.5658272504806519,0.5825940370559692,11834,9468,2.1177239418029785,0.1,0.5,0.3,,0.1,0.5,,0.8329704999923706,,,,0.2807885408401489,0.3601653575897217,0.4040088645976168,3.0,"[0.3, 0.5, 0.7, 0.9]",200.0,mcgc,3.0,4.0,7.938563584275471e-08,0.9421581625938416,0.7252828478813171,0.5,,,,,,,,,,,,
CiteSeer,feature_similar_cross_class,0.3,4,Selective-MCGC-hard-q0.5-lp0.1-ln0.5,selective_mcgc,GCN,0.525,0.5115319605425781,0.57,0.3474218089602705,0.3010989010989011,0.3226059654631083,0.19993239817475073,0.5658272504806519,0.6024503707885742,11834,9468,2.1498663425445557,0.1,0.5,0.3,,0.1,0.5,,0.8329704999923706,,,,0.4180900454521179,0.38479962944984436,0.7212991753413545,3.0,"[0.3, 0.5, 0.7, 0.9]",200.0,selective_mcgc,3.0,4.0,8.971889542408462e-08,0.9415243864059448,0.7365882992744446,0.5,hard,0.5,real,hard,0.12487810850143433,0.5,20.0,0.1670295149087906,0.5002534985542297,0.5002534985542297,-0.08190996944904327,0.09279677271842957
CiteSeer,feature_similar_cross_class,0.3,4,Random-Matched,random_matched,GCN,0.549,0.5312662204535548,0.584,0.22231614539306846,0.19267399267399268,0.206436420722135,0.19993239817475073,0.5658272504806519,0.5602027773857117,11834,9468,0.8667879104614258,,,,,,,,,,,,,,,,,,,,,,,,,,,,,,,,,,,,
CiteSeer,low_feature_similarity,0.3,0,Feature-only,feature_only,GCN,0.623,0.5981165622137424,0.648,0.9010989010989011,0.780952380952381,0.8367346938775511,0.19993239817475073,0.5913469791412354,0.7029995918273926,11834,9468,1.0690035820007324,,,,,,,,,,,,,,,,,,,,,,,,,,,,,,,,,,,,
CiteSeer,low_feature_similarity,0.3,0,GraGE-Hybrid-FO-posneg-lp0.1-ln0.5,hybrid_baseline,GCN,0.606,0.5810805476561983,0.61,0.5942519019442096,0.515018315018315,0.5518053375196232,0.19993239817475073,0.5913469791412354,0.6558935642242432,11834,9468,1.695336103439331,0.1,0.5,0.3,feature_pos_neg,0.1,0.5,False,0.853343665599823,5.8934297442192474e-08,4.5008880533714546e-07,3.9115454342208977e-07,0.30000001192092896,0.2485695481300354,0.892219979785885,,,,,,,,,,,,,,,,,,,,,,
CiteSeer,low_feature_similarity,0.3,0,MCGC-cw3.0-lp0.1-ln0.5,mcgc,GCN,0.581,0.558400615309251,0.59,0.3702451394759087,0.3208791208791209,0.34379905808477235,0.19993239817475073,0.5913469791412354,0.6149134039878845,11834,9468,2.3300020694732666,0.1,0.5,0.3,,0.1,0.5,,0.853343665599823,,,,0.2970888018608093,0.30004793405532837,0.5894962243380522,3.0,"[0.3, 0.5, 0.7, 0.9]",200.0,mcgc,3.0,4.0,2.0375971132580162e-07,0.9370458126068115,0.715578019618988,0.5,,,,,,,,,,,,
CiteSeer,low_feature_similarity,0.3,0,Selective-MCGC-hard-q0.5-lp0.1-ln0.5,selective_mcgc,GCN,0.646,0.619906387230384,0.64,1.0,0.8666666666666667,0.9285714285714286,0.19993239817475073,0.5913469791412354,0.7118715643882751,11834,9468,2.6520349979400635,0.1,0.5,0.3,,0.1,0.5,,0.853343665599823,,,,0.43335261940956116,0.3677951693534851,1.0,3.0,"[0.3, 0.5, 0.7, 0.9]",200.0,selective_mcgc,3.0,4.0,2.1577127995442424e-07,0.936369776725769,0.7114889621734619,0.5,hard,0.5,real,hard,0.1154700517654419,0.5,20.0,0.14665630459785461,0.5002534985542297,0.5002534985542297,-0.06664739549160004,0.08006415516138077
CiteSeer,low_feature_similarity,0.3,0,Random-Matched,random_matched,GCN,0.556,0.5377000739974832,0.58,0.23076923076923078,0.2,0.21428571428571427,0.19993239817475073,0.5913469791412354,0.5910435318946838,11834,9468,0.9215242862701416,,,,,,,,,,,,,,,,,,,,,,,,,,,,,,,,,,,,
CiteSeer,low_feature_similarity,0.3,1,Feature-only,feature_only,GCN,0.648,0.6246829623497882,0.646,0.9010989010989011,0.780952380952381,0.8367346938775511,0.19993239817475073,0.5916849970817566,0.7013096809387207,11834,9468,1.0865132808685303,,,,,,,,,,,,,,,,,,,,,,,,,,,,,,,,,,,,
CiteSeer,low_feature_similarity,0.3,1,GraGE-Hybrid-FO-posneg-lp0.1-ln0.5,hybrid_baseline,GCN,0.622,0.5977227972421811,0.614,0.6111580726965342,0.5296703296703297,0.5675039246467818,0.19993239817475073,0.5916849970817566,0.6628643870353699,11834,9468,3.7297720909118652,0.1,0.5,0.3,feature_pos_neg,0.1,0.5,False,0.853343665599823,3.6468062347694286e-08,5.113639645060175e-07,4.7489589860560955e-07,0.30000001192092896,0.2481762170791626,0.8998007557761512,,,,,,,,,,,,,,,,,,,,,,
CiteSeer,low_feature_similarity,0.3,1,MCGC-cw3.0-lp0.1-ln0.5,mcgc,GCN,0.616,0.5866595411573808,0.598,0.3423499577345731,0.2967032967032967,0.3178963893249608,0.19993239817475073,0.5916849970817566,0.6189269423484802,11834,9468,5.2727978229522705,0.1,0.5,0.3,,0.1,0.5,,0.853343665599823,,,,0.2940249443054199,0.2947419583797455,0.5933343311638566,3.0,"[0.3, 0.5, 0.7, 0.9]",200.0,mcgc,3.0,4.0,2.602184423494691e-08,0.9270322918891907,0.76596599817276,0.5,,,,,,,,,,,,
CiteSeer,low_feature_similarity,0.3,1,Selective-MCGC-hard-q0.5-lp0.1-ln0.5,selective_mcgc,GCN,0.664,0.6339435144578921,0.662,1.0,0.8666666666666667,0.9285714285714286,0.19993239817475073,0.5916849970817566,0.7112378478050232,11834,9468,6.268293142318726,0.1,0.5,0.3,,0.1,0.5,,0.853343665599823,,,,0.43290790915489197,0.36550086736679077,1.0,3.0,"[0.3, 0.5, 0.7, 0.9]",200.0,selective_mcgc,3.0,4.0,3.5212895710401426e-08,0.9460875391960144,0.7653127312660217,0.5,hard,0.5,real,hard,0.1154700517654419,0.5,20.0,0.14665630459785461,0.5002534985542297,0.5002534985542297,-0.06709209084510803,0.07855071127414703
CiteSeer,low_feature_similarity,0.3,1,Random-Matched,random_matched,GCN,0.565,0.536178463958186,0.59,0.2256973795435334,0.1956043956043956,0.20957613814756673,0.19993239817475073,0.5916849970817566,0.5910435318946838,11834,9468,1.0276777744293213,,,,,,,,,,,,,,,,,,,,,,,,,,,,,,,,,,,,
CiteSeer,low_feature_similarity,0.3,2,Feature-only,feature_only,GCN,0.662,0.6370206688255617,0.664,0.9010989010989011,0.780952380952381,0.8367346938775511,0.19993239817475073,0.5906709432601929,0.7010984420776367,11834,9468,1.042341947555542,,,,,,,,,,,,,,,,,,,,,,,,,,,,,,,,,,,,
CiteSeer,low_feature_similarity,0.3,2,GraGE-Hybrid-FO-posneg-lp0.1-ln0.5,hybrid_baseline,GCN,0.607,0.5888598973606528,0.582,0.5595942519019442,0.484981684981685,0.5196232339089483,0.19993239817475073,0.5906709432601929,0.6529362201690674,11834,9468,1.388568639755249,0.1,0.5,0.3,feature_pos_neg,0.1,0.5,False,0.853343665599823,-8.562704323367143e-09,1.073200223800086e-06,1.0817630027304403e-06,0.30000001192092896,0.24807627499103546,0.881448882107933,,,,,,,,,,,,,,,,,,,,,,
CiteSeer,low_feature_similarity,0.3,2,MCGC-cw3.0-lp0.1-ln0.5,mcgc,GCN,0.583,0.5616644733769539,0.582,0.3795435333896872,0.32893772893772893,0.35243328100470955,0.19993239817475073,0.5906709432601929,0.6204056143760681,11834,9468,2.124521017074585,0.1,0.5,0.3,,0.1,0.5,,0.853343665599823,,,,0.289363831281662,0.3032445013523102,0.5886747845007951,3.0,"[0.3, 0.5, 0.7, 0.9]",200.0,mcgc,3.0,4.0,1.451397935170462e-07,0.9443552494049072,0.729153037071228,0.5,,,,,,,,,,,,
CiteSeer,low_feature_similarity,0.3,2,Selective-MCGC-hard-q0.5-lp0.1-ln0.5,selective_mcgc,GCN,0.634,0.6094895806814925,0.654,1.0,0.8666666666666667,0.9285714285714286,0.19993239817475073,0.5906709432601929,0.7112378478050232,11834,9468,2.4378931522369385,0.1,0.5,0.3,,0.1,0.5,,0.853343665599823,,,,0.4267159402370453,0.37419775128364563,1.0,3.0,"[0.3, 0.5, 0.7, 0.9]",200.0,selective_mcgc,3.0,4.0,2.860794268144673e-08,0.9607909321784973,0.7851307392120361,0.5,hard,0.5,real,hard,0.1154700517654419,0.5,20.0,0.14665630459785461,0.5002534985542297,0.5002534985542297,-0.0732840746641159,0.08422639966011047
CiteSeer,low_feature_similarity,0.3,2,Random-Matched,random_matched,GCN,0.556,0.5401241853013673,0.566,0.23245984784446322,0.20146520146520147,0.21585557299843014,0.19993239817475073,0.5906709432601929,0.5901985764503479,11834,9468,1.026798963546753,,,,,,,,,,,,,,,,,,,,,,,,,,,,,,,,,,,,
CiteSeer,low_feature_similarity,0.3,3,Feature-only,feature_only,GCN,0.62,0.590450711586564,0.638,0.9010989010989011,0.780952380952381,0.8367346938775511,0.19993239817475073,0.5962480902671814,0.7065906524658203,11834,9468,0.6904430389404297,,,,,,,,,,,,,,,,,,,,,,,,,,,,,,,,,,,,
CiteSeer,low_feature_similarity,0.3,3,GraGE-Hybrid-FO-posneg-lp0.1-ln0.5,hybrid_baseline,GCN,0.622,0.5964657549885709,0.604,0.5579036348267118,0.4835164835164835,0.5180533751962324,0.19993239817475073,0.5962480902671814,0.6556823253631592,11834,9468,1.3418500423431396,0.1,0.5,0.3,feature_pos_neg,0.1,0.5,False,0.853343665599823,6.872568064864026e-06,2.4769515221123584e-05,1.7896945792017505e-05,0.30000001192092896,0.24566151201725006,0.8804248987684841,,,,,,,,,,,,,,,,,,,,,,
CiteSeer,low_feature_similarity,0.3,3,MCGC-cw3.0-lp0.1-ln0.5,mcgc,GCN,0.629,0.6093681407387844,0.612,0.3524936601859679,0.3054945054945055,0.3273155416012559,0.19993239817475073,0.5962480902671814,0.6258977651596069,11834,9468,2.0844366550445557,0.1,0.5,0.3,,0.1,0.5,,0.853343665599823,,,,0.28365999460220337,0.30116626620292664,0.5658537566709799,3.0,"[0.3, 0.5, 0.7, 0.9]",200.0,mcgc,3.0,4.0,1.9467225342850725e-07,0.9389048218727112,0.7302120923995972,0.5,,,,,,,,,,,,
CiteSeer,low_feature_similarity,0.3,3,Selective-MCGC-hard-q0.5-lp0.1-ln0.5,selective_mcgc,GCN,0.622,0.5889265193151705,0.65,1.0,0.8666666666666667,0.9285714285714286,0.19993239817475073,0.5962480902671814,0.713772714138031,11834,9468,2.2020277976989746,0.1,0.5,0.3,,0.1,0.5,,0.853343665599823,,,,0.4306977689266205,0.3698318600654602,1.0,3.0,"[0.3, 0.5, 0.7, 0.9]",200.0,selective_mcgc,3.0,4.0,1.4444124474266573e-07,0.9370035529136658,0.7442511916160583,0.5,hard,0.5,real,hard,0.1154700517654419,0.5,20.0,0.14665630459785461,0.5002534985542297,0.5002534985542297,-0.0693022608757019,0.08158113807439804
CiteSeer,low_feature_similarity,0.3,3,Random-Matched,random_matched,GCN,0.586,0.5700988830989705,0.62,0.2231614539306847,0.1934065934065934,0.20722135007849293,0.19993239817475073,0.5962480902671814,0.5933671593666077,11834,9468,0.9213135242462158,,,,,,,,,,,,,,,,,,,,,,,,,,,,,,,,,,,,
CiteSeer,low_feature_similarity,0.3,4,Feature-only,feature_only,GCN,0.643,0.6016793340485993,0.654,0.9010989010989011,0.780952380952381,0.8367346938775511,0.19993239817475073,0.5918539762496948,0.7008872032165527,11834,9468,0.657268762588501,,,,,,,,,,,,,,,,,,,,,,,,,,,,,,,,,,,,
CiteSeer,low_feature_similarity,0.3,4,GraGE-Hybrid-FO-posneg-lp0.1-ln0.5,hybrid_baseline,GCN,0.596,0.5709998697889564,0.616,0.5857988165680473,0.5076923076923077,0.5439560439560439,0.19993239817475073,0.5918539762496948,0.657372236251831,11834,9468,1.0929746627807617,0.1,0.5,0.3,feature_pos_neg,0.1,0.5,False,0.853343665599823,3.8118735119496705e-06,1.4824100617261138e-05,1.1012227332685143e-05,0.30000001192092896,0.2463810294866562,0.8897527633467879,,,,,,,,,,,,,,,,,,,,,,
CiteSeer,low_feature_similarity,0.3,4,MCGC-cw3.0-lp0.1-ln0.5,mcgc,GCN,0.603,0.5784253784808412,0.574,0.3863060016906171,0.3347985347985348,0.35871271585557296,0.19993239817475073,0.5918539762496948,0.6286438703536987,11834,9468,1.9611093997955322,0.1,0.5,0.3,,0.1,0.5,,0.853343665599823,,,,0.27488061785697937,0.30960533022880554,0.5645121574383438,3.0,"[0.3, 0.5, 0.7, 0.9]",200.0,mcgc,3.0,4.0,1.2775358015915117e-07,0.9464678168296814,0.7424068450927734,0.5,,,,,,,,,,,,
CiteSeer,low_feature_similarity,0.3,4,Selective-MCGC-hard-q0.5-lp0.1-ln0.5,selective_mcgc,GCN,0.639,0.5945134327113812,0.66,1.0,0.8666666666666667,0.9285714285714286,0.19993239817475073,0.5918539762496948,0.7101816534996033,11834,9468,2.225407123565674,0.1,0.5,0.3,,0.1,0.5,,0.853343665599823,,,,0.4253222644329071,0.3760390281677246,1.0,3.0,"[0.3, 0.5, 0.7, 0.9]",200.0,selective_mcgc,3.0,4.0,1.251035399718603e-07,0.9471437931060791,0.7431689500808716,0.5,hard,0.5,real,hard,0.1154700517654419,0.5,20.0,0.14665630459785461,0.5002534985542297,0.5002534985542297,-0.07467777281999588,0.08398265391588211
CiteSeer,low_feature_similarity,0.3,4,Random-Matched,random_matched,GCN,0.571,0.5385849633692362,0.55,0.22231614539306846,0.19267399267399268,0.206436420722135,0.19993239817475073,0.5918539762496948,0.5861850380897522,11834,9468,0.6841244697570801,,,,,,,,,,,,,,,,,,,,,,,,,,,,,,,,,,,,
CiteSeer,degree_aligned_random,0.3,0,Feature-only,feature_only,GCN,0.645,0.6244935932171453,0.638,0.6415891800507185,0.5560439560439561,0.5957613814756673,0.19993239817475073,0.6094304323196411,0.6880016922950745,11834,9468,1.0830159187316895,,,,,,,,,,,,,,,,,,,,,,,,,,,,,,,,,,,,
CiteSeer,degree_aligned_random,0.3,0,GraGE-Hybrid-FO-posneg-lp0.1-ln0.5,hybrid_baseline,GCN,0.645,0.6213403945345491,0.606,0.3863060016906171,0.3347985347985348,0.35871271585557296,0.19993239817475073,0.6094304323196411,0.6535699367523193,11834,9468,1.455507755279541,0.1,0.5,0.3,feature_pos_neg,0.1,0.5,False,0.8424745202064514,5.676227132767053e-08,6.68525274249987e-07,6.117629709478933e-07,0.30000001192092896,0.2649465501308441,0.7314418007300256,,,,,,,,,,,,,,,,,,,,,,
CiteSeer,degree_aligned_random,0.3,0,MCGC-cw3.0-lp0.1-ln0.5,mcgc,GCN,0.613,0.593336094283416,0.592,0.46745562130177515,0.40512820512820513,0.4340659340659341,0.19993239817475073,0.6094304323196411,0.6544148921966553,11834,9468,2.227388620376587,0.1,0.5,0.3,,0.1,0.5,,0.8424745202064514,,,,0.3148069381713867,0.34177276492118835,0.6500336365450602,3.0,"[0.3, 0.5, 0.7, 0.9]",200.0,mcgc,3.0,4.0,9.53316146024008e-08,0.9292715787887573,0.6664228439331055,0.5,,,,,,,,,,,,
CiteSeer,degree_aligned_random,0.3,0,Selective-MCGC-hard-q0.5-lp0.1-ln0.5,selective_mcgc,GCN,0.639,0.615599046897113,0.638,0.6424344885883347,0.5567765567765568,0.5965463108320251,0.19993239817475073,0.6094304323196411,0.6882129311561584,11834,9468,2.5664830207824707,0.1,0.5,0.3,,0.1,0.5,,0.8424745202064514,,,,0.4217929244041443,0.38050493597984314,0.8709993433631394,3.0,"[0.3, 0.5, 0.7, 0.9]",200.0,selective_mcgc,3.0,4.0,9.344510232267567e-08,0.9277927875518799,0.6680152416229248,0.5,hard,0.5,real,hard,0.12087345868349075,0.5,20.0,0.15752547979354858,0.5000845193862915,0.5000845193862915,-0.0782070904970169,0.08899056911468506
CiteSeer,degree_aligned_random,0.3,0,Random-Matched,random_matched,GCN,0.614,0.5916127943698801,0.604,0.23076923076923078,0.2,0.21428571428571427,0.19993239817475073,0.6094304323196411,0.6100549101829529,11834,9468,0.8716154098510742,,,,,,,,,,,,,,,,,,,,,,,,,,,,,,,,,,,,
CiteSeer,degree_aligned_random,0.3,1,Feature-only,feature_only,GCN,0.649,0.6234069835863442,0.634,0.6593406593406593,0.5714285714285714,0.6122448979591836,0.19993239817475073,0.6109514832496643,0.693705141544342,11834,9468,1.0200402736663818,,,,,,,,,,,,,,,,,,,,,,,,,,,,,,,,,,,,
CiteSeer,degree_aligned_random,0.3,1,GraGE-Hybrid-FO-posneg-lp0.1-ln0.5,hybrid_baseline,GCN,0.617,0.5942711390870324,0.6,0.4091293322062553,0.3545787545787546,0.37990580847723704,0.19993239817475073,0.6109514832496643,0.661174476146698,11834,9468,1.4537286758422852,0.1,0.5,0.3,feature_pos_neg,0.1,0.5,False,0.8428372740745544,7.151856351583774e-08,4.072976764746272e-07,3.357790774316527e-07,0.30000001192092896,0.26603204011917114,0.7443071354538842,,,,,,,,,,,,,,,,,,,,,,
CiteSeer,degree_aligned_random,0.3,1,MCGC-cw3.0-lp0.1-ln0.5,mcgc,GCN,0.632,0.6091074770764208,0.614,0.4319526627218935,0.37435897435897436,0.4010989010989011,0.19993239817475073,0.6109514832496643,0.6590620875358582,11834,9468,2.4449191093444824,0.1,0.5,0.3,,0.1,0.5,,0.8428372740745544,,,,0.31093013286590576,0.3335309326648712,0.6339544023638928,3.0,"[0.3, 0.5, 0.7, 0.9]",200.0,mcgc,3.0,4.0,-1.1803602539828262e-08,0.9208636283874512,0.6816884279251099,0.5000000596046448,,,,,,,,,,,,
CiteSeer,degree_aligned_random,0.3,1,Selective-MCGC-hard-q0.5-lp0.1-ln0.5,selective_mcgc,GCN,0.649,0.6234069835863442,0.634,0.6593406593406593,0.5714285714285714,0.6122448979591836,0.19993239817475073,0.6109514832496643,0.693705141544342,11834,9468,2.6329803466796875,0.1,0.5,0.3,,0.1,0.5,,0.8428372740745544,,,,0.4231988191604614,0.37754127383232117,0.8743921280828135,3.0,"[0.3, 0.5, 0.7, 0.9]",200.0,selective_mcgc,3.0,4.0,-1.7896642390269335e-08,0.9201453328132629,0.6823060512542725,0.5,hard,0.5,real,hard,0.12049504369497299,0.5,20.0,0.15716271102428436,0.5002534985542297,0.5002534985542297,-0.07680118829011917,0.08750658482313156
CiteSeer,degree_aligned_random,0.3,1,Random-Matched,random_matched,GCN,0.604,0.5823545855470854,0.61,0.2256973795435334,0.1956043956043956,0.20957613814756673,0.19993239817475073,0.6109514832496643,0.6094211935997009,11834,9468,0.9088287353515625,,,,,,,,,,,,,,,,,,,,,,,,,,,,,,,,,,,,
CiteSeer,degree_aligned_random,0.3,2,Feature-only,feature_only,GCN,0.63,0.6053230176215528,0.638,0.6644125105663568,0.5758241758241758,0.6169544740973312,0.19993239817475073,0.6094304323196411,0.6901140809059143,11834,9468,0.8956725597381592,,,,,,,,,,,,,,,,,,,,,,,,,,,,,,,,,,,,
CiteSeer,degree_aligned_random,0.3,2,GraGE-Hybrid-FO-posneg-lp0.1-ln0.5,hybrid_baseline,GCN,0.619,0.6005439722121175,0.612,0.4209636517328825,0.3648351648351648,0.39089481946624804,0.19993239817475073,0.6094304323196411,0.6630756258964539,11834,9468,1.4593255519866943,0.1,0.5,0.3,feature_pos_neg,0.1,0.5,False,0.8425933718681335,1.1926442056164888e-08,5.58492615709838e-07,5.465660706249764e-07,0.30000001192092896,0.2716107666492462,0.748182339043499,,,,,,,,,,,,,,,,,,,,,,
CiteSeer,degree_aligned_random,0.3,2,MCGC-cw3.0-lp0.1-ln0.5,mcgc,GCN,0.616,0.5967259024726821,0.644,0.44885883347421807,0.389010989010989,0.41679748822605966,0.19993239817475073,0.6094304323196411,0.6531474590301514,11834,9468,2.309685707092285,0.1,0.5,0.3,,0.1,0.5,,0.8425933718681335,,,,0.33069372177124023,0.3333907425403595,0.6819513380585437,3.0,"[0.3, 0.5, 0.7, 0.9]",200.0,mcgc,3.0,4.0,3.7012181763884655e-08,0.9044278860092163,0.590846598148346,0.5,,,,,,,,,,,,
CiteSeer,degree_aligned_random,0.3,2,Selective-MCGC-hard-q0.5-lp0.1-ln0.5,selective_mcgc,GCN,0.63,0.6055241195662903,0.64,0.665257819103973,0.5765567765567765,0.6177394034536893,0.19993239817475073,0.6094304323196411,0.6901140809059143,11834,9468,2.4956302642822266,0.1,0.5,0.3,,0.1,0.5,,0.8425933718681335,,,,0.42318788170814514,0.37847205996513367,0.8702305310389669,3.0,"[0.3, 0.5, 0.7, 0.9]",200.0,selective_mcgc,3.0,4.0,5.712595552154198e-08,0.9251732230186462,0.628947377204895,0.5000000596046448,hard,0.5,real,hard,0.12126781791448593,0.5,20.0,0.15740662813186646,0.5007604956626892,0.5007604956626892,-0.07681211084127426,0.08779806643724442
CiteSeer,degree_aligned_random,0.3,2,Random-Matched,random_matched,GCN,0.574,0.554231570536733,0.598,0.23245984784446322,0.20146520146520147,0.21585557299843014,0.19993239817475073,0.6094304323196411,0.6092099547386169,11834,9468,0.9676158428192139,,,,,,,,,,,,,,,,,,,,,,,,,,,,,,,,,,,,
CiteSeer,degree_aligned_random,0.3,3,Feature-only,feature_only,GCN,0.628,0.6096531512644763,0.636,0.650887573964497,0.5641025641025641,0.6043956043956044,0.19993239817475073,0.6070643663406372,0.6899028420448303,11834,9468,0.8333721160888672,,,,,,,,,,,,,,,,,,,,,,,,,,,,,,,,,,,,
CiteSeer,degree_aligned_random,0.3,3,GraGE-Hybrid-FO-posneg-lp0.1-ln0.5,hybrid_baseline,GCN,0.625,0.6047900256093238,0.612,0.40490278951817416,0.3509157509157509,0.3759811616954474,0.19993239817475073,0.6070643663406372,0.657583475112915,11834,9468,1.4449286460876465,0.1,0.5,0.3,feature_pos_neg,0.1,0.5,False,0.842980146408081,5.727680019163017e-08,4.503114325871138e-07,3.9303461107920157e-07,0.30000001192092896,0.26959747076034546,0.7479112349279311,,,,,,,,,,,,,,,,,,,,,,
CiteSeer,degree_aligned_random,0.3,3,MCGC-cw3.0-lp0.1-ln0.5,mcgc,GCN,0.596,0.5777171774394027,0.614,0.45900253592561285,0.3978021978021978,0.4262166405023548,0.19993239817475073,0.6070643663406372,0.6539924144744873,11834,9468,2.1148502826690674,0.1,0.5,0.3,,0.1,0.5,,0.842980146408081,,,,0.33238252997398376,0.3277890980243683,0.694760987401585,3.0,"[0.3, 0.5, 0.7, 0.9]",200.0,mcgc,3.0,4.0,5.033345473748341e-08,0.8857106566429138,0.6132584810256958,0.5,,,,,,,,,,,,
CiteSeer,degree_aligned_random,0.3,3,Selective-MCGC-hard-q0.5-lp0.1-ln0.5,selective_mcgc,GCN,0.629,0.6086477327946725,0.636,0.6517328825021133,0.5648351648351648,0.6051805337519622,0.19993239817475073,0.6070643663406372,0.6901140809059143,11834,9468,2.4946277141571045,0.1,0.5,0.3,,0.1,0.5,,0.842980146408081,,,,0.4329412579536438,0.36727333068847656,0.8808480915686538,3.0,"[0.3, 0.5, 0.7, 0.9]",200.0,selective_mcgc,3.0,4.0,-5.546231136577262e-07,0.8772604465484619,0.5951117873191833,0.5,hard,0.5,real,hard,0.12000000476837158,0.5,20.0,0.15701982378959656,0.5000845193862915,0.5000845193862915,-0.0670587494969368,0.08073056489229202
CiteSeer,degree_aligned_random,0.3,3,Random-Matched,random_matched,GCN,0.565,0.5438372396613916,0.608,0.2231614539306847,0.1934065934065934,0.20722135007849293,0.19993239817475073,0.6070643663406372,0.6030840873718262,11834,9468,0.9002244472503662,,,,,,,,,,,,,,,,,,,,,,,,,,,,,,,,,,,,
CiteSeer,degree_aligned_random,0.3,4,Feature-only,feature_only,GCN,0.62,0.6000789584270351,0.676,0.6568047337278107,0.5692307692307692,0.6098901098901098,0.19993239817475073,0.6099374890327454,0.6907477974891663,11834,9468,0.7065384387969971,,,,,,,,,,,,,,,,,,,,,,,,,,,,,,,,,,,,
CiteSeer,degree_aligned_random,0.3,4,GraGE-Hybrid-FO-posneg-lp0.1-ln0.5,hybrid_baseline,GCN,0.583,0.5494682003374688,0.626,0.3905325443786982,0.3384615384615385,0.3626373626373626,0.19993239817475073,0.6099374890327454,0.6563160419464111,11834,9468,1.215608835220337,0.1,0.5,0.3,feature_pos_neg,0.1,0.5,False,0.8424159288406372,6.388474048435455e-06,2.4897890398278832e-05,1.8509415895096026e-05,0.30000001192092896,0.2664947807788849,0.7380776955908767,,,,,,,,,,,,,,,,,,,,,,
CiteSeer,degree_aligned_random,0.3,4,MCGC-cw3.0-lp0.1-ln0.5,mcgc,GCN,0.607,0.5815390234434151,0.62,0.4353338968723584,0.3772893772893773,0.40423861852433285,0.19993239817475073,0.6099374890327454,0.6544148921966553,11834,9468,1.9044578075408936,0.1,0.5,0.3,,0.1,0.5,,0.8424159288406372,,,,0.332408607006073,0.3301311135292053,0.6654559924551137,3.0,"[0.3, 0.5, 0.7, 0.9]",200.0,mcgc,3.0,4.0,4.024438737815217e-07,0.9045969247817993,0.5957509875297546,0.5,,,,,,,,,,,,
CiteSeer,degree_aligned_random,0.3,4,Selective-MCGC-hard-q0.5-lp0.1-ln0.5,selective_mcgc,GCN,0.631,0.6059920570695824,0.676,0.6568047337278107,0.5692307692307692,0.6098901098901098,0.19993239817475073,0.6099374890327454,0.6907477974891663,11834,9468,2.1877894401550293,0.1,0.5,0.3,,0.1,0.5,,0.8424159288406372,,,,0.4264012575149536,0.3740623891353607,0.870634974281723,3.0,"[0.3, 0.5, 0.7, 0.9]",200.0,selective_mcgc,3.0,4.0,3.6062988328922074e-07,0.8944566249847412,0.5938321948051453,0.5,hard,0.5,real,hard,0.12104552239179611,0.5,20.0,0.1575840711593628,0.5002534985542297,0.5002534985542297,-0.07359873503446579,0.08554680645465851
CiteSeer,degree_aligned_random,0.3,4,Random-Matched,random_matched,GCN,0.549,0.5340564435019899,0.594,0.22231614539306846,0.19267399267399268,0.206436420722135,0.19993239817475073,0.6099374890327454,0.6039290428161621,11834,9468,0.8444154262542725,,,,,,,,,,,,,,,,,,,,,,,,,,,,,,,,,,,,
PubMed,feature_similar_cross_class,0.3,0,Feature-only,feature_only,GCN,0.687,0.685321459025004,0.682,0.4325754946199236,0.37489659321651503,0.40167600016115385,0.19999652904323073,0.6172228455543518,0.6656398773193359,115242,92194,5.672555685043335,,,,,,,,,,,,,,,,,,,,,,,,,,,,,,,,,,,,
PubMed,feature_similar_cross_class,0.3,0,GraGE-Hybrid-FO-posneg-lp0.1-ln0.5,hybrid_baseline,GCN,0.614,0.6124682335769814,0.618,0.1575841721624436,0.13657215913363915,0.14632770637766407,0.19999652904323073,0.6172228455543518,0.6116666793823242,115242,92194,8.857633352279663,0.1,0.5,0.3,feature_pos_neg,0.1,0.5,False,0.7606876492500305,6.50682139280434e-08,3.656469118595851e-07,3.0057870503696904e-07,0.30000001192092896,0.2771255373954773,0.6137443263151089,,,,,,,,,,,,,,,,,,,,,,
PubMed,feature_similar_cross_class,0.3,0,MCGC-cw3.0-lp0.1-ln0.5,mcgc,GCN,0.64,0.6411948669659392,0.61,0.09311003123915307,0.08069489358501918,0.08645904677490833,0.19999652904323073,0.6172228455543518,0.5986723899841309,115242,92194,14.179906129837036,0.1,0.5,0.3,,0.1,0.5,,0.7606876492500305,,,,0.24516089260578156,0.32996389269828796,0.266950734565426,3.0,"[0.3, 0.5, 0.7, 0.9]",200.0,mcgc,3.0,4.0,6.617921322060738e-09,0.9763801097869873,0.9016663432121277,0.4999999701976776,,,,,,,,,,,,
PubMed,feature_similar_cross_class,0.3,0,Selective-MCGC-hard-q0.5-lp0.1-ln0.5,selective_mcgc,GCN,0.688,0.6861902215567998,0.68,0.4326622700451232,0.3749717981499586,0.4017565770919786,0.19999652904323073,0.6172228455543518,0.6656615734100342,115242,92194,17.179527521133423,0.1,0.5,0.3,,0.1,0.5,,0.7606876492500305,,,,0.4210824966430664,0.3790219724178314,0.7255246601157452,3.0,"[0.3, 0.5, 0.7, 0.9]",200.0,selective_mcgc,3.0,4.0,6.635244798047779e-09,0.9761805534362793,0.9014540910720825,0.4999999701976776,hard,0.5,real,hard,0.1946183145046234,0.5,20.0,0.2393123060464859,0.5000086426734924,0.5000086426734924,-0.07891745865345001,0.091478131711483
PubMed,feature_similar_cross_class,0.3,0,Random-Matched,random_matched,GCN,0.609,0.6024479829898272,0.65,0.2269177368969108,0.19666090095510266,0.2107086741066033,0.19999652904323073,0.6172228455543518,0.6164826154708862,115242,92194,5.418781042098999,,,,,,,,,,,,,,,,,,,,,,,,,,,,,,,,,,,,
PubMed,feature_similar_cross_class,0.3,1,Feature-only,feature_only,GCN,0.657,0.6592999670484097,0.68,0.4334432488719195,0.3756486425509513,0.40248176946940084,0.19999652904323073,0.6172228455543518,0.6657916903495789,115242,92194,5.397074460983276,,,,,,,,,,,,,,,,,,,,,,,,,,,,,,,,,,,,
PubMed,feature_similar_cross_class,0.3,1,GraGE-Hybrid-FO-posneg-lp0.1-ln0.5,hybrid_baseline,GCN,0.618,0.6152580438191338,0.61,0.17285664699757028,0.14980822741971872,0.16050924620281215,0.19999652904323073,0.6172228455543518,0.6145085692405701,115242,92194,17.2955539226532,0.1,0.5,0.3,feature_pos_neg,0.1,0.5,False,0.7608298063278198,2.4110084950734745e-07,1.22954247672169e-06,9.884415703709237e-07,0.30000001192092896,0.2760109007358551,0.6220079570294443,,,,,,,,,,,,,,,,,,,,,,
PubMed,feature_similar_cross_class,0.3,1,MCGC-cw3.0-lp0.1-ln0.5,mcgc,GCN,0.634,0.6338893082649331,0.638,0.15923290524123568,0.13800105286906822,0.14785866806333348,0.19999652904323073,0.6172228455543518,0.6113412976264954,115242,92194,13.49997353553772,0.1,0.5,0.3,,0.1,0.5,,0.7608298063278198,,,,0.2633918821811676,0.3394005596637726,0.33176550853354064,3.0,"[0.3, 0.5, 0.7, 0.9]",200.0,mcgc,3.0,4.0,1.1373471409115155e-07,0.9684229493141174,0.7993897795677185,0.4999999701976776,,,,,,,,,,,,
PubMed,feature_similar_cross_class,0.3,1,Selective-MCGC-hard-q0.5-lp0.1-ln0.5,selective_mcgc,GCN,0.661,0.661309065083035,0.682,0.4334432488719195,0.3756486425509513,0.40248176946940084,0.19999652904323073,0.6172228455543518,0.6657916903495789,115242,92194,16.638986349105835,0.1,0.5,0.3,,0.1,0.5,,0.7608298063278198,,,,0.4210491478443146,0.3786153495311737,0.7302070961708351,3.0,"[0.3, 0.5, 0.7, 0.9]",200.0,selective_mcgc,3.0,4.0,1.2991637987624927e-08,0.9768747091293335,0.8728322386741638,0.4999999701976776,hard,0.5,real,hard,0.19432978332042694,0.5,20.0,0.2391701489686966,0.5000086426734924,0.5000086426734924,-0.07895084470510483,0.08791156858205795
PubMed,feature_similar_cross_class,0.3,1,Random-Matched,random_matched,GCN,0.636,0.6414650364775198,0.664,0.23186393613328704,0.20094758216138978,0.21530155916361146,0.19999652904323073,0.6172228455543518,0.6168514490127563,115242,92194,5.29488468170166,,,,,,,,,,,,,,,,,,,,,,,,,,,,,,,,,,,,
PubMed,feature_similar_cross_class,0.3,2,Feature-only,feature_only,GCN,0.658,0.660477235445098,0.658,0.43196806664352655,0.3743701586824096,0.40111196164538093,0.19999652904323073,0.6172228455543518,0.6655313968658447,115242,92194,5.613687992095947,,,,,,,,,,,,,,,,,,,,,,,,,,,,,,,,,,,,
PubMed,feature_similar_cross_class,0.3,2,GraGE-Hybrid-FO-posneg-lp0.1-ln0.5,hybrid_baseline,GCN,0.619,0.6215020032352712,0.614,0.16322457480041652,0.14146047980747536,0.1515652068812699,0.19999652904323073,0.6172228455543518,0.6131418347358704,115242,92194,9.27938461303711,0.1,0.5,0.3,feature_pos_neg,0.1,0.5,False,0.7606948614120483,6.913799310837021e-09,3.8640003197087935e-08,3.1726202109894075e-08,0.29999998211860657,0.27352944016456604,0.6145653273616595,,,,,,,,,,,,,,,,,,,,,,
PubMed,feature_similar_cross_class,0.3,2,MCGC-cw3.0-lp0.1-ln0.5,mcgc,GCN,0.625,0.6272819336014775,0.612,0.09883720930232558,0.08565841919229901,0.09177712420933885,0.19999652904323073,0.6172228455543518,0.5983469486236572,115242,92194,14.223911762237549,0.1,0.5,0.3,,0.1,0.5,,0.7606948614120483,,,,0.23533271253108978,0.3401259779930115,0.2788519492170628,3.0,"[0.3, 0.5, 0.7, 0.9]",200.0,mcgc,3.0,4.0,7.406605551096845e-09,0.988658607006073,0.9460191130638123,0.4999999701976776,,,,,,,,,,,,
PubMed,feature_similar_cross_class,0.3,2,Selective-MCGC-hard-q0.5-lp0.1-ln0.5,selective_mcgc,GCN,0.659,0.6604200727669883,0.658,0.43196806664352655,0.3743701586824096,0.40111196164538093,0.19999652904323073,0.6172228455543518,0.6655313968658447,115242,92194,17.537486791610718,0.1,0.5,0.3,,0.1,0.5,,0.7606948614120483,,,,0.41061046719551086,0.38833725452423096,0.7238067235042945,3.0,"[0.3, 0.5, 0.7, 0.9]",200.0,selective_mcgc,3.0,4.0,4.8507136085618185e-09,0.9900339841842651,0.9518216848373413,0.4999999701976776,hard,0.5,real,hard,0.19474732875823975,0.5,20.0,0.23930510878562927,0.5000086426734924,0.5000086426734924,-0.08938949555158615,0.0974416732788086
PubMed,feature_similar_cross_class,0.3,2,Random-Matched,random_matched,GCN,0.624,0.6224680485600881,0.644,0.23273169038528288,0.20169963149582612,0.2161073284718585,0.19999652904323073,0.6172228455543518,0.6177191734313965,115242,92194,5.499878406524658,,,,,,,,,,,,,,,,,,,,,,,,,,,,,,,,,,,,
PubMed,feature_similar_cross_class,0.3,3,Feature-only,feature_only,GCN,0.656,0.6536434820064484,0.65,0.4325754946199236,0.37489659321651503,0.40167600016115385,0.19999652904323073,0.6172228455543518,0.6656398773193359,115242,92194,5.628079414367676,,,,,,,,,,,,,,,,,,,,,,,,,,,,,,,,,,,,
PubMed,feature_similar_cross_class,0.3,3,GraGE-Hybrid-FO-posneg-lp0.1-ln0.5,hybrid_baseline,GCN,0.614,0.6142989933015931,0.608,0.17190211732037486,0.14898097315183875,0.15962289996374035,0.19999652904323073,0.6172228455543518,0.6138794422149658,115242,92194,9.17024278640747,0.1,0.5,0.3,feature_pos_neg,0.1,0.5,False,0.7607199549674988,4.6922212781908e-09,5.5879432636629645e-08,5.1187214467063313e-08,0.29999998211860657,0.2789369821548462,0.6200917090602439,,,,,,,,,,,,,,,,,,,,,,
PubMed,feature_similar_cross_class,0.3,3,MCGC-cw3.0-lp0.1-ln0.5,mcgc,GCN,0.63,0.6302351900939719,0.622,0.1423116973273169,0.1233360908475596,0.13214616655251601,0.19999652904323073,0.6172228455543518,0.60743647813797,115242,92194,14.171608209609985,0.1,0.5,0.3,,0.1,0.5,,0.7607199549674988,,,,0.277997225522995,0.33119720220565796,0.3323249898704771,3.0,"[0.3, 0.5, 0.7, 0.9]",200.0,mcgc,3.0,4.0,4.68218130933451e-09,0.961368203163147,0.8352675437927246,0.4999999701976776,,,,,,,,,,,,
PubMed,feature_similar_cross_class,0.3,3,Selective-MCGC-hard-q0.5-lp0.1-ln0.5,selective_mcgc,GCN,0.655,0.6527869476754531,0.65,0.4325754946199236,0.37489659321651503,0.40167600016115385,0.19999652904323073,0.6172228455543518,0.6656398773193359,115242,92194,17.404178380966187,0.1,0.5,0.3,,0.1,0.5,,0.7607199549674988,,,,0.4277774393558502,0.3721807599067688,0.7277073864268581,3.0,"[0.3, 0.5, 0.7, 0.9]",200.0,selective_mcgc,3.0,4.0,4.756458338306402e-09,0.9610124230384827,0.8353407382965088,0.4999999701976776,hard,0.5,real,hard,0.1948142647743225,0.5,20.0,0.2392800748348236,0.5000086426734924,0.5000086426734924,-0.07222253829240799,0.08458051085472107
PubMed,feature_similar_cross_class,0.3,3,Random-Matched,random_matched,GCN,0.612,0.612197595181495,0.636,0.23151683443248872,0.20064676242761526,0.21497925144031263,0.19999652904323073,0.6172228455543518,0.6179794669151306,115242,92194,5.4975690841674805,,,,,,,,,,,,,,,,,,,,,,,,,,,,,,,,,,,,
PubMed,feature_similar_cross_class,0.3,4,Feature-only,feature_only,GCN,0.67,0.6681923473332879,0.688,0.4304928844151336,0.3730916748138678,0.39974215382136097,0.19999652904323073,0.6172228455543518,0.6652276515960693,115242,92194,5.682617902755737,,,,,,,,,,,,,,,,,,,,,,,,,,,,,,,,,,,,
PubMed,feature_similar_cross_class,0.3,4,GraGE-Hybrid-FO-posneg-lp0.1-ln0.5,hybrid_baseline,GCN,0.65,0.6474044960852501,0.646,0.15576188823325235,0.13499285553132284,0.14463559083034525,0.19999652904323073,0.6172228455543518,0.6109074354171753,115242,92194,9.197360754013062,0.1,0.5,0.3,feature_pos_neg,0.1,0.5,False,0.7608681321144104,6.508161565221826e-09,3.96582713335647e-08,3.315011198878892e-08,0.30000001192092896,0.27472519874572754,0.6134204593334904,,,,,,,,,,,,,,,,,,,,,,
PubMed,feature_similar_cross_class,0.3,4,MCGC-cw3.0-lp0.1-ln0.5,mcgc,GCN,0.63,0.6285470821986224,0.63,0.11133287053106561,0.0964879296081823,0.10338020224809637,0.19999652904323073,0.6172228455543518,0.6017094254493713,115242,92194,14.048713445663452,0.1,0.5,0.3,,0.1,0.5,,0.7608681321144104,,,,0.24493439495563507,0.3421678841114044,0.2859873116565536,3.0,"[0.3, 0.5, 0.7, 0.9]",200.0,mcgc,3.0,4.0,1.3915108176831836e-08,0.987244188785553,0.9206779599189758,0.4999999701976776,,,,,,,,,,,,
PubMed,feature_similar_cross_class,0.3,4,Selective-MCGC-hard-q0.5-lp0.1-ln0.5,selective_mcgc,GCN,0.67,0.6681923473332879,0.688,0.4304928844151336,0.3730916748138678,0.39974215382136097,0.19999652904323073,0.6172228455543518,0.6652276515960693,115242,92194,17.36685872077942,0.1,0.5,0.3,,0.1,0.5,,0.7608681321144104,,,,0.4158730208873749,0.384721040725708,0.7266742237863044,3.0,"[0.3, 0.5, 0.7, 0.9]",200.0,selective_mcgc,3.0,4.0,8.786194882759446e-09,0.9854089617729187,0.9274184703826904,0.4999999701976776,hard,0.5,real,hard,0.19420723617076874,0.5,20.0,0.239131897687912,0.5000086426734924,0.5000086426734924,-0.08412700146436691,0.09409679472446442
PubMed,feature_similar_cross_class,0.3,4,Random-Matched,random_matched,GCN,0.642,0.6373792303447094,0.666,0.2336862200624783,0.2025268857637061,0.21699367471093026,0.19999652904323073,0.6172228455543518,0.6174371242523193,115242,92194,5.523388624191284,,,,,,,,,,,,,,,,,,,,,,,,,,,,,,,,,,,,
PubMed,low_feature_similarity,0.3,0,Feature-only,feature_only,GCN,0.734,0.730604827167741,0.744,0.991235682054842,0.85906595472663,0.920430280810604,0.19999652904323073,0.6760208606719971,0.7806581854820251,115242,92194,5.663758039474487,,,,,,,,,,,,,,,,,,,,,,,,,,,,,,,,,,,,
PubMed,low_feature_similarity,0.3,0,GraGE-Hybrid-FO-posneg-lp0.1-ln0.5,hybrid_baseline,GCN,0.722,0.7231694599641895,0.712,0.5773169038528289,0.5003384222004964,0.5360783207767615,0.19999652904323073,0.6760208606719971,0.7299824357032776,115242,92194,8.767685651779175,0.1,0.5,0.3,feature_pos_neg,0.1,0.5,False,0.7899824380874634,6.883411174385401e-07,2.198695710831089e-06,1.5103546502359677e-06,0.29999998211860657,0.24834907054901123,0.88158378098005,,,,,,,,,,,,,,,,,,,,,,
PubMed,low_feature_similarity,0.3,0,MCGC-cw3.0-lp0.1-ln0.5,mcgc,GCN,0.72,0.7190181788574638,0.668,0.20565775772301284,0.17823569226141234,0.19096732605455058,0.19999652904323073,0.6760208606719971,0.6787643432617188,115242,92194,13.938313245773315,0.1,0.5,0.3,,0.1,0.5,,0.7899824380874634,,,,0.2549796998500824,0.2781625986099243,0.48734765054012325,3.0,"[0.3, 0.5, 0.7, 0.9]",200.0,mcgc,3.0,4.0,9.00446011087297e-08,0.9798423647880554,0.8369603753089905,0.4999999701976776,,,,,,,,,,,,
PubMed,low_feature_similarity,0.3,0,Selective-MCGC-hard-q0.5-lp0.1-ln0.5,selective_mcgc,GCN,0.734,0.730604827167741,0.744,0.991235682054842,0.85906595472663,0.920430280810604,0.19999652904323073,0.6760208606719971,0.7806581854820251,115242,92194,17.147223711013794,0.1,0.5,0.3,,0.1,0.5,,0.7899824380874634,,,,0.4342837333679199,0.36126068234443665,0.9985589764913286,3.0,"[0.3, 0.5, 0.7, 0.9]",200.0,selective_mcgc,3.0,4.0,6.952835462925577e-08,0.9730653166770935,0.8416363596916199,0.4999999701976776,hard,0.5,real,hard,0.17960622906684875,0.5,20.0,0.21001754701137543,0.5000086426734924,0.5000086426734924,-0.06571625173091888,0.07900933176279068
PubMed,low_feature_similarity,0.3,0,Random-Matched,random_matched,GCN,0.701,0.6996164389518237,0.722,0.2269177368969108,0.19666090095510266,0.2107086741066033,0.19999652904323073,0.6760208606719971,0.6748378276824951,115242,92194,5.3901190757751465,,,,,,,,,,,,,,,,,,,,,,,,,,,,,,,,,,,,
PubMed,low_feature_similarity,0.3,1,Feature-only,feature_only,GCN,0.762,0.7584309764091931,0.762,0.991235682054842,0.85906595472663,0.920430280810604,0.19999652904323073,0.6751357913017273,0.780311107635498,115242,92194,12.18778371810913,,,,,,,,,,,,,,,,,,,,,,,,,,,,,,,,,,,,
PubMed,low_feature_similarity,0.3,1,GraGE-Hybrid-FO-posneg-lp0.1-ln0.5,hybrid_baseline,GCN,0.725,0.724507020347794,0.712,0.5809614717112114,0.503497029405129,0.5394625518713991,0.19999652904323073,0.6751357913017273,0.728897750377655,115242,92194,8.877535343170166,0.1,0.5,0.3,feature_pos_neg,0.1,0.5,False,0.7899845838546753,3.8804304836048686e-07,2.4576211217208765e-06,2.069578158625518e-06,0.30000001192092896,0.24926571547985077,0.8825992172524475,,,,,,,,,,,,,,,,,,,,,,
PubMed,low_feature_similarity,0.3,1,MCGC-cw3.0-lp0.1-ln0.5,mcgc,GCN,0.713,0.7054047304521447,0.678,0.20860812217979868,0.1807926599984959,0.19370694170259056,0.19999652904323073,0.6751357913017273,0.6795236468315125,115242,92194,13.746793746948242,0.1,0.5,0.3,,0.1,0.5,,0.7899845838546753,,,,0.26416537165641785,0.2798616290092468,0.4984434713237196,3.0,"[0.3, 0.5, 0.7, 0.9]",200.0,mcgc,3.0,4.0,1.857775622227109e-08,0.9755383729934692,0.8021622896194458,0.4999999701976776,,,,,,,,,,,,
PubMed,low_feature_similarity,0.3,1,Selective-MCGC-hard-q0.5-lp0.1-ln0.5,selective_mcgc,GCN,0.762,0.7582323775771669,0.762,0.991235682054842,0.85906595472663,0.920430280810604,0.19999652904323073,0.6751357913017273,0.780311107635498,115242,92194,16.82449507713318,0.1,0.5,0.3,,0.1,0.5,,0.7899845838546753,,,,0.43311184644699097,0.36241647601127625,0.9985650269559226,3.0,"[0.3, 0.5, 0.7, 0.9]",200.0,selective_mcgc,3.0,4.0,1.8461877360209655e-08,0.9762933254241943,0.8010492324829102,0.4999999701976776,hard,0.5,real,hard,0.17960622906684875,0.5,20.0,0.21001535654067993,0.5000086426734924,0.5000086426734924,-0.06688815355300903,0.07619858533143997
PubMed,low_feature_similarity,0.3,1,Random-Matched,random_matched,GCN,0.714,0.7070357461508716,0.712,0.23186393613328704,0.20094758216138978,0.21530155916361146,0.19999652904323073,0.6751357913017273,0.6739267110824585,115242,92194,5.4075446128845215,,,,,,,,,,,,,,,,,,,,,,,,,,,,,,,,,,,,
PubMed,low_feature_similarity,0.3,2,Feature-only,feature_only,GCN,0.753,0.7427940171220094,0.766,0.991235682054842,0.85906595472663,0.920430280810604,0.19999652904323073,0.6750836968421936,0.7805930972099304,115242,92194,5.557802677154541,,,,,,,,,,,,,,,,,,,,,,,,,,,,,,,,,,,,
PubMed,low_feature_similarity,0.3,2,GraGE-Hybrid-FO-posneg-lp0.1-ln0.5,hybrid_baseline,GCN,0.712,0.7058987427442073,0.708,0.5813085734120097,0.5037978491389035,0.5397848595946981,0.19999652904323073,0.6750836968421936,0.7285723686218262,115242,92194,8.956780195236206,0.1,0.5,0.3,feature_pos_neg,0.1,0.5,False,0.7899605631828308,1.321750318084014e-07,5.330141448212089e-07,4.0083907038024336e-07,0.30000001192092896,0.2446265071630478,0.8829463155748454,,,,,,,,,,,,,,,,,,,,,,
PubMed,low_feature_similarity,0.3,2,MCGC-cw3.0-lp0.1-ln0.5,mcgc,GCN,0.694,0.6868717437825929,0.696,0.11141964595626519,0.09656313454162593,0.10346077917892108,0.19999652904323073,0.6750836968421936,0.6673970222473145,115242,92194,13.90291690826416,0.1,0.5,0.3,,0.1,0.5,,0.7899605631828308,,,,0.23725193738937378,0.27213749289512634,0.4399974705121632,3.0,"[0.3, 0.5, 0.7, 0.9]",200.0,mcgc,3.0,4.0,1.0460619037644392e-08,0.991661012172699,0.9380881190299988,0.4999999403953552,,,,,,,,,,,,
PubMed,low_feature_similarity,0.3,2,Selective-MCGC-hard-q0.5-lp0.1-ln0.5,selective_mcgc,GCN,0.753,0.7427940171220094,0.766,0.991235682054842,0.85906595472663,0.920430280810604,0.19999652904323073,0.6750836968421936,0.7805930972099304,115242,92194,17.174983501434326,0.1,0.5,0.3,,0.1,0.5,,0.7899605631828308,,,,0.4268929362297058,0.36728814244270325,0.9985290736904305,3.0,"[0.3, 0.5, 0.7, 0.9]",200.0,selective_mcgc,3.0,4.0,9.098259923234764e-09,0.9879470467567444,0.9344363212585449,0.4999999701976776,hard,0.5,real,hard,0.17960622906684875,0.5,20.0,0.21003934741020203,0.5000086426734924,0.5000086426734924,-0.07310705631971359,0.0824887678027153
PubMed,low_feature_similarity,0.3,2,Random-Matched,random_matched,GCN,0.706,0.7003006080945586,0.714,0.23273169038528288,0.20169963149582612,0.2161073284718585,0.19999652904323073,0.6750836968421936,0.6754235625267029,115242,92194,5.572335243225098,,,,,,,,,,,,,,,,,,,,,,,,,,,,,,,,,,,,
PubMed,low_feature_similarity,0.3,3,Feature-only,feature_only,GCN,0.74,0.7366511502008026,0.738,0.991235682054842,0.85906595472663,0.920430280810604,0.19999652904323073,0.6765068173408508,0.7800724506378174,115242,92194,5.447947263717651,,,,,,,,,,,,,,,,,,,,,,,,,,,,,,,,,,,,
PubMed,low_feature_similarity,0.3,3,GraGE-Hybrid-FO-posneg-lp0.1-ln0.5,hybrid_baseline,GCN,0.697,0.692846475790875,0.694,0.5781846581048247,0.5010904715349327,0.5368840900850086,0.19999652904323073,0.6765068173408508,0.7287025451660156,115242,92194,9.152167558670044,0.1,0.5,0.3,feature_pos_neg,0.1,0.5,False,0.7899787425994873,2.52763783237242e-07,2.7814267014036886e-06,2.528662889744737e-06,0.30000001192092896,0.24977852404117584,0.881593484459302,,,,,,,,,,,,,,,,,,,,,,
PubMed,low_feature_similarity,0.3,3,MCGC-cw3.0-lp0.1-ln0.5,mcgc,GCN,0.692,0.6855259432809716,0.692,0.21867407150295037,0.18951643227795745,0.20305386567825634,0.19999652904323073,0.6765068173408508,0.6794151663780212,115242,92194,14.031668901443481,0.1,0.5,0.3,,0.1,0.5,,0.7899787425994873,,,,0.2658313810825348,0.2845390737056732,0.49514435624641445,3.0,"[0.3, 0.5, 0.7, 0.9]",200.0,mcgc,3.0,4.0,1.3788989505769678e-08,0.9717376828193665,0.8344545960426331,0.4999999701976776,,,,,,,,,,,,
PubMed,low_feature_similarity,0.3,3,Selective-MCGC-hard-q0.5-lp0.1-ln0.5,selective_mcgc,GCN,0.739,0.7355748938549126,0.738,0.991235682054842,0.85906595472663,0.920430280810604,0.19999652904323073,0.6765068173408508,0.7800724506378174,115242,92194,27.543269395828247,0.1,0.5,0.3,,0.1,0.5,,0.7899787425994873,,,,0.4342682659626007,0.36188721656799316,0.9985565196565749,3.0,"[0.3, 0.5, 0.7, 0.9]",200.0,selective_mcgc,3.0,4.0,1.4149640570337851e-08,0.9723928570747375,0.8372253775596619,0.4999999701976776,hard,0.5,real,hard,0.17960622906684875,0.5,20.0,0.2100212424993515,0.5000086426734924,0.5000086426734924,-0.0657317265868187,0.0767054557800293
PubMed,low_feature_similarity,0.3,3,Random-Matched,random_matched,GCN,0.679,0.6738158958664736,0.718,0.23151683443248872,0.20064676242761526,0.21497925144031263,0.19999652904323073,0.6765068173408508,0.6772457957267761,115242,92194,5.37223482131958,,,,,,,,,,,,,,,,,,,,,,,,,,,,,,,,,,,,
PubMed,low_feature_similarity,0.3,4,Feature-only,feature_only,GCN,0.737,0.73071959635862,0.734,0.991235682054842,0.85906595472663,0.920430280810604,0.19999652904323073,0.6762985587120056,0.7805930972099304,115242,92194,5.445328235626221,,,,,,,,,,,,,,,,,,,,,,,,,,,,,,,,,,,,
PubMed,low_feature_similarity,0.3,4,GraGE-Hybrid-FO-posneg-lp0.1-ln0.5,hybrid_baseline,GCN,0.731,0.7270339701746255,0.716,0.573759111419646,0.4972550199293074,0.5327746666129487,0.19999652904323073,0.6762985587120056,0.7285940647125244,115242,92194,8.948871612548828,0.1,0.5,0.3,feature_pos_neg,0.1,0.5,False,0.7899653315544128,1.6629787324973222e-08,6.818765285743211e-08,5.155786197974521e-08,0.30000001192092896,0.24582333862781525,0.8791809041202115,,,,,,,,,,,,,,,,,,,,,,
PubMed,low_feature_similarity,0.3,4,MCGC-cw3.0-lp0.1-ln0.5,mcgc,GCN,0.679,0.6788744345516132,0.694,0.11489066296424852,0.09957133187937128,0.10668385641190926,0.19999652904323073,0.6762985587120056,0.6680911779403687,115242,92194,14.077980279922485,0.1,0.5,0.3,,0.1,0.5,,0.7899653315544128,,,,0.24862703680992126,0.2720663249492645,0.4436418870969462,3.0,"[0.3, 0.5, 0.7, 0.9]",200.0,mcgc,3.0,4.0,6.53385789917138e-09,0.9818468689918518,0.9267948865890503,0.4999999701976776,,,,,,,,,,,,
PubMed,low_feature_similarity,0.3,4,Selective-MCGC-hard-q0.5-lp0.1-ln0.5,selective_mcgc,GCN,0.737,0.73071959635862,0.734,0.991235682054842,0.85906595472663,0.920430280810604,0.19999652904323073,0.6762985587120056,0.7805930972099304,115242,92194,17.076560735702515,0.1,0.5,0.3,,0.1,0.5,,0.7899653315544128,,,,0.43144387006759644,0.3641953468322754,0.9985369311501989,3.0,"[0.3, 0.5, 0.7, 0.9]",200.0,selective_mcgc,3.0,4.0,6.3333560618161755e-09,0.9842028021812439,0.927898108959198,0.4999999701976776,hard,0.5,real,hard,0.17960622906684875,0.5,20.0,0.21003466844558716,0.5000086426734924,0.5000086426734924,-0.06855611503124237,0.07865695655345917
PubMed,low_feature_similarity,0.3,4,Random-Matched,random_matched,GCN,0.707,0.7025515208457281,0.714,0.2336862200624783,0.2025268857637061,0.21699367471093026,0.19999652904323073,0.6762985587120056,0.6763997673988342,115242,92194,5.765315294265747,,,,,,,,,,,,,,,,,,,,,,,,,,,,,,,,,,,,
PubMed,degree_aligned_random,0.3,0,Feature-only,feature_only,GCN,0.743,0.7442631797688156,0.744,0.7055709822978132,0.6114913138301873,0.6551710245356754,0.19999652904323073,0.70137619972229,0.7696162462234497,115242,92194,5.411958694458008,,,,,,,,,,,,,,,,,,,,,,,,,,,,,,,,,,,,
PubMed,degree_aligned_random,0.3,0,GraGE-Hybrid-FO-posneg-lp0.1-ln0.5,hybrid_baseline,GCN,0.718,0.718469794655371,0.724,0.43569940992710865,0.3776039708204858,0.4045767696708433,0.19999652904323073,0.70137619972229,0.7411545515060425,115242,92194,8.810826063156128,0.1,0.5,0.3,feature_pos_neg,0.1,0.5,False,0.7740161418914795,7.752786927994748e-07,2.546545601944672e-06,1.7712666249281028e-06,0.30000001192092896,0.26772528886795044,0.7525018577776775,,,,,,,,,,,,,,,,,,,,,,
PubMed,degree_aligned_random,0.3,0,MCGC-cw3.0-lp0.1-ln0.5,mcgc,GCN,0.728,0.7285409958295439,0.738,0.43196806664352655,0.3743701586824096,0.40111196164538093,0.19999652904323073,0.70137619972229,0.7326506972312927,115242,92194,14.048131942749023,0.1,0.5,0.3,,0.1,0.5,,0.7740161418914795,,,,0.311318576335907,0.31676724553108215,0.6108431794436067,3.0,"[0.3, 0.5, 0.7, 0.9]",200.0,mcgc,3.0,4.0,1.198430954474361e-08,0.9402040839195251,0.7848271727561951,0.4999999701976776,,,,,,,,,,,,
PubMed,degree_aligned_random,0.3,0,Selective-MCGC-hard-q0.5-lp0.1-ln0.5,selective_mcgc,GCN,0.742,0.7428473101512448,0.742,0.7055709822978132,0.6114913138301873,0.6551710245356754,0.19999652904323073,0.70137619972229,0.7696162462234497,115242,92194,17.0642306804657,0.1,0.5,0.3,,0.1,0.5,,0.7740161418914795,,,,0.4303662180900574,0.3663283586502075,0.8774965182341897,3.0,"[0.3, 0.5, 0.7, 0.9]",200.0,selective_mcgc,3.0,4.0,2.7107699196449175e-08,0.9286501407623291,0.7317800521850586,0.4999999701976776,hard,0.5,real,hard,0.18810224533081055,0.5,20.0,0.2259838581085205,0.5000086426734924,0.5000086426734924,-0.06963375210762024,0.08188952505588531
PubMed,degree_aligned_random,0.3,0,Random-Matched,random_matched,GCN,0.712,0.7069985907164352,0.744,0.2269177368969108,0.19666090095510266,0.2107086741066033,0.19999652904323073,0.70137619972229,0.7010868191719055,115242,92194,5.7892937660217285,,,,,,,,,,,,,,,,,,,,,,,,,,,,,,,,,,,,
PubMed,degree_aligned_random,0.3,1,Feature-only,feature_only,GCN,0.772,0.7707275702094355,0.764,0.7069593891010066,0.6126945927652854,0.6564602554288708,0.19999652904323073,0.7025042772293091,0.7713733911514282,115242,92194,7.286025524139404,,,,,,,,,,,,,,,,,,,,,,,,,,,,,,,,,,,,
PubMed,degree_aligned_random,0.3,1,GraGE-Hybrid-FO-posneg-lp0.1-ln0.5,hybrid_baseline,GCN,0.76,0.7607996042413238,0.74,0.42676154113155157,0.3698578626757915,0.39627734579589863,0.19999652904323073,0.7025042772293091,0.7397444844245911,115242,92194,8.542948484420776,0.1,0.5,0.3,feature_pos_neg,0.1,0.5,False,0.7739009857177734,2.196800181764047e-07,8.251478220699937e-07,6.054677328393154e-07,0.30000001192092896,0.2676214277744293,0.7461115228420784,,,,,,,,,,,,,,,,,,,,,,
PubMed,degree_aligned_random,0.3,1,MCGC-cw3.0-lp0.1-ln0.5,mcgc,GCN,0.743,0.7428841181048828,0.746,0.43153418951752864,0.3739941340151914,0.40070907699125746,0.19999652904323073,0.7025042772293091,0.7328676581382751,115242,92194,13.593374252319336,0.1,0.5,0.3,,0.1,0.5,,0.7739009857177734,,,,0.3083481192588806,0.32222312688827515,0.6164608466359793,3.0,"[0.3, 0.5, 0.7, 0.9]",200.0,mcgc,3.0,4.0,1.3162230061425362e-07,0.940021812915802,0.6514379382133484,0.4999999701976776,,,,,,,,,,,,
PubMed,degree_aligned_random,0.3,1,Selective-MCGC-hard-q0.5-lp0.1-ln0.5,selective_mcgc,GCN,0.771,0.7696975451905329,0.764,0.7069593891010066,0.6126945927652854,0.6564602554288708,0.19999652904323073,0.7025042772293091,0.7713733911514282,115242,92194,16.968855619430542,0.1,0.5,0.3,,0.1,0.5,,0.7739009857177734,,,,0.42663440108299255,0.3710441291332245,0.8742072517047635,3.0,"[0.3, 0.5, 0.7, 0.9]",200.0,selective_mcgc,3.0,4.0,7.279479685706747e-09,0.934832751750946,0.7476207613945007,0.4999999701976776,hard,0.5,real,hard,0.18851026892662048,0.5,20.0,0.22609896957874298,0.5000086426734924,0.5000086426734924,-0.07336559146642685,0.08430461585521698
PubMed,degree_aligned_random,0.3,1,Random-Matched,random_matched,GCN,0.731,0.7261121076389596,0.756,0.23186393613328704,0.20094758216138978,0.21530155916361146,0.19999652904323073,0.7025042772293091,0.7013688683509827,115242,92194,5.409096002578735,,,,,,,,,,,,,,,,,,,,,,,,,,,,,,,,,,,,
PubMed,degree_aligned_random,0.3,2,Feature-only,feature_only,GCN,0.764,0.7608498990765599,0.752,0.7086948976049983,0.6141986914341581,0.6580717940453649,0.19999652904323073,0.7034414410591125,0.7728485465049744,115242,92194,5.612639665603638,,,,,,,,,,,,,,,,,,,,,,,,,,,,,,,,,,,,
PubMed,degree_aligned_random,0.3,2,GraGE-Hybrid-FO-posneg-lp0.1-ln0.5,hybrid_baseline,GCN,0.765,0.7627415930621483,0.742,0.4132245748004165,0.35812589305858467,0.3837073445872447,0.19999652904323073,0.7034414410591125,0.7402650713920593,115242,92194,9.035643339157104,0.1,0.5,0.3,feature_pos_neg,0.1,0.5,False,0.7741620540618896,2.4300057077653037e-08,8.386478356214866e-08,5.95647300372093e-08,0.30000001192092896,0.26056772470474243,0.737399848946741,,,,,,,,,,,,,,,,,,,,,,
PubMed,degree_aligned_random,0.3,2,MCGC-cw3.0-lp0.1-ln0.5,mcgc,GCN,0.712,0.7061890317263263,0.696,0.22761194029850745,0.19726254042265173,0.2113532895532009,0.19999652904323073,0.7034414410591125,0.7127795815467834,115242,92194,13.910642385482788,0.1,0.5,0.3,,0.1,0.5,,0.7741620540618896,,,,0.2562054991722107,0.3179260492324829,0.4424076338891632,3.0,"[0.3, 0.5, 0.7, 0.9]",200.0,mcgc,3.0,4.0,2.042161462156855e-08,0.9857950806617737,0.9318256378173828,0.4999999701976776,,,,,,,,,,,,
PubMed,degree_aligned_random,0.3,2,Selective-MCGC-hard-q0.5-lp0.1-ln0.5,selective_mcgc,GCN,0.763,0.7597208015120759,0.752,0.7086948976049983,0.6141986914341581,0.6580717940453649,0.19999652904323073,0.7034414410591125,0.7728485465049744,115242,92194,17.236467838287354,0.1,0.5,0.3,,0.1,0.5,,0.7741620540618896,,,,0.4189506471157074,0.37919193506240845,0.8692061261758254,3.0,"[0.3, 0.5, 0.7, 0.9]",200.0,selective_mcgc,3.0,4.0,1.927843662485884e-08,0.9850791692733765,0.9309740662574768,0.4999999403953552,hard,0.5,real,hard,0.18770632147789001,0.5,20.0,0.22583790123462677,0.5000086426734924,0.5000086426734924,-0.08104933053255081,0.09045389294624329
PubMed,degree_aligned_random,0.3,2,Random-Matched,random_matched,GCN,0.734,0.731113828942171,0.712,0.23273169038528288,0.20169963149582612,0.2161073284718585,0.19999652904323073,0.7034414410591125,0.7042106986045837,115242,92194,5.595967054367065,,,,,,,,,,,,,,,,,,,,,,,,,,,,,,,,,,,,
PubMed,degree_aligned_random,0.3,3,Feature-only,feature_only,GCN,0.756,0.7491621793144777,0.768,0.703141270392225,0.6093855756937655,0.6529148704725838,0.19999652904323073,0.7037190794944763,0.7708311080932617,115242,92194,5.714146852493286,,,,,,,,,,,,,,,,,,,,,,,,,,,,,,,,,,,,
PubMed,degree_aligned_random,0.3,3,GraGE-Hybrid-FO-posneg-lp0.1-ln0.5,hybrid_baseline,GCN,0.726,0.721440322243792,0.742,0.43613328705310656,0.377979995487704,0.40497965432496674,0.19999652904323073,0.7037190794944763,0.7411762475967407,115242,92194,9.121694087982178,0.1,0.5,0.3,feature_pos_neg,0.1,0.5,False,0.774036705493927,3.7445860812113096e-07,2.679653334780596e-06,2.3051948119245935e-06,0.30000001192092896,0.2706233561038971,0.7522092543576426,,,,,,,,,,,,,,,,,,,,,,
PubMed,degree_aligned_random,0.3,3,MCGC-cw3.0-lp0.1-ln0.5,mcgc,GCN,0.747,0.7450422553716481,0.748,0.42658799028115235,0.36970745280890427,0.3961161919342492,0.19999652904323073,0.7037190794944763,0.7349502444267273,115242,92194,24.336401224136353,0.1,0.5,0.3,,0.1,0.5,,0.774036705493927,,,,0.3101990520954132,0.31539997458457947,0.6147207323400903,3.0,"[0.3, 0.5, 0.7, 0.9]",200.0,mcgc,3.0,4.0,1.2100623614230699e-08,0.9514108896255493,0.7910313010215759,0.4999999701976776,,,,,,,,,,,,
PubMed,degree_aligned_random,0.3,3,Selective-MCGC-hard-q0.5-lp0.1-ln0.5,selective_mcgc,GCN,0.756,0.7491621793144777,0.768,0.703141270392225,0.6093855756937655,0.6529148704725838,0.19999652904323073,0.7037190794944763,0.7708311080932617,115242,92194,17.16337752342224,0.1,0.5,0.3,,0.1,0.5,,0.774036705493927,,,,0.43313565850257874,0.36465030908584595,0.8768046146917211,3.0,"[0.3, 0.5, 0.7, 0.9]",200.0,selective_mcgc,3.0,4.0,1.2300350071825505e-08,0.9442564249038696,0.7565615177154541,0.4999999403953552,hard,0.5,real,hard,0.18825747072696686,0.5,20.0,0.2259633094072342,0.5000086426734924,0.5000086426734924,-0.06686432659626007,0.08068309724330902
PubMed,degree_aligned_random,0.3,3,Random-Matched,random_matched,GCN,0.74,0.7341582491582491,0.754,0.23151683443248872,0.20064676242761526,0.21497925144031263,0.19999652904323073,0.7037190794944763,0.7045143842697144,115242,92194,5.464876413345337,,,,,,,,,,,,,,,,,,,,,,,,,,,,,,,,,,,,
PubMed,degree_aligned_random,0.3,4,Feature-only,feature_only,GCN,0.73,0.7286596036662255,0.746,0.7045296771954183,0.6105888546288637,0.654204101365779,0.19999652904323073,0.7027472257614136,0.770592451095581,115242,92194,5.410480499267578,,,,,,,,,,,,,,,,,,,,,,,,,,,,,,,,,,,,
PubMed,degree_aligned_random,0.3,4,GraGE-Hybrid-FO-posneg-lp0.1-ln0.5,hybrid_baseline,GCN,0.739,0.7383031357002846,0.73,0.41938562998958695,0.36346544333308267,0.3894283066757987,0.19999652904323073,0.7027472257614136,0.739896297454834,115242,92194,8.954432487487793,0.1,0.5,0.3,feature_pos_neg,0.1,0.5,False,0.7739861607551575,1.6559700100060581e-07,5.242835641183774e-07,3.586865773286263e-07,0.29999998211860657,0.26412519812583923,0.7410115402550643,,,,,,,,,,,,,,,,,,,,,,
PubMed,degree_aligned_random,0.3,4,MCGC-cw3.0-lp0.1-ln0.5,mcgc,GCN,0.721,0.7228587059010999,0.72,0.345626518569941,0.29954124990599384,0.32093791547479955,0.19999652904323073,0.7027472257614136,0.7226066589355469,115242,92194,13.850596189498901,0.1,0.5,0.3,,0.1,0.5,,0.7739861607551575,,,,0.2892071008682251,0.32298022508621216,0.534293286766225,3.0,"[0.3, 0.5, 0.7, 0.9]",200.0,mcgc,3.0,4.0,1.2159665274680265e-08,0.962969183921814,0.8772270679473877,0.4999999701976776,,,,,,,,,,,,
PubMed,degree_aligned_random,0.3,4,Selective-MCGC-hard-q0.5-lp0.1-ln0.5,selective_mcgc,GCN,0.724,0.7231553144461169,0.748,0.7045296771954183,0.6105888546288637,0.654204101365779,0.19999652904323073,0.7027472257614136,0.770592451095581,115242,92194,17.131014823913574,0.1,0.5,0.3,,0.1,0.5,,0.7739861607551575,,,,0.42262640595436096,0.376017302274704,0.8695512045660585,3.0,"[0.3, 0.5, 0.7, 0.9]",200.0,selective_mcgc,3.0,4.0,8.265772954985096e-09,0.962296724319458,0.8795179128646851,0.4999999701976776,hard,0.5,real,hard,0.18804840743541718,0.5,20.0,0.22601377964019775,0.5000086426734924,0.5000086426734924,-0.07737360149621964,0.0867622122168541
PubMed,degree_aligned_random,0.3,4,Random-Matched,random_matched,GCN,0.726,0.723623149790312,0.746,0.2336862200624783,0.2025268857637061,0.21699367471093026,0.19999652904323073,0.7027472257614136,0.7030826210975647,115242,92194,5.598749399185181,,,,,,,,,,,,,,,,,,,,,,,,,,,,,,,,,,,,
