test_acc,test_f1,val_acc,runtime,num_edges_after,actual_prune_ratio,dataset,noise_type,noise_ratio,seed,method,downstream_model
0.608,0.5776417900917964,0.596,0.9365382194519043,10978,0.19997084973036006,Cora,feature_similar_cross_class,0.3,0,Feature-only,GCN
0.652,0.6298616520852157,0.64,0.5486695766448975,10978,0.19997084973036006,Cora,feature_similar_cross_class,0.3,0,Random-Matched,GCN
0.615,0.5811875245449762,0.622,0.3266003131866455,10978,0.19997084973036006,Cora,feature_similar_cross_class,0.3,0,GCN-Jaccard,GCN
0.653,0.6494751923187415,0.65,0.4510335922241211,10538,0.23203614633435354,Cora,feature_similar_cross_class,0.3,0,DegreeAwareRandom,GCN
0.643,0.637788891751855,0.666,3.0137929916381836,10978,0.19997084973036006,Cora,feature_similar_cross_class,0.3,0,StabilityResidual-frozen,GCN
0.648,0.6331013409424735,0.652,0.6622555255889893,10322,0.24777729193995046,Cora,feature_similar_cross_class,0.3,0,IDGL-Proxy,GCN
0.65,0.6377084464091222,0.67,1.1202878952026367,10978,0.19997084973036006,Cora,feature_similar_cross_class,0.3,0,ProGNN-Proxy,GCN
0.658,0.6434206722416951,0.678,3.509042739868164,10978,0.19997084973036006,Cora,feature_similar_cross_class,0.3,0,LDS-Proxy,GCN
0.607,0.5847599099737081,0.602,0.5648820400238037,10978,0.19997084973036006,Cora,feature_similar_cross_class,0.3,1,Feature-only,GCN
0.665,0.656838535523365,0.684,0.7055559158325195,10978,0.19997084973036006,Cora,feature_similar_cross_class,0.3,1,Random-Matched,GCN
0.586,0.5833332183109988,0.594,0.4897444248199463,10978,0.19997084973036006,Cora,feature_similar_cross_class,0.3,1,GCN-Jaccard,GCN
0.662,0.6424234899422258,0.638,0.2528655529022217,10502,0.23465967060195303,Cora,feature_similar_cross_class,0.3,1,DegreeAwareRandom,GCN
0.622,0.6245119200363651,0.608,2.894460678100586,10978,0.19997084973036006,Cora,feature_similar_cross_class,0.3,1,StabilityResidual-frozen,GCN
0.646,0.6395434882919807,0.62,1.039095401763916,10544,0.23159889228975372,Cora,feature_similar_cross_class,0.3,1,IDGL-Proxy,GCN
0.64,0.6287095137780988,0.648,0.9769654273986816,10978,0.19997084973036006,Cora,feature_similar_cross_class,0.3,1,ProGNN-Proxy,GCN
0.682,0.6815067686752897,0.678,3.453869342803955,10978,0.19997084973036006,Cora,feature_similar_cross_class,0.3,1,LDS-Proxy,GCN
0.588,0.5779059882705594,0.566,0.5800323486328125,10978,0.19997084973036006,Cora,feature_similar_cross_class,0.3,2,Feature-only,GCN
0.633,0.6233010980237857,0.628,0.5516679286956787,10978,0.19997084973036006,Cora,feature_similar_cross_class,0.3,2,Random-Matched,GCN
0.575,0.5670509204553482,0.566,0.3450648784637451,10978,0.19997084973036006,Cora,feature_similar_cross_class,0.3,2,GCN-Jaccard,GCN
0.629,0.6144404896454383,0.644,0.26206183433532715,10522,0.2332021571199534,Cora,feature_similar_cross_class,0.3,2,DegreeAwareRandom,GCN
0.642,0.6428220457658806,0.6,3.317830801010132,10978,0.19997084973036006,Cora,feature_similar_cross_class,0.3,2,StabilityResidual-frozen,GCN
0.647,0.6257145522751599,0.658,0.552767276763916,10012,0.2703687509109459,Cora,feature_similar_cross_class,0.3,2,IDGL-Proxy,GCN
0.648,0.6469117988855987,0.64,1.1793138980865479,10978,0.19997084973036006,Cora,feature_similar_cross_class,0.3,2,ProGNN-Proxy,GCN
0.68,0.6777482367577093,0.652,3.1984918117523193,10978,0.19997084973036006,Cora,feature_similar_cross_class,0.3,2,LDS-Proxy,GCN
0.593,0.5789729891686088,0.566,0.5748958587646484,10978,0.19997084973036006,Cora,feature_similar_cross_class,0.3,3,Feature-only,GCN
0.67,0.649035428823446,0.64,0.558081865310669,10978,0.19997084973036006,Cora,feature_similar_cross_class,0.3,3,Random-Matched,GCN
0.615,0.6085642043150777,0.598,0.5433008670806885,10978,0.19997084973036006,Cora,feature_similar_cross_class,0.3,3,GCN-Jaccard,GCN
0.64,0.6246360423962865,0.636,0.27651309967041016,10534,0.23232764903075354,Cora,feature_similar_cross_class,0.3,3,DegreeAwareRandom,GCN
0.628,0.6150019807723076,0.622,2.709657669067383,10978,0.19997084973036006,Cora,feature_similar_cross_class,0.3,3,StabilityResidual-frozen,GCN
0.658,0.6465351876404595,0.628,0.7577972412109375,10306,0.2489433027255502,Cora,feature_similar_cross_class,0.3,3,IDGL-Proxy,GCN
0.644,0.6247226177959728,0.642,0.9558520317077637,10978,0.19997084973036006,Cora,feature_similar_cross_class,0.3,3,ProGNN-Proxy,GCN
0.681,0.676367114016433,0.656,3.4864280223846436,10978,0.19997084973036006,Cora,feature_similar_cross_class,0.3,3,LDS-Proxy,GCN
0.627,0.6165637145792703,0.576,0.6385250091552734,10978,0.19997084973036006,Cora,feature_similar_cross_class,0.3,4,Feature-only,GCN
0.644,0.6312922188178115,0.644,0.5621092319488525,10978,0.19997084973036006,Cora,feature_similar_cross_class,0.3,4,Random-Matched,GCN
0.621,0.6121760573132436,0.576,0.357280969619751,10978,0.19997084973036006,Cora,feature_similar_cross_class,0.3,4,GCN-Jaccard,GCN
0.637,0.6246138241097856,0.616,0.25878214836120605,10510,0.23407666520915316,Cora,feature_similar_cross_class,0.3,4,DegreeAwareRandom,GCN
0.666,0.6539683241050971,0.654,2.648764133453369,10978,0.19997084973036006,Cora,feature_similar_cross_class,0.3,4,StabilityResidual-frozen,GCN
0.625,0.6288802998237742,0.616,0.6020565032958984,10100,0.2639556915901472,Cora,feature_similar_cross_class,0.3,4,IDGL-Proxy,GCN
0.645,0.6328274894606906,0.608,0.921856164932251,10978,0.19997084973036006,Cora,feature_similar_cross_class,0.3,4,ProGNN-Proxy,GCN
0.669,0.6628043313663247,0.656,3.4612255096435547,10978,0.19997084973036006,Cora,feature_similar_cross_class,0.3,4,LDS-Proxy,GCN
0.6,0.5992642688640855,0.566,0.7601680755615234,10978,0.19997084973036006,Cora,feature_similar_cross_class,0.3,5,Feature-only,GCN
0.674,0.6721237610264836,0.604,0.7561087608337402,10978,0.19997084973036006,Cora,feature_similar_cross_class,0.3,5,Random-Matched,GCN
0.615,0.6154066389774533,0.568,0.7268247604370117,10978,0.19997084973036006,Cora,feature_similar_cross_class,0.3,5,GCN-Jaccard,GCN
0.634,0.6322052924206709,0.61,0.44408321380615234,10502,0.23465967060195303,Cora,feature_similar_cross_class,0.3,5,DegreeAwareRandom,GCN
0.665,0.6626906170707032,0.614,3.0210464000701904,10978,0.19997084973036006,Cora,feature_similar_cross_class,0.3,5,StabilityResidual-frozen,GCN
0.626,0.6185705949426792,0.628,0.8778097629547119,10348,0.2458825244133508,Cora,feature_similar_cross_class,0.3,5,IDGL-Proxy,GCN
0.638,0.6298485658821557,0.596,0.9520292282104492,10978,0.19997084973036006,Cora,feature_similar_cross_class,0.3,5,ProGNN-Proxy,GCN
0.658,0.6573965469379887,0.658,3.4553866386413574,10978,0.19997084973036006,Cora,feature_similar_cross_class,0.3,5,LDS-Proxy,GCN
0.569,0.5620907940972384,0.608,0.6790246963500977,10978,0.19997084973036006,Cora,feature_similar_cross_class,0.3,6,Feature-only,GCN
0.639,0.6269020797361556,0.656,0.5552277565002441,10978,0.19997084973036006,Cora,feature_similar_cross_class,0.3,6,Random-Matched,GCN
0.579,0.5749225161304388,0.606,0.45610785484313965,10978,0.19997084973036006,Cora,feature_similar_cross_class,0.3,6,GCN-Jaccard,GCN
0.639,0.6204510160251174,0.64,0.3527851104736328,10476,0.2365544381285527,Cora,feature_similar_cross_class,0.3,6,DegreeAwareRandom,GCN
0.642,0.6234798696923864,0.658,2.7588202953338623,10978,0.19997084973036006,Cora,feature_similar_cross_class,0.3,6,StabilityResidual-frozen,GCN
0.643,0.6349864745258632,0.64,0.9690132141113281,10516,0.23363941116455322,Cora,feature_similar_cross_class,0.3,6,IDGL-Proxy,GCN
0.635,0.6084898289509154,0.634,0.9335122108459473,10978,0.19997084973036006,Cora,feature_similar_cross_class,0.3,6,ProGNN-Proxy,GCN
0.677,0.6672886662856691,0.682,3.130943536758423,10978,0.19997084973036006,Cora,feature_similar_cross_class,0.3,6,LDS-Proxy,GCN
0.6,0.5853939970037964,0.582,0.5853164196014404,10978,0.19997084973036006,Cora,feature_similar_cross_class,0.3,7,Feature-only,GCN
0.635,0.6215577128003871,0.614,0.5617454051971436,10978,0.19997084973036006,Cora,feature_similar_cross_class,0.3,7,Random-Matched,GCN
0.603,0.585995983524871,0.592,0.34504151344299316,10978,0.19997084973036006,Cora,feature_similar_cross_class,0.3,7,GCN-Jaccard,GCN
0.641,0.6251796351756498,0.644,0.2584872245788574,10524,0.23305640577175335,Cora,feature_similar_cross_class,0.3,7,DegreeAwareRandom,GCN
0.662,0.6485422066430784,0.636,2.895503282546997,10978,0.19997084973036006,Cora,feature_similar_cross_class,0.3,7,StabilityResidual-frozen,GCN
0.636,0.6240839139094018,0.612,0.9283318519592285,10628,0.22547733566535488,Cora,feature_similar_cross_class,0.3,7,IDGL-Proxy,GCN
0.658,0.6382702109978088,0.636,0.950444221496582,10978,0.19997084973036006,Cora,feature_similar_cross_class,0.3,7,ProGNN-Proxy,GCN
0.685,0.6809032936123948,0.644,3.3497066497802734,10978,0.19997084973036006,Cora,feature_similar_cross_class,0.3,7,LDS-Proxy,GCN
0.615,0.6059409040510252,0.614,0.5669245719909668,10978,0.19997084973036006,Cora,feature_similar_cross_class,0.3,8,Feature-only,GCN
0.632,0.6196017578178179,0.632,0.5471456050872803,10978,0.19997084973036006,Cora,feature_similar_cross_class,0.3,8,Random-Matched,GCN
0.617,0.6051662182179608,0.626,0.3392775058746338,10978,0.19997084973036006,Cora,feature_similar_cross_class,0.3,8,GCN-Jaccard,GCN
0.659,0.643587099412449,0.652,0.26015281677246094,10522,0.2332021571199534,Cora,feature_similar_cross_class,0.3,8,DegreeAwareRandom,GCN
0.672,0.6580231585820598,0.664,2.6780741214752197,10978,0.19997084973036006,Cora,feature_similar_cross_class,0.3,8,StabilityResidual-frozen,GCN
0.643,0.6233919671208011,0.65,0.953465461730957,10080,0.26541320507214694,Cora,feature_similar_cross_class,0.3,8,IDGL-Proxy,GCN
0.652,0.6442815519588301,0.654,0.9085407257080078,10978,0.19997084973036006,Cora,feature_similar_cross_class,0.3,8,ProGNN-Proxy,GCN
0.688,0.6800971413364438,0.69,3.36480450630188,10978,0.19997084973036006,Cora,feature_similar_cross_class,0.3,8,LDS-Proxy,GCN
0.632,0.6241265461871156,0.602,0.7702078819274902,10978,0.19997084973036006,Cora,feature_similar_cross_class,0.3,9,Feature-only,GCN
0.65,0.6438802923131245,0.614,0.5627262592315674,10978,0.19997084973036006,Cora,feature_similar_cross_class,0.3,9,Random-Matched,GCN
0.628,0.6199311890749354,0.61,0.5710995197296143,10978,0.19997084973036006,Cora,feature_similar_cross_class,0.3,9,GCN-Jaccard,GCN
0.651,0.6476138574731076,0.64,0.6503486633300781,10500,0.23480542195015308,Cora,feature_similar_cross_class,0.3,9,DegreeAwareRandom,GCN
0.655,0.6466327800640747,0.626,2.9021379947662354,10978,0.19997084973036006,Cora,feature_similar_cross_class,0.3,9,StabilityResidual-frozen,GCN
0.672,0.6589223586339896,0.616,0.8668768405914307,10398,0.2422387407083516,Cora,feature_similar_cross_class,0.3,9,IDGL-Proxy,GCN
0.656,0.6525791813129833,0.61,1.2148692607879639,10978,0.19997084973036006,Cora,feature_similar_cross_class,0.3,9,ProGNN-Proxy,GCN
0.69,0.6838018881992552,0.67,3.5234835147857666,10978,0.19997084973036006,Cora,feature_similar_cross_class,0.3,9,LDS-Proxy,GCN
0.553,0.533075373167848,0.548,0.629467248916626,9468,0.19993239817475073,CiteSeer,feature_similar_cross_class,0.3,0,Feature-only,GCN
0.556,0.5375341636822164,0.548,0.7774813175201416,9468,0.19993239817475073,CiteSeer,feature_similar_cross_class,0.3,0,Random-Matched,GCN
0.561,0.5445109437069454,0.558,0.4998137950897217,9468,0.19993239817475073,CiteSeer,feature_similar_cross_class,0.3,0,GCN-Jaccard,GCN
0.565,0.5433958239513573,0.542,0.5000815391540527,9860,0.16680750380260267,CiteSeer,feature_similar_cross_class,0.3,0,DegreeAwareRandom,GCN
0.558,0.538986976848966,0.556,2.7545464038848877,9468,0.19993239817475073,CiteSeer,feature_similar_cross_class,0.3,0,StabilityResidual-frozen,GCN
0.573,0.5506101416996604,0.564,0.8992910385131836,12483,-0.0548419807334799,CiteSeer,feature_similar_cross_class,0.3,0,IDGL-Proxy,GCN
0.554,0.5341395044650535,0.56,1.8393027782440186,9468,0.19993239817475073,CiteSeer,feature_similar_cross_class,0.3,0,ProGNN-Proxy,GCN
0.568,0.5435610982844445,0.548,3.6753759384155273,9468,0.19993239817475073,CiteSeer,feature_similar_cross_class,0.3,0,LDS-Proxy,GCN
0.561,0.5416276166305156,0.554,0.7492363452911377,9468,0.19993239817475073,CiteSeer,feature_similar_cross_class,0.3,1,Feature-only,GCN
0.544,0.5229675446266416,0.55,0.6440510749816895,9468,0.19993239817475073,CiteSeer,feature_similar_cross_class,0.3,1,Random-Matched,GCN
0.554,0.5352065261399873,0.552,0.5425498485565186,9468,0.19993239817475073,CiteSeer,feature_similar_cross_class,0.3,1,GCN-Jaccard,GCN
0.566,0.5440168997199591,0.544,0.5199058055877686,9884,0.1647794490451242,CiteSeer,feature_similar_cross_class,0.3,1,DegreeAwareRandom,GCN
0.57,0.5546478287094471,0.544,3.052110433578491,9468,0.19993239817475073,CiteSeer,feature_similar_cross_class,0.3,1,StabilityResidual-frozen,GCN
0.577,0.5523127296360294,0.562,1.0228855609893799,12419,-0.04943383471353724,CiteSeer,feature_similar_cross_class,0.3,1,IDGL-Proxy,GCN
0.551,0.533025289545089,0.536,1.8278565406799316,9468,0.19993239817475073,CiteSeer,feature_similar_cross_class,0.3,1,ProGNN-Proxy,GCN
0.564,0.5432351352736815,0.558,3.5822324752807617,9468,0.19993239817475073,CiteSeer,feature_similar_cross_class,0.3,1,LDS-Proxy,GCN
0.554,0.5340266471131884,0.592,0.888869047164917,9468,0.19993239817475073,CiteSeer,feature_similar_cross_class,0.3,2,Feature-only,GCN
0.544,0.5229045705404278,0.562,0.9308278560638428,9468,0.19993239817475073,CiteSeer,feature_similar_cross_class,0.3,2,Random-Matched,GCN
0.55,0.5281894313248932,0.594,0.6785340309143066,9468,0.19993239817475073,CiteSeer,feature_similar_cross_class,0.3,2,GCN-Jaccard,GCN
0.546,0.5255509613425855,0.588,0.530010461807251,9882,0.1649484536082474,CiteSeer,feature_similar_cross_class,0.3,2,DegreeAwareRandom,GCN
0.534,0.5164668515256915,0.598,3.021803855895996,9468,0.19993239817475073,CiteSeer,feature_similar_cross_class,0.3,2,StabilityResidual-frozen,GCN
0.57,0.5483481170799044,0.592,1.3628511428833008,12731,-0.07579854656075713,CiteSeer,feature_similar_cross_class,0.3,2,IDGL-Proxy,GCN
0.537,0.5213813624013509,0.548,1.705854892730713,9468,0.19993239817475073,CiteSeer,feature_similar_cross_class,0.3,2,ProGNN-Proxy,GCN
0.567,0.5463516555954774,0.598,3.7222108840942383,9468,0.19993239817475073,CiteSeer,feature_similar_cross_class,0.3,2,LDS-Proxy,GCN
0.583,0.5674942591819169,0.57,0.8056974411010742,9468,0.19993239817475073,CiteSeer,feature_similar_cross_class,0.3,3,Feature-only,GCN
0.54,0.5228585484148777,0.574,0.7070596218109131,9468,0.19993239817475073,CiteSeer,feature_similar_cross_class,0.3,3,Random-Matched,GCN
0.582,0.5651871708028852,0.572,0.5718388557434082,9468,0.19993239817475073,CiteSeer,feature_similar_cross_class,0.3,3,GCN-Jaccard,GCN
0.557,0.5385052886166825,0.558,0.3574695587158203,9850,0.16765252661821872,CiteSeer,feature_similar_cross_class,0.3,3,DegreeAwareRandom,GCN
0.571,0.5595000131622475,0.568,2.9246487617492676,9468,0.19993239817475073,CiteSeer,feature_similar_cross_class,0.3,3,StabilityResidual-frozen,GCN
0.562,0.5433509237578594,0.572,0.6624660491943359,12421,-0.04960283927666054,CiteSeer,feature_similar_cross_class,0.3,3,IDGL-Proxy,GCN
0.558,0.5277171514439095,0.582,1.6221015453338623,9468,0.19993239817475073,CiteSeer,feature_similar_cross_class,0.3,3,ProGNN-Proxy,GCN
0.545,0.5210174579811656,0.568,3.4728386402130127,9468,0.19993239817475073,CiteSeer,feature_similar_cross_class,0.3,3,LDS-Proxy,GCN
0.536,0.5235756784921813,0.57,0.5267894268035889,9468,0.19993239817475073,CiteSeer,feature_similar_cross_class,0.3,4,Feature-only,GCN
0.549,0.5312662204535548,0.584,0.6577978134155273,9468,0.19993239817475073,CiteSeer,feature_similar_cross_class,0.3,4,Random-Matched,GCN
0.525,0.5127077819804788,0.564,0.3789083957672119,9468,0.19993239817475073,CiteSeer,feature_similar_cross_class,0.3,4,GCN-Jaccard,GCN
0.555,0.5274781740086988,0.584,0.5649256706237793,9856,0.16714551292884905,CiteSeer,feature_similar_cross_class,0.3,4,DegreeAwareRandom,GCN
0.551,0.5370841148294486,0.588,3.0634310245513916,9468,0.19993239817475073,CiteSeer,feature_similar_cross_class,0.3,4,StabilityResidual-frozen,GCN
0.558,0.5359833781637747,0.608,0.812575101852417,12615,-0.06599628189961138,CiteSeer,feature_similar_cross_class,0.3,4,IDGL-Proxy,GCN
0.534,0.515483193930204,0.574,1.8045709133148193,9468,0.19993239817475073,CiteSeer,feature_similar_cross_class,0.3,4,ProGNN-Proxy,GCN
0.555,0.5301900087437282,0.578,3.4145631790161133,9468,0.19993239817475073,CiteSeer,feature_similar_cross_class,0.3,4,LDS-Proxy,GCN
0.568,0.552097655705503,0.584,0.7081563472747803,9468,0.19993239817475073,CiteSeer,feature_similar_cross_class,0.3,5,Feature-only,GCN
0.544,0.5251989699809936,0.582,0.6385340690612793,9468,0.19993239817475073,CiteSeer,feature_similar_cross_class,0.3,5,Random-Matched,GCN
0.541,0.5279573667166464,0.584,0.4407234191894531,9468,0.19993239817475073,CiteSeer,feature_similar_cross_class,0.3,5,GCN-Jaccard,GCN
0.513,0.4946393049920486,0.574,0.24905729293823242,9848,0.1678215311813419,CiteSeer,feature_similar_cross_class,0.3,5,DegreeAwareRandom,GCN
0.543,0.5197216884741628,0.604,2.563497304916382,9468,0.19993239817475073,CiteSeer,feature_similar_cross_class,0.3,5,StabilityResidual-frozen,GCN
0.581,0.5603312223440761,0.594,0.7666409015655518,12427,-0.05010985296602999,CiteSeer,feature_similar_cross_class,0.3,5,IDGL-Proxy,GCN
0.517,0.48376757329368214,0.576,1.4996356964111328,9468,0.19993239817475073,CiteSeer,feature_similar_cross_class,0.3,5,ProGNN-Proxy,GCN
0.554,0.5317995989753569,0.6,3.4963557720184326,9468,0.19993239817475073,CiteSeer,feature_similar_cross_class,0.3,5,LDS-Proxy,GCN
0.573,0.539109147520078,0.562,0.5154869556427002,9468,0.19993239817475073,CiteSeer,feature_similar_cross_class,0.3,6,Feature-only,GCN
0.568,0.5482738072048546,0.568,0.8101046085357666,9468,0.19993239817475073,CiteSeer,feature_similar_cross_class,0.3,6,Random-Matched,GCN
0.568,0.5331494572371417,0.552,0.35897111892700195,9468,0.19993239817475073,CiteSeer,feature_similar_cross_class,0.3,6,GCN-Jaccard,GCN
0.556,0.5146086612573497,0.568,0.24696969985961914,9812,0.17086361331755962,CiteSeer,feature_similar_cross_class,0.3,6,DegreeAwareRandom,GCN
0.571,0.5291705274463895,0.586,2.871561288833618,9468,0.19993239817475073,CiteSeer,feature_similar_cross_class,0.3,6,StabilityResidual-frozen,GCN
0.582,0.5570748332794918,0.602,0.6767659187316895,12335,-0.042335643062362704,CiteSeer,feature_similar_cross_class,0.3,6,IDGL-Proxy,GCN
0.552,0.5366994826221908,0.57,1.8709733486175537,9468,0.19993239817475073,CiteSeer,feature_similar_cross_class,0.3,6,ProGNN-Proxy,GCN
0.568,0.5354357861840295,0.57,3.0064117908477783,9468,0.19993239817475073,CiteSeer,feature_similar_cross_class,0.3,6,LDS-Proxy,GCN
0.559,0.5416943535850303,0.568,0.7422518730163574,9468,0.19993239817475073,CiteSeer,feature_similar_cross_class,0.3,7,Feature-only,GCN
0.54,0.5088424942740596,0.558,0.5217018127441406,9468,0.19993239817475073,CiteSeer,feature_similar_cross_class,0.3,7,Random-Matched,GCN
0.547,0.5291067311296361,0.56,0.6161494255065918,9468,0.19993239817475073,CiteSeer,feature_similar_cross_class,0.3,7,GCN-Jaccard,GCN
0.568,0.5382101789566284,0.586,0.7072186470031738,9844,0.16815954030758828,CiteSeer,feature_similar_cross_class,0.3,7,DegreeAwareRandom,GCN
0.594,0.5758254972915695,0.594,2.8620338439941406,9468,0.19993239817475073,CiteSeer,feature_similar_cross_class,0.3,7,StabilityResidual-frozen,GCN
0.607,0.5853129181255988,0.634,1.1010041236877441,12669,-0.07055940510393777,CiteSeer,feature_similar_cross_class,0.3,7,IDGL-Proxy,GCN
0.518,0.49959353960475084,0.544,1.6491279602050781,9468,0.19993239817475073,CiteSeer,feature_similar_cross_class,0.3,7,ProGNN-Proxy,GCN
0.567,0.5468226738452312,0.574,3.3987581729888916,9468,0.19993239817475073,CiteSeer,feature_similar_cross_class,0.3,7,LDS-Proxy,GCN
0.543,0.5274738108359974,0.55,0.7327702045440674,9468,0.19993239817475073,CiteSeer,feature_similar_cross_class,0.3,8,Feature-only,GCN
0.538,0.5176495263818937,0.538,0.4986703395843506,9468,0.19993239817475073,CiteSeer,feature_similar_cross_class,0.3,8,Random-Matched,GCN
0.536,0.5218702972200607,0.558,0.5488390922546387,9468,0.19993239817475073,CiteSeer,feature_similar_cross_class,0.3,8,GCN-Jaccard,GCN
0.558,0.539498400441195,0.57,0.6145310401916504,9876,0.16545546729761706,CiteSeer,feature_similar_cross_class,0.3,8,DegreeAwareRandom,GCN
0.556,0.5377424101856048,0.592,3.020916223526001,9468,0.19993239817475073,CiteSeer,feature_similar_cross_class,0.3,8,StabilityResidual-frozen,GCN
0.592,0.5646468220909965,0.568,1.1344151496887207,12579,-0.06295419976339356,CiteSeer,feature_similar_cross_class,0.3,8,IDGL-Proxy,GCN
0.546,0.527778501797824,0.576,1.7068743705749512,9468,0.19993239817475073,CiteSeer,feature_similar_cross_class,0.3,8,ProGNN-Proxy,GCN
0.565,0.5406311192209351,0.584,3.4138479232788086,9468,0.19993239817475073,CiteSeer,feature_similar_cross_class,0.3,8,LDS-Proxy,GCN
0.563,0.5398348614321103,0.572,0.82159423828125,9468,0.19993239817475073,CiteSeer,feature_similar_cross_class,0.3,9,Feature-only,GCN
0.544,0.5221276264527022,0.558,0.7559750080108643,9468,0.19993239817475073,CiteSeer,feature_similar_cross_class,0.3,9,Random-Matched,GCN
0.56,0.5373121323756237,0.568,0.6876344680786133,9468,0.19993239817475073,CiteSeer,feature_similar_cross_class,0.3,9,GCN-Jaccard,GCN
0.527,0.498084488058369,0.588,0.2697126865386963,9842,0.16832854487071147,CiteSeer,feature_similar_cross_class,0.3,9,DegreeAwareRandom,GCN
0.572,0.5442140566109678,0.592,3.4153549671173096,9468,0.19993239817475073,CiteSeer,feature_similar_cross_class,0.3,9,StabilityResidual-frozen,GCN
0.567,0.5386224144727186,0.58,0.7484416961669922,12455,-0.05247591684975483,CiteSeer,feature_similar_cross_class,0.3,9,IDGL-Proxy,GCN
0.542,0.5167896355289376,0.61,2.1078782081604004,9468,0.19993239817475073,CiteSeer,feature_similar_cross_class,0.3,9,ProGNN-Proxy,GCN
0.548,0.5224218129626294,0.592,4.032795429229736,9468,0.19993239817475073,CiteSeer,feature_similar_cross_class,0.3,9,LDS-Proxy,GCN
0.687,0.685321459025004,0.68,4.1093504428863525,92194,0.19999652904323073,PubMed,feature_similar_cross_class,0.3,0,Feature-only,GCN
0.618,0.6139152603393616,0.648,3.906418561935425,92194,0.19999652904323073,PubMed,feature_similar_cross_class,0.3,0,Random-Matched,GCN
0.668,0.6686505388835897,0.692,1.7343435287475586,92194,0.19999652904323073,PubMed,feature_similar_cross_class,0.3,0,GCN-Jaccard,GCN
0.597,0.5880826827401405,0.642,1.2361698150634766,85702,0.25633015740788945,PubMed,feature_similar_cross_class,0.3,0,DegreeAwareRandom,GCN
0.685,0.6841213096691175,0.702,16.573296785354614,92194,0.19999652904323073,PubMed,feature_similar_cross_class,0.3,0,StabilityResidual-frozen,GCN
0.628,0.6260622086391257,0.634,2.250218391418457,80041,0.3054528730844658,PubMed,feature_similar_cross_class,0.3,0,IDGL-Proxy,GCN
0.692,0.6911005957437558,0.67,349.28931307792664,92194,0.19999652904323073,PubMed,feature_similar_cross_class,0.3,0,ProGNN-Proxy,GCN
0.679,0.6760552314757234,0.69,7.5153162479400635,92194,0.19999652904323073,PubMed,feature_similar_cross_class,0.3,0,LDS-Proxy,GCN
0.66,0.6609803118857446,0.68,3.9004876613616943,92194,0.19999652904323073,PubMed,feature_similar_cross_class,0.3,1,Feature-only,GCN
0.64,0.6450919662714915,0.664,3.8202147483825684,92194,0.19999652904323073,PubMed,feature_similar_cross_class,0.3,1,Random-Matched,GCN
0.666,0.6625813241484884,0.704,2.433927536010742,92194,0.19999652904323073,PubMed,feature_similar_cross_class,0.3,1,GCN-Jaccard,GCN
0.624,0.623891079513454,0.646,1.1786153316497803,85764,0.25579215910865827,PubMed,feature_similar_cross_class,0.3,1,DegreeAwareRandom,GCN
0.673,0.6690256627037953,0.714,16.710582733154297,92194,0.19999652904323073,PubMed,feature_similar_cross_class,0.3,1,StabilityResidual-frozen,GCN
0.625,0.6290402015941461,0.64,2.2490720748901367,80915,0.2978688325436907,PubMed,feature_similar_cross_class,0.3,1,IDGL-Proxy,GCN
0.677,0.6806119361797798,0.704,354.86535811424255,92194,0.19999652904323073,PubMed,feature_similar_cross_class,0.3,1,ProGNN-Proxy,GCN
0.66,0.661426826742467,0.714,7.429618835449219,92194,0.19999652904323073,PubMed,feature_similar_cross_class,0.3,1,LDS-Proxy,GCN
0.658,0.660477235445098,0.658,4.233459711074829,92194,0.19999652904323073,PubMed,feature_similar_cross_class,0.3,2,Feature-only,GCN
0.623,0.6223046421830901,0.646,4.022712469100952,92194,0.19999652904323073,PubMed,feature_similar_cross_class,0.3,2,Random-Matched,GCN
0.653,0.6544449921172218,0.7,1.9019670486450195,92194,0.19999652904323073,PubMed,feature_similar_cross_class,0.3,2,GCN-Jaccard,GCN
0.624,0.620289564126791,0.636,1.5720486640930176,85660,0.25669460786865894,PubMed,feature_similar_cross_class,0.3,2,DegreeAwareRandom,GCN
0.673,0.6681629211097597,0.68,17.365083932876587,92194,0.19999652904323073,PubMed,feature_similar_cross_class,0.3,2,StabilityResidual-frozen,GCN
0.627,0.6293188913685808,0.628,2.3822526931762695,80961,0.2974696725152288,PubMed,feature_similar_cross_class,0.3,2,IDGL-Proxy,GCN
0.709,0.7105442880255199,0.706,354.6395800113678,92194,0.19999652904323073,PubMed,feature_similar_cross_class,0.3,2,ProGNN-Proxy,GCN
0.681,0.673037449673621,0.714,7.530510663986206,92194,0.19999652904323073,PubMed,feature_similar_cross_class,0.3,2,LDS-Proxy,GCN
0.655,0.6527869476754531,0.65,4.05932092666626,92194,0.19999652904323073,PubMed,feature_similar_cross_class,0.3,3,Feature-only,GCN
0.613,0.6132289093495022,0.636,4.084244728088379,92194,0.19999652904323073,PubMed,feature_similar_cross_class,0.3,3,Random-Matched,GCN
0.641,0.6425768705490414,0.664,1.7161710262298584,92194,0.19999652904323073,PubMed,feature_similar_cross_class,0.3,3,GCN-Jaccard,GCN
0.616,0.6157745496021193,0.632,1.4997584819793701,85676,0.2565557695978896,PubMed,feature_similar_cross_class,0.3,3,DegreeAwareRandom,GCN
0.671,0.6734773274645575,0.668,17.044289112091064,92194,0.19999652904323073,PubMed,feature_similar_cross_class,0.3,3,StabilityResidual-frozen,GCN
0.612,0.6124670209684581,0.626,2.6278324127197266,80381,0.30250255983061736,PubMed,feature_similar_cross_class,0.3,3,IDGL-Proxy,GCN
0.692,0.6885383394219918,0.686,359.21165132522583,92194,0.19999652904323073,PubMed,feature_similar_cross_class,0.3,3,ProGNN-Proxy,GCN
0.688,0.6864830109979921,0.69,7.441334009170532,92194,0.19999652904323073,PubMed,feature_similar_cross_class,0.3,3,LDS-Proxy,GCN
0.67,0.6681923473332879,0.688,4.30402684211731,92194,0.19999652904323073,PubMed,feature_similar_cross_class,0.3,4,Feature-only,GCN
0.643,0.6390471971569983,0.666,4.105532646179199,92194,0.19999652904323073,PubMed,feature_similar_cross_class,0.3,4,Random-Matched,GCN
0.691,0.6875312501354447,0.692,1.8506391048431396,92194,0.19999652904323073,PubMed,feature_similar_cross_class,0.3,4,GCN-Jaccard,GCN
0.651,0.6428615521968645,0.644,1.4754133224487305,85762,0.2558095138925045,PubMed,feature_similar_cross_class,0.3,4,DegreeAwareRandom,GCN
0.678,0.6759318376511638,0.676,17.155566215515137,92194,0.19999652904323073,PubMed,feature_similar_cross_class,0.3,4,StabilityResidual-frozen,GCN
0.627,0.6239867180958264,0.614,2.388023853302002,80147,0.3045330695406189,PubMed,feature_similar_cross_class,0.3,4,IDGL-Proxy,GCN
0.71,0.7059304099649343,0.704,351.77004313468933,92194,0.19999652904323073,PubMed,feature_similar_cross_class,0.3,4,ProGNN-Proxy,GCN
0.688,0.6885388444676289,0.7,7.640439987182617,92194,0.19999652904323073,PubMed,feature_similar_cross_class,0.3,4,LDS-Proxy,GCN
0.673,0.6728162774701322,0.678,4.183748960494995,92194,0.19999652904323073,PubMed,feature_similar_cross_class,0.3,5,Feature-only,GCN
0.646,0.6454858175056332,0.65,4.186843633651733,92194,0.19999652904323073,PubMed,feature_similar_cross_class,0.3,5,Random-Matched,GCN
0.642,0.6409276236994254,0.7,1.9893951416015625,92194,0.19999652904323073,PubMed,feature_similar_cross_class,0.3,5,GCN-Jaccard,GCN
0.622,0.6038970751824513,0.66,1.2811222076416016,85768,0.255757449540966,PubMed,feature_similar_cross_class,0.3,5,DegreeAwareRandom,GCN
0.691,0.693675928459164,0.698,16.90065574645996,92194,0.19999652904323073,PubMed,feature_similar_cross_class,0.3,5,StabilityResidual-frozen,GCN
0.624,0.629827308188914,0.638,2.047602415084839,80579,0.30078443622984674,PubMed,feature_similar_cross_class,0.3,5,IDGL-Proxy,GCN
0.702,0.7003502848904075,0.69,357.74043917655945,92194,0.19999652904323073,PubMed,feature_similar_cross_class,0.3,5,ProGNN-Proxy,GCN
0.674,0.6808693311267467,0.702,7.681019067764282,92194,0.19999652904323073,PubMed,feature_similar_cross_class,0.3,5,LDS-Proxy,GCN
0.66,0.6602249674140185,0.66,4.185481309890747,92194,0.19999652904323073,PubMed,feature_similar_cross_class,0.3,6,Feature-only,GCN
0.595,0.5934635968952163,0.634,3.985511064529419,92194,0.19999652904323073,PubMed,feature_similar_cross_class,0.3,6,Random-Matched,GCN
0.671,0.671731467584432,0.684,1.9705045223236084,92194,0.19999652904323073,PubMed,feature_similar_cross_class,0.3,6,GCN-Jaccard,GCN
0.625,0.6224350787797751,0.66,1.3387184143066406,85764,0.25579215910865827,PubMed,feature_similar_cross_class,0.3,6,DegreeAwareRandom,GCN
0.656,0.6572652988299116,0.664,16.88680386543274,92194,0.19999652904323073,PubMed,feature_similar_cross_class,0.3,6,StabilityResidual-frozen,GCN
0.611,0.6131118414467319,0.622,2.594299793243408,80533,0.3011835962583086,PubMed,feature_similar_cross_class,0.3,6,IDGL-Proxy,GCN
0.676,0.6755335260995051,0.684,356.0041012763977,92194,0.19999652904323073,PubMed,feature_similar_cross_class,0.3,6,ProGNN-Proxy,GCN
0.653,0.6579070418403845,0.68,7.310627698898315,92194,0.19999652904323073,PubMed,feature_similar_cross_class,0.3,6,LDS-Proxy,GCN
0.679,0.6824744850716371,0.666,3.9803407192230225,92194,0.19999652904323073,PubMed,feature_similar_cross_class,0.3,7,Feature-only,GCN
0.639,0.6398998896703315,0.636,3.973973035812378,92194,0.19999652904323073,PubMed,feature_similar_cross_class,0.3,7,Random-Matched,GCN
0.663,0.6650962522445985,0.69,1.9638400077819824,92194,0.19999652904323073,PubMed,feature_similar_cross_class,0.3,7,GCN-Jaccard,GCN
0.638,0.6290638130318231,0.612,1.191927194595337,85846,0.2550806129709654,PubMed,feature_similar_cross_class,0.3,7,DegreeAwareRandom,GCN
0.673,0.6689378019367379,0.668,16.68188738822937,92194,0.19999652904323073,PubMed,feature_similar_cross_class,0.3,7,StabilityResidual-frozen,GCN
0.619,0.6164655889772844,0.624,2.0984303951263428,79663,0.30873292723139134,PubMed,feature_similar_cross_class,0.3,7,IDGL-Proxy,GCN
0.707,0.7063478409369622,0.698,346.5591793060303,92194,0.19999652904323073,PubMed,feature_similar_cross_class,0.3,7,ProGNN-Proxy,GCN
0.676,0.672960968625666,0.688,7.30632758140564,92194,0.19999652904323073,PubMed,feature_similar_cross_class,0.3,7,LDS-Proxy,GCN
0.68,0.6796222842204056,0.696,4.120673418045044,92194,0.19999652904323073,PubMed,feature_similar_cross_class,0.3,8,Feature-only,GCN
0.656,0.6547844311845971,0.676,4.045713424682617,92194,0.19999652904323073,PubMed,feature_similar_cross_class,0.3,8,Random-Matched,GCN
0.675,0.6811961055765177,0.708,1.751164436340332,92194,0.19999652904323073,PubMed,feature_similar_cross_class,0.3,8,GCN-Jaccard,GCN
0.621,0.6190904199403168,0.666,1.2452566623687744,85834,0.2551847416740425,PubMed,feature_similar_cross_class,0.3,8,DegreeAwareRandom,GCN
0.681,0.6834342458688466,0.69,16.687793731689453,92194,0.19999652904323073,PubMed,feature_similar_cross_class,0.3,8,StabilityResidual-frozen,GCN
0.62,0.6208221348870971,0.638,2.316805601119995,81115,0.29613335415907394,PubMed,feature_similar_cross_class,0.3,8,IDGL-Proxy,GCN
0.7,0.7002390104831985,0.704,344.50089287757874,92194,0.19999652904323073,PubMed,feature_similar_cross_class,0.3,8,ProGNN-Proxy,GCN
0.688,0.6922856105017594,0.706,7.7433295249938965,92194,0.19999652904323073,PubMed,feature_similar_cross_class,0.3,8,LDS-Proxy,GCN
0.667,0.6695454469968501,0.692,3.8512039184570312,92194,0.19999652904323073,PubMed,feature_similar_cross_class,0.3,9,Feature-only,GCN
0.644,0.6474752404160765,0.698,3.920177459716797,92194,0.19999652904323073,PubMed,feature_similar_cross_class,0.3,9,Random-Matched,GCN
0.694,0.6917041870973603,0.728,1.7937321662902832,92194,0.19999652904323073,PubMed,feature_similar_cross_class,0.3,9,GCN-Jaccard,GCN
0.667,0.6648018254905845,0.684,1.1172361373901367,85832,0.2552020964578886,PubMed,feature_similar_cross_class,0.3,9,DegreeAwareRandom,GCN
0.695,0.6947076363811714,0.72,16.671660661697388,92194,0.19999652904323073,PubMed,feature_similar_cross_class,0.3,9,StabilityResidual-frozen,GCN
0.632,0.6345289803830325,0.64,2.1927380561828613,80019,0.3056437757067736,PubMed,feature_similar_cross_class,0.3,9,IDGL-Proxy,GCN
0.7,0.6958564516782905,0.704,343.2131509780884,92194,0.19999652904323073,PubMed,feature_similar_cross_class,0.3,9,ProGNN-Proxy,GCN
0.692,0.6937576499388004,0.722,7.394669771194458,92194,0.19999652904323073,PubMed,feature_similar_cross_class,0.3,9,LDS-Proxy,GCN
