dataset,noise_type,noise_ratio,seed,method,method_type,downstream_model,test_acc,test_f1,val_acc,bad_edge_precision,bad_edge_recall,bad_edge_f1,actual_prune_ratio,edge_homophily_before,edge_homophily_after,num_edges_before,num_edges_after,runtime,hp_lambda_pos,hp_lambda_neg,hp_score_ratio,diag_mode,diag_lambda_pos,diag_lambda_neg,diag_degree_norm,diag_feature_risk_mean,diag_dynamic_grad_mean,diag_pos_grad_mean,diag_neg_grad_mean,diag_hybrid_score_mean,diag_hybrid_score_std,diag_edge_score_auc,hp_consistency_weight,hp_checkpoint_fractions,hp_total_epochs,diag_method,diag_consistency_weight,diag_num_checkpoints,diag_mean_grad_mean,diag_consistency_mean,diag_stability_mean,diag_confidence_mean
Texas,feature_similar_cross_class,0.3,0,Feature-only,feature_only,GCN,0.6756756756756757,0.30338983050847457,0.6440677966101694,0.0,0.0,0.0,0.20375335120643434,0.06702413409948349,0.06734006851911545,746,594,0.6397054195404053,,,,,,,,,,,,,,,,,,,,,,,,
Texas,feature_similar_cross_class,0.3,0,GraGE-Hybrid-FO-posneg-lp0.1-ln0.5,hybrid_baseline,GCN,0.5945945945945946,0.2037037037037037,0.6271186440677966,0.0,0.0,0.0,0.20375335120643434,0.06702413409948349,0.07407407462596893,746,594,0.6522440910339355,0.1,0.5,0.3,feature_pos_neg,0.1,0.5,False,0.6200312376022339,-2.51132019002398e-06,0.0007577401120215654,0.0007602514233440161,0.30000004172325134,0.31217527389526367,0.22607568268373712,,,,,,,,,,
Texas,feature_similar_cross_class,0.3,0,MCGC-cw3.0-lp0.1-ln0.5,mcgc,GCN,0.5675675675675675,0.310760667903525,0.6101694915254238,0.0,0.0,0.0,0.20375335120643434,0.06702413409948349,0.06397306174039841,746,594,1.0474252700805664,0.1,0.5,0.3,,0.1,0.5,,0.6200312376022339,,,,0.30689796805381775,0.4050420820713043,0.2506279880074548,3.0,"[0.3, 0.5, 0.7, 0.9]",200.0,mcgc,3.0,4.0,-5.9654168580891564e-05,0.7094504237174988,0.27949807047843933,0.5
Texas,feature_similar_cross_class,0.3,0,DegreeAwareRandom,degree_aware_random,GCN,0.6216216216216216,0.19491525423728814,0.5932203389830508,0.19696969696969696,0.1511627906976744,0.17105263157894737,0.1769436997319035,0.06702413409948349,0.06840390712022781,746,614,0.21292591094970703,,,,,,,,,,,,,,,,,,,,,,,,
Texas,feature_similar_cross_class,0.3,0,GCN-Jaccard,jaccard,GCN,0.6486486486486487,0.2,0.5932203389830508,0.02631578947368421,0.023255813953488372,0.024691358024691357,0.20375335120643434,0.06702413409948349,0.06397306174039841,746,594,0.41060543060302734,,,,,,,,,,,,,,,,,,,,,,,,
Texas,feature_similar_cross_class,0.3,0,Random-Matched,random_matched,GCN,0.6216216216216216,0.19166666666666668,0.576271186440678,0.25,0.22093023255813954,0.23456790123456792,0.20375335120643434,0.06702413409948349,0.08080808073282242,746,594,0.3442397117614746,,,,,,,,,,,,,,,,,,,,,,,,
Texas,feature_similar_cross_class,0.3,1,Feature-only,feature_only,GCN,0.6756756756756757,0.34461152882205515,0.6271186440677966,0.0,0.0,0.0,0.20375335120643434,0.06702413409948349,0.06734006851911545,746,594,0.38501882553100586,,,,,,,,,,,,,,,,,,,,,,,,
Texas,feature_similar_cross_class,0.3,1,GraGE-Hybrid-FO-posneg-lp0.1-ln0.5,hybrid_baseline,GCN,0.6486486486486487,0.28160919540229884,0.6440677966101694,0.0,0.0,0.0,0.20375335120643434,0.06702413409948349,0.07070706784725189,746,594,0.6723051071166992,0.1,0.5,0.3,feature_pos_neg,0.1,0.5,False,0.6202784776687622,7.784826448187232e-05,0.0012250160798430443,0.001147167757153511,0.30000001192092896,0.3073637783527374,0.25704967182562194,,,,,,,,,,
Texas,feature_similar_cross_class,0.3,1,MCGC-cw3.0-lp0.1-ln0.5,mcgc,GCN,0.6756756756756757,0.30338983050847457,0.5932203389830508,0.0,0.0,0.0,0.20375335120643434,0.06702413409948349,0.07070706784725189,746,594,1.0389270782470703,0.1,0.5,0.3,,0.1,0.5,,0.6202784776687622,,,,0.277251273393631,0.435214638710022,0.2487237663074305,3.0,"[0.3, 0.5, 0.7, 0.9]",200.0,mcgc,3.0,4.0,5.003446858609095e-06,0.7734584808349609,0.3563064932823181,0.5
Texas,feature_similar_cross_class,0.3,1,DegreeAwareRandom,degree_aware_random,GCN,0.5945945945945946,0.2534090909090909,0.6271186440677966,0.18461538461538463,0.13953488372093023,0.15894039735099336,0.1742627345844504,0.06702413409948349,0.06168831139802933,746,616,0.2164921760559082,,,,,,,,,,,,,,,,,,,,,,,,
Texas,feature_similar_cross_class,0.3,1,GCN-Jaccard,jaccard,GCN,0.5945945945945946,0.2,0.6271186440677966,0.013157894736842105,0.011627906976744186,0.012345679012345678,0.20375335120643434,0.06702413409948349,0.06397306174039841,746,594,0.3881101608276367,,,,,,,,,,,,,,,,,,,,,,,,
Texas,feature_similar_cross_class,0.3,1,Random-Matched,random_matched,GCN,0.5945945945945946,0.19298245614035087,0.5423728813559322,0.2894736842105263,0.2558139534883721,0.2716049382716049,0.20375335120643434,0.06702413409948349,0.08080808073282242,746,594,0.23576593399047852,,,,,,,,,,,,,,,,,,,,,,,,
Texas,feature_similar_cross_class,0.3,2,Feature-only,feature_only,GCN,0.6756756756756757,0.3411330049261084,0.6101694915254238,0.0,0.0,0.0,0.20375335120643434,0.06702413409948349,0.06734006851911545,746,594,0.2225205898284912,,,,,,,,,,,,,,,,,,,,,,,,
Texas,feature_similar_cross_class,0.3,2,GraGE-Hybrid-FO-posneg-lp0.1-ln0.5,hybrid_baseline,GCN,0.5675675675675675,0.15272727272727274,0.576271186440678,0.0,0.0,0.0,0.20375335120643434,0.06702413409948349,0.07070706784725189,746,594,0.6584038734436035,0.1,0.5,0.3,feature_pos_neg,0.1,0.5,False,0.6186413168907166,-4.191957486909814e-05,0.0008191337110474706,0.0008610532968305051,0.30000001192092896,0.3064548671245575,0.17826756340653108,,,,,,,,,,
Texas,feature_similar_cross_class,0.3,2,MCGC-cw3.0-lp0.1-ln0.5,mcgc,GCN,0.6756756756756757,0.30000000000000004,0.5932203389830508,0.013157894736842105,0.011627906976744186,0.012345679012345678,0.20375335120643434,0.06702413409948349,0.07070706784725189,746,594,0.7961535453796387,0.1,0.5,0.3,,0.1,0.5,,0.6186413168907166,,,,0.2962150275707245,0.42564189434051514,0.2233408961996597,3.0,"[0.3, 0.5, 0.7, 0.9]",200.0,mcgc,3.0,4.0,-2.3982587663340382e-05,0.8240616917610168,0.36850619316101074,0.5
Texas,feature_similar_cross_class,0.3,2,DegreeAwareRandom,degree_aware_random,GCN,0.5675675675675675,0.19090909090909092,0.576271186440678,0.2222222222222222,0.18604651162790697,0.20253164556962022,0.193029490616622,0.06702413409948349,0.06976743787527084,746,602,0.24555754661560059,,,,,,,,,,,,,,,,,,,,,,,,
Texas,feature_similar_cross_class,0.3,2,GCN-Jaccard,jaccard,GCN,0.5405405405405406,0.18181818181818182,0.576271186440678,0.039473684210526314,0.03488372093023256,0.03703703703703704,0.20375335120643434,0.06702413409948349,0.06397306174039841,746,594,0.3302164077758789,,,,,,,,,,,,,,,,,,,,,,,,
Texas,feature_similar_cross_class,0.3,2,Random-Matched,random_matched,GCN,0.40540540540540543,0.1595744680851064,0.576271186440678,0.2631578947368421,0.23255813953488372,0.24691358024691357,0.20375335120643434,0.06702413409948349,0.07070706784725189,746,594,0.5852749347686768,,,,,,,,,,,,,,,,,,,,,,,,
Texas,feature_similar_cross_class,0.3,3,Feature-only,feature_only,GCN,0.6486486486486487,0.2982758620689655,0.5932203389830508,0.0,0.0,0.0,0.20375335120643434,0.06702413409948349,0.06734006851911545,746,594,0.26375341415405273,,,,,,,,,,,,,,,,,,,,,,,,
Texas,feature_similar_cross_class,0.3,3,GraGE-Hybrid-FO-posneg-lp0.1-ln0.5,hybrid_baseline,GCN,0.5945945945945946,0.1896551724137931,0.6271186440677966,0.0,0.0,0.0,0.20375335120643434,0.06702413409948349,0.06734006851911545,746,594,0.6378746032714844,0.1,0.5,0.3,feature_pos_neg,0.1,0.5,False,0.6183880567550659,5.636206697090529e-05,0.002398962154984474,0.002342600142583251,0.30000004172325134,0.30437421798706055,0.2294181994976096,,,,,,,,,,
Texas,feature_similar_cross_class,0.3,3,MCGC-cw3.0-lp0.1-ln0.5,mcgc,GCN,0.6216216216216216,0.2929824561403509,0.5423728813559322,0.013157894736842105,0.011627906976744186,0.012345679012345678,0.20375335120643434,0.06702413409948349,0.07070706784725189,746,594,1.0909438133239746,0.1,0.5,0.3,,0.1,0.5,,0.6183880567550659,,,,0.2885766923427582,0.3904591500759125,0.30443237987197147,3.0,"[0.3, 0.5, 0.7, 0.9]",200.0,mcgc,3.0,4.0,3.817520700977184e-05,0.7972520589828491,0.31883707642555237,0.5
Texas,feature_similar_cross_class,0.3,3,DegreeAwareRandom,degree_aware_random,GCN,0.6216216216216216,0.19166666666666668,0.576271186440678,0.2835820895522388,0.22093023255813954,0.2483660130718954,0.17962466487935658,0.06702413409948349,0.07189542800188065,746,612,0.1636965274810791,,,,,,,,,,,,,,,,,,,,,,,,
Texas,feature_similar_cross_class,0.3,3,GCN-Jaccard,jaccard,GCN,0.5405405405405406,0.2759259259259259,0.5932203389830508,0.013157894736842105,0.011627906976744186,0.012345679012345678,0.20375335120643434,0.06702413409948349,0.06397306174039841,746,594,0.33123779296875,,,,,,,,,,,,,,,,,,,,,,,,
Texas,feature_similar_cross_class,0.3,3,Random-Matched,random_matched,GCN,0.5945945945945946,0.1864406779661017,0.5932203389830508,0.27631578947368424,0.2441860465116279,0.25925925925925924,0.20375335120643434,0.06702413409948349,0.06397306174039841,746,594,0.17223119735717773,,,,,,,,,,,,,,,,,,,,,,,,
Texas,feature_similar_cross_class,0.3,4,Feature-only,feature_only,GCN,0.6756756756756757,0.3684210526315789,0.6271186440677966,0.0,0.0,0.0,0.20375335120643434,0.06702413409948349,0.06734006851911545,746,594,0.20132994651794434,,,,,,,,,,,,,,,,,,,,,,,,
Texas,feature_similar_cross_class,0.3,4,GraGE-Hybrid-FO-posneg-lp0.1-ln0.5,hybrid_baseline,GCN,0.6216216216216216,0.2833333333333333,0.6610169491525424,0.0,0.0,0.0,0.20375335120643434,0.06702413409948349,0.07407407462596893,746,594,0.4087803363800049,0.1,0.5,0.3,feature_pos_neg,0.1,0.5,False,0.6211196780204773,-0.0005449014133773744,0.002267229137942195,0.0028121303766965866,0.30000004172325134,0.30139172077178955,0.2571712178915809,,,,,,,,,,
Texas,feature_similar_cross_class,0.3,4,MCGC-cw3.0-lp0.1-ln0.5,mcgc,GCN,0.6216216216216216,0.19166666666666668,0.5932203389830508,0.0,0.0,0.0,0.20375335120643434,0.06702413409948349,0.07070706784725189,746,594,0.949108362197876,0.1,0.5,0.3,,0.1,0.5,,0.6211196780204773,,,,0.31109631061553955,0.4055628776550293,0.25933878940118305,3.0,"[0.3, 0.5, 0.7, 0.9]",200.0,mcgc,3.0,4.0,-3.668661156552844e-05,0.8156836628913879,0.2549756169319153,0.5
Texas,feature_similar_cross_class,0.3,4,DegreeAwareRandom,degree_aware_random,GCN,0.5945945945945946,0.2909090909090909,0.5932203389830508,0.19718309859154928,0.16279069767441862,0.17834394904458598,0.19034852546916892,0.06702413409948349,0.07284767925739288,746,604,0.22425150871276855,,,,,,,,,,,,,,,,,,,,,,,,
Texas,feature_similar_cross_class,0.3,4,GCN-Jaccard,jaccard,GCN,0.6216216216216216,0.19827586206896552,0.6271186440677966,0.0,0.0,0.0,0.20375335120643434,0.06702413409948349,0.06397306174039841,746,594,0.34775447845458984,,,,,,,,,,,,,,,,,,,,,,,,
Texas,feature_similar_cross_class,0.3,4,Random-Matched,random_matched,GCN,0.5675675675675675,0.1875,0.5423728813559322,0.2236842105263158,0.19767441860465115,0.20987654320987653,0.20375335120643434,0.06702413409948349,0.06734006851911545,746,594,0.2281935214996338,,,,,,,,,,,,,,,,,,,,,,,,
Texas,degree_aligned_random,0.3,0,Feature-only,feature_only,GCN,0.6216216216216216,0.20175438596491227,0.6440677966101694,0.32894736842105265,0.29069767441860467,0.30864197530864196,0.20375335120643434,0.12064343690872192,0.13131313025951385,746,594,0.2273099422454834,,,,,,,,,,,,,,,,,,,,,,,,
Texas,degree_aligned_random,0.3,0,GraGE-Hybrid-FO-posneg-lp0.1-ln0.5,hybrid_baseline,GCN,0.5945945945945946,0.3173076923076923,0.6440677966101694,0.3026315789473684,0.26744186046511625,0.2839506172839506,0.20375335120643434,0.12064343690872192,0.13131313025951385,746,594,0.586716890335083,0.1,0.5,0.3,feature_pos_neg,0.1,0.5,False,0.643329381942749,4.4199248804943636e-05,0.0006605188827961683,0.0006163196521811187,0.30000001192092896,0.30380740761756897,0.5653917834859412,,,,,,,,,,
Texas,degree_aligned_random,0.3,0,MCGC-cw3.0-lp0.1-ln0.5,mcgc,GCN,0.5135135135135135,0.3401360544217687,0.6101694915254238,0.3157894736842105,0.27906976744186046,0.29629629629629634,0.20375335120643434,0.12064343690872192,0.12457912415266037,746,594,0.8401236534118652,0.1,0.5,0.3,,0.1,0.5,,0.643329381942749,,,,0.32190078496932983,0.3972872793674469,0.5888704318936877,3.0,"[0.3, 0.5, 0.7, 0.9]",200.0,mcgc,3.0,4.0,-0.00020898714137729257,0.6320375800132751,0.23184646666049957,0.5
Texas,degree_aligned_random,0.3,0,DegreeAwareRandom,degree_aware_random,GCN,0.6756756756756757,0.33035714285714285,0.6440677966101694,0.1917808219178082,0.16279069767441862,0.1761006289308176,0.1957104557640751,0.12064343690872192,0.1366666704416275,746,600,0.26032114028930664,,,,,,,,,,,,,,,,,,,,,,,,
Texas,degree_aligned_random,0.3,0,GCN-Jaccard,jaccard,GCN,0.5945945945945946,0.19642857142857142,0.6271186440677966,0.2894736842105263,0.2558139534883721,0.2716049382716049,0.20375335120643434,0.12064343690872192,0.12794612348079681,746,594,0.38759493827819824,,,,,,,,,,,,,,,,,,,,,,,,
Texas,degree_aligned_random,0.3,0,Random-Matched,random_matched,GCN,0.6756756756756757,0.28195488721804507,0.6271186440677966,0.25,0.22093023255813954,0.23456790123456792,0.20375335120643434,0.12064343690872192,0.13131313025951385,746,594,0.35148096084594727,,,,,,,,,,,,,,,,,,,,,,,,
Texas,degree_aligned_random,0.3,1,Feature-only,feature_only,GCN,0.5675675675675675,0.23125,0.5932203389830508,0.32894736842105265,0.29069767441860467,0.30864197530864196,0.20375335120643434,0.1286863386631012,0.14141413569450378,746,594,0.18883085250854492,,,,,,,,,,,,,,,,,,,,,,,,
Texas,degree_aligned_random,0.3,1,GraGE-Hybrid-FO-posneg-lp0.1-ln0.5,hybrid_baseline,GCN,0.7297297297297297,0.44040404040404035,0.6440677966101694,0.3157894736842105,0.27906976744186046,0.29629629629629634,0.20375335120643434,0.1286863386631012,0.14141413569450378,746,594,0.627692461013794,0.1,0.5,0.3,feature_pos_neg,0.1,0.5,False,0.6432988047599792,6.856480467831716e-05,0.0007324754260480404,0.0006639106431975961,0.30000004172325134,0.3012363910675049,0.5975609756097561,,,,,,,,,,
Texas,degree_aligned_random,0.3,1,MCGC-cw3.0-lp0.1-ln0.5,mcgc,GCN,0.6756756756756757,0.293859649122807,0.5932203389830508,0.2631578947368421,0.23255813953488372,0.24691358024691357,0.20375335120643434,0.1286863386631012,0.1346801370382309,746,594,0.7904422283172607,0.1,0.5,0.3,,0.1,0.5,,0.6432988047599792,,,,0.31970927119255066,0.3691299259662628,0.5402114901547685,3.0,"[0.3, 0.5, 0.7, 0.9]",200.0,mcgc,3.0,4.0,-1.4238688891055062e-05,0.7506702542304993,0.2677651643753052,0.5000000596046448
Texas,degree_aligned_random,0.3,1,DegreeAwareRandom,degree_aware_random,GCN,0.5405405405405406,0.18867924528301888,0.6271186440677966,0.25316455696202533,0.23255813953488372,0.24242424242424246,0.2117962466487936,0.1286863386631012,0.12925170361995697,746,588,0.2507131099700928,,,,,,,,,,,,,,,,,,,,,,,,
Texas,degree_aligned_random,0.3,1,GCN-Jaccard,jaccard,GCN,0.5675675675675675,0.19811320754716982,0.5932203389830508,0.3157894736842105,0.27906976744186046,0.29629629629629634,0.20375335120643434,0.1286863386631012,0.1346801370382309,746,594,0.2937488555908203,,,,,,,,,,,,,,,,,,,,,,,,
Texas,degree_aligned_random,0.3,1,Random-Matched,random_matched,GCN,0.6216216216216216,0.19827586206896552,0.559322033898305,0.2894736842105263,0.2558139534883721,0.2716049382716049,0.20375335120643434,0.1286863386631012,0.12794612348079681,746,594,0.3137087821960449,,,,,,,,,,,,,,,,,,,,,,,,
Texas,degree_aligned_random,0.3,2,Feature-only,feature_only,GCN,0.6216216216216216,0.20175438596491227,0.559322033898305,0.4342105263157895,0.38372093023255816,0.4074074074074074,0.20375335120643434,0.1313672959804535,0.12794612348079681,746,594,0.27472352981567383,,,,,,,,,,,,,,,,,,,,,,,,
Texas,degree_aligned_random,0.3,2,GraGE-Hybrid-FO-posneg-lp0.1-ln0.5,hybrid_baseline,GCN,0.7027027027027027,0.3533834586466165,0.559322033898305,0.3684210526315789,0.32558139534883723,0.34567901234567905,0.20375335120643434,0.1313672959804535,0.1346801370382309,746,594,0.6376059055328369,0.1,0.5,0.3,feature_pos_neg,0.1,0.5,False,0.6445952653884888,0.00014979203115217388,0.0008601656882092357,0.0007103736279532313,0.30000004172325134,0.3002663552761078,0.6024430759257758,,,,,,,,,,
Texas,degree_aligned_random,0.3,2,MCGC-cw3.0-lp0.1-ln0.5,mcgc,GCN,0.5945945945945946,0.2777777777777778,0.576271186440678,0.2894736842105263,0.2558139534883721,0.2716049382716049,0.20375335120643434,0.1313672959804535,0.14141413569450378,746,594,1.1645123958587646,0.1,0.5,0.3,,0.1,0.5,,0.6445952653884888,,,,0.31389009952545166,0.3946651220321655,0.5454177133133458,3.0,"[0.3, 0.5, 0.7, 0.9]",200.0,mcgc,3.0,4.0,-1.731029260554351e-05,0.8250670433044434,0.3963283598423004,0.5
Texas,degree_aligned_random,0.3,2,DegreeAwareRandom,degree_aware_random,GCN,0.6486486486486487,0.19672131147540983,0.5423728813559322,0.22535211267605634,0.18604651162790697,0.2038216560509554,0.19034852546916892,0.1313672959804535,0.13907285034656525,746,604,0.2060995101928711,,,,,,,,,,,,,,,,,,,,,,,,
Texas,degree_aligned_random,0.3,2,GCN-Jaccard,jaccard,GCN,0.6216216216216216,0.26108374384236455,0.5423728813559322,0.34210526315789475,0.3023255813953488,0.32098765432098764,0.20375335120643434,0.1313672959804535,0.13131313025951385,746,594,0.27129602432250977,,,,,,,,,,,,,,,,,,,,,,,,
Texas,degree_aligned_random,0.3,2,Random-Matched,random_matched,GCN,0.5945945945945946,0.19642857142857142,0.576271186440678,0.2631578947368421,0.23255813953488372,0.24691358024691357,0.20375335120643434,0.1313672959804535,0.12457912415266037,746,594,0.3603322505950928,,,,,,,,,,,,,,,,,,,,,,,,
Texas,degree_aligned_random,0.3,3,Feature-only,feature_only,GCN,0.6486486486486487,0.2033898305084746,0.6101694915254238,0.3157894736842105,0.27906976744186046,0.29629629629629634,0.20375335120643434,0.1286863386631012,0.14141413569450378,746,594,0.18456530570983887,,,,,,,,,,,,,,,,,,,,,,,,
Texas,degree_aligned_random,0.3,3,GraGE-Hybrid-FO-posneg-lp0.1-ln0.5,hybrid_baseline,GCN,0.6216216216216216,0.19827586206896552,0.559322033898305,0.32894736842105265,0.29069767441860467,0.30864197530864196,0.20375335120643434,0.1286863386631012,0.13804712891578674,746,594,0.6350443363189697,0.1,0.5,0.3,feature_pos_neg,0.1,0.5,False,0.6423021554946899,0.00010964383545797318,0.0013722479343414307,0.0012626041425392032,0.30000001192092896,0.28957295417785645,0.5937727898873673,,,,,,,,,,
Texas,degree_aligned_random,0.3,3,MCGC-cw3.0-lp0.1-ln0.5,mcgc,GCN,0.6216216216216216,0.19491525423728814,0.576271186440678,0.2894736842105263,0.2558139534883721,0.2716049382716049,0.20375335120643434,0.1286863386631012,0.12457912415266037,746,594,0.7403299808502197,0.1,0.5,0.3,,0.1,0.5,,0.6423021554946899,,,,0.2890740931034088,0.39188775420188904,0.5426829268292682,3.0,"[0.3, 0.5, 0.7, 0.9]",200.0,mcgc,3.0,4.0,2.2498086764244363e-05,0.7580429315567017,0.29057395458221436,0.5
Texas,degree_aligned_random,0.3,3,DegreeAwareRandom,degree_aware_random,GCN,0.6216216216216216,0.19491525423728814,0.559322033898305,0.14285714285714285,0.11627906976744186,0.1282051282051282,0.18766756032171583,0.1286863386631012,0.12871287763118744,746,606,0.2338123321533203,,,,,,,,,,,,,,,,,,,,,,,,
Texas,degree_aligned_random,0.3,3,GCN-Jaccard,jaccard,GCN,0.6216216216216216,0.2929824561403509,0.559322033898305,0.34210526315789475,0.3023255813953488,0.32098765432098764,0.20375335120643434,0.1286863386631012,0.13804712891578674,746,594,0.3490476608276367,,,,,,,,,,,,,,,,,,,,,,,,
Texas,degree_aligned_random,0.3,3,Random-Matched,random_matched,GCN,0.43243243243243246,0.16666666666666666,0.576271186440678,0.27631578947368424,0.2441860465116279,0.25925925925925924,0.20375335120643434,0.1286863386631012,0.11784511804580688,746,594,0.25363945960998535,,,,,,,,,,,,,,,,,,,,,,,,
Texas,degree_aligned_random,0.3,4,Feature-only,feature_only,GCN,0.6216216216216216,0.24600870827285923,0.6271186440677966,0.27631578947368424,0.2441860465116279,0.25925925925925924,0.20375335120643434,0.13941019773483276,0.14478114247322083,746,594,0.21641135215759277,,,,,,,,,,,,,,,,,,,,,,,,
Texas,degree_aligned_random,0.3,4,GraGE-Hybrid-FO-posneg-lp0.1-ln0.5,hybrid_baseline,GCN,0.6756756756756757,0.34797979797979794,0.6101694915254238,0.2236842105263158,0.19767441860465115,0.20987654320987653,0.20375335120643434,0.13941019773483276,0.14478114247322083,746,594,0.525693416595459,0.1,0.5,0.3,feature_pos_neg,0.1,0.5,False,0.6386021375656128,-0.00013591286551672965,0.001727928756736219,0.001863841782324016,0.30000001192092896,0.29282718896865845,0.509338789401183,,,,,,,,,,
Texas,degree_aligned_random,0.3,4,MCGC-cw3.0-lp0.1-ln0.5,mcgc,GCN,0.6486486486486487,0.2033898305084746,0.559322033898305,0.2236842105263158,0.19767441860465115,0.20987654320987653,0.20375335120643434,0.13941019773483276,0.1582491546869278,746,594,0.8494963645935059,0.1,0.5,0.3,,0.1,0.5,,0.6386021375656128,,,,0.29375582933425903,0.40859928727149963,0.48073494854549875,3.0,"[0.3, 0.5, 0.7, 0.9]",200.0,mcgc,3.0,4.0,-2.8036196454195306e-05,0.802949070930481,0.3594110906124115,0.5
Texas,degree_aligned_random,0.3,4,DegreeAwareRandom,degree_aware_random,GCN,0.6486486486486487,0.2,0.5423728813559322,0.2631578947368421,0.23255813953488372,0.24691358024691357,0.20375335120643434,0.13941019773483276,0.14478114247322083,746,594,0.20131540298461914,,,,,,,,,,,,,,,,,,,,,,,,
Texas,degree_aligned_random,0.3,4,GCN-Jaccard,jaccard,GCN,0.6216216216216216,0.19827586206896552,0.576271186440678,0.25,0.22093023255813954,0.23456790123456792,0.20375335120643434,0.13941019773483276,0.14141413569450378,746,594,0.24086284637451172,,,,,,,,,,,,,,,,,,,,,,,,
Texas,degree_aligned_random,0.3,4,Random-Matched,random_matched,GCN,0.5405405405405406,0.28956582633053224,0.6101694915254238,0.2236842105263158,0.19767441860465115,0.20987654320987653,0.20375335120643434,0.13941019773483276,0.14478114247322083,746,594,0.28630805015563965,,,,,,,,,,,,,,,,,,,,,,,,
Wisconsin,feature_similar_cross_class,0.3,0,Feature-only,feature_only,GCN,0.6666666666666666,0.4420634920634921,0.65,0.0,0.0,0.0,0.2016806722689075,0.14789916574954987,0.15368419885635376,1190,950,0.2565281391143799,,,,,,,,,,,,,,,,,,,,,,,,
Wisconsin,feature_similar_cross_class,0.3,0,GraGE-Hybrid-FO-posneg-lp0.1-ln0.5,hybrid_baseline,GCN,0.5882352941176471,0.35318903318903316,0.65,0.016666666666666666,0.014598540145985401,0.01556420233463035,0.2016806722689075,0.14789916574954987,0.13894736766815186,1190,950,0.7367899417877197,0.1,0.5,0.3,feature_pos_neg,0.1,0.5,False,0.6412657499313354,-3.284760896349326e-05,0.0007508716080337763,0.0007837192388251424,0.30000001192092896,0.30100345611572266,0.3921445191725369,,,,,,,,,,
Wisconsin,feature_similar_cross_class,0.3,0,MCGC-cw3.0-lp0.1-ln0.5,mcgc,GCN,0.5686274509803921,0.29387387387387387,0.6125,0.075,0.06569343065693431,0.07003891050583658,0.2016806722689075,0.14789916574954987,0.15578946471214294,1190,950,0.9006505012512207,0.1,0.5,0.3,,0.1,0.5,,0.6412657499313354,,,,0.29071128368377686,0.39554300904273987,0.38412010327351553,3.0,"[0.3, 0.5, 0.7, 0.9]",200.0,mcgc,3.0,4.0,-5.150804281583987e-05,0.8430672287940979,0.3955489993095398,0.5
Wisconsin,feature_similar_cross_class,0.3,0,DegreeAwareRandom,degree_aware_random,GCN,0.5098039215686274,0.2295038295038295,0.5375,0.24031007751937986,0.22627737226277372,0.2330827067669173,0.21680672268907564,0.14789916574954987,0.1437768191099167,1190,932,0.2236642837524414,,,,,,,,,,,,,,,,,,,,,,,,
Wisconsin,feature_similar_cross_class,0.3,0,GCN-Jaccard,jaccard,GCN,0.6274509803921569,0.3359203980099502,0.6625,0.05,0.043795620437956206,0.04669260700389105,0.2016806722689075,0.14789916574954987,0.14947368204593658,1190,950,0.3854341506958008,,,,,,,,,,,,,,,,,,,,,,,,
Wisconsin,feature_similar_cross_class,0.3,0,Random-Matched,random_matched,GCN,0.5882352941176471,0.33641456582633056,0.6,0.16666666666666666,0.145985401459854,0.15564202334630348,0.2016806722689075,0.14789916574954987,0.15368419885635376,1190,950,0.22891521453857422,,,,,,,,,,,,,,,,,,,,,,,,
Wisconsin,feature_similar_cross_class,0.3,1,Feature-only,feature_only,GCN,0.6666666666666666,0.394,0.625,0.0,0.0,0.0,0.2016806722689075,0.14789916574954987,0.15368419885635376,1190,950,0.3250153064727783,,,,,,,,,,,,,,,,,,,,,,,,
Wisconsin,feature_similar_cross_class,0.3,1,GraGE-Hybrid-FO-posneg-lp0.1-ln0.5,hybrid_baseline,GCN,0.6078431372549019,0.36275946275946275,0.6375,0.0,0.0,0.0,0.2016806722689075,0.14789916574954987,0.1473684161901474,1190,950,0.7834558486938477,0.1,0.5,0.3,feature_pos_neg,0.1,0.5,False,0.6419558525085449,-9.882188169285655e-05,0.0002658728917594999,0.00036469471524469554,0.30000001192092896,0.3151921331882477,0.2951702100532305,,,,,,,,,,
Wisconsin,feature_similar_cross_class,0.3,1,MCGC-cw3.0-lp0.1-ln0.5,mcgc,GCN,0.5490196078431373,0.2890192245030955,0.6125,0.041666666666666664,0.0364963503649635,0.03891050583657587,0.2016806722689075,0.14789916574954987,0.1599999964237213,1190,950,1.2856502532958984,0.1,0.5,0.3,,0.1,0.5,,0.6419558525085449,,,,0.3161301016807556,0.4019540250301361,0.30504733369457815,3.0,"[0.3, 0.5, 0.7, 0.9]",200.0,mcgc,3.0,4.0,-2.154736102966126e-05,0.8149159550666809,0.3674759864807129,0.5
Wisconsin,feature_similar_cross_class,0.3,1,DegreeAwareRandom,degree_aware_random,GCN,0.5686274509803921,0.2999147485080989,0.5875,0.2,0.18248175182481752,0.19083969465648856,0.2100840336134454,0.14789916574954987,0.1425531804561615,1190,940,0.191910982131958,,,,,,,,,,,,,,,,,,,,,,,,
Wisconsin,feature_similar_cross_class,0.3,1,GCN-Jaccard,jaccard,GCN,0.6666666666666666,0.37696969696969695,0.6125,0.05,0.043795620437956206,0.04669260700389105,0.2016806722689075,0.14789916574954987,0.14947368204593658,1190,950,0.36252641677856445,,,,,,,,,,,,,,,,,,,,,,,,
Wisconsin,feature_similar_cross_class,0.3,1,Random-Matched,random_matched,GCN,0.6666666666666666,0.4214848715992881,0.6,0.23333333333333334,0.20437956204379562,0.21789883268482488,0.2016806722689075,0.14789916574954987,0.1473684161901474,1190,950,0.36955761909484863,,,,,,,,,,,,,,,,,,,,,,,,
Wisconsin,feature_similar_cross_class,0.3,2,Feature-only,feature_only,GCN,0.5294117647058824,0.3763157894736842,0.625,0.0,0.0,0.0,0.2016806722689075,0.14789916574954987,0.15368419885635376,1190,950,0.3655276298522949,,,,,,,,,,,,,,,,,,,,,,,,
Wisconsin,feature_similar_cross_class,0.3,2,GraGE-Hybrid-FO-posneg-lp0.1-ln0.5,hybrid_baseline,GCN,0.5490196078431373,0.3868877453783114,0.6375,0.008333333333333333,0.0072992700729927005,0.007782101167315175,0.2016806722689075,0.14789916574954987,0.15789473056793213,1190,950,0.8377926349639893,0.1,0.5,0.3,feature_pos_neg,0.1,0.5,False,0.641533374786377,3.005254257004708e-06,0.0006033148965798318,0.0006003096350468695,0.30000001192092896,0.3053641617298126,0.3642861696363115,,,,,,,,,,
Wisconsin,feature_similar_cross_class,0.3,2,MCGC-cw3.0-lp0.1-ln0.5,mcgc,GCN,0.5098039215686274,0.3415840455840456,0.65,0.06666666666666667,0.058394160583941604,0.0622568093385214,0.2016806722689075,0.14789916574954987,0.1473684161901474,1190,950,1.3850312232971191,0.1,0.5,0.3,,0.1,0.5,,0.641533374786377,,,,0.30714890360832214,0.42176079750061035,0.32629968444203616,3.0,"[0.3, 0.5, 0.7, 0.9]",200.0,mcgc,3.0,4.0,-3.459016079432331e-05,0.7571428418159485,0.32060369849205017,0.5
Wisconsin,feature_similar_cross_class,0.3,2,DegreeAwareRandom,degree_aware_random,GCN,0.5294117647058824,0.26555772994129156,0.5125,0.1935483870967742,0.17518248175182483,0.1839080459770115,0.20840336134453785,0.14789916574954987,0.14649681746959686,1190,942,0.23494482040405273,,,,,,,,,,,,,,,,,,,,,,,,
Wisconsin,feature_similar_cross_class,0.3,2,GCN-Jaccard,jaccard,GCN,0.5686274509803921,0.38632478632478634,0.7,0.058333333333333334,0.051094890510948905,0.05447470817120622,0.2016806722689075,0.14789916574954987,0.14947368204593658,1190,950,0.609687328338623,,,,,,,,,,,,,,,,,,,,,,,,
Wisconsin,feature_similar_cross_class,0.3,2,Random-Matched,random_matched,GCN,0.45098039215686275,0.22046024151287308,0.575,0.23333333333333334,0.20437956204379562,0.21789883268482488,0.2016806722689075,0.14789916574954987,0.1473684161901474,1190,950,0.4658491611480713,,,,,,,,,,,,,,,,,,,,,,,,
Wisconsin,feature_similar_cross_class,0.3,3,Feature-only,feature_only,GCN,0.6470588235294118,0.4297435897435897,0.6375,0.0,0.0,0.0,0.2016806722689075,0.14789916574954987,0.15368419885635376,1190,950,0.44705986976623535,,,,,,,,,,,,,,,,,,,,,,,,
Wisconsin,feature_similar_cross_class,0.3,3,GraGE-Hybrid-FO-posneg-lp0.1-ln0.5,hybrid_baseline,GCN,0.6470588235294118,0.4587878787878788,0.65,0.0,0.0,0.0,0.2016806722689075,0.14789916574954987,0.14315788447856903,1190,950,0.7168595790863037,0.1,0.5,0.3,feature_pos_neg,0.1,0.5,False,0.6441283822059631,-5.890314423595555e-05,0.0005446000141091645,0.000603503140155226,0.30000001192092896,0.3128521740436554,0.3865903802632837,,,,,,,,,,
Wisconsin,feature_similar_cross_class,0.3,3,MCGC-cw3.0-lp0.1-ln0.5,mcgc,GCN,0.7058823529411765,0.44239596469104664,0.625,0.075,0.06569343065693431,0.07003891050583658,0.2016806722689075,0.14789916574954987,0.14315788447856903,1190,950,1.1554043292999268,0.1,0.5,0.3,,0.1,0.5,,0.6441283822059631,,,,0.3091902434825897,0.4089176058769226,0.39381793261721865,3.0,"[0.3, 0.5, 0.7, 0.9]",200.0,mcgc,3.0,4.0,-4.0315230762644205e-06,0.8271008729934692,0.31757891178131104,0.5
Wisconsin,feature_similar_cross_class,0.3,3,DegreeAwareRandom,degree_aware_random,GCN,0.5294117647058824,0.2882903981264636,0.5625,0.16279069767441862,0.15328467153284672,0.15789473684210528,0.21680672268907564,0.14789916574954987,0.1394849717617035,1190,932,0.243300199508667,,,,,,,,,,,,,,,,,,,,,,,,
Wisconsin,feature_similar_cross_class,0.3,3,GCN-Jaccard,jaccard,GCN,0.6078431372549019,0.34974358974358977,0.675,0.03333333333333333,0.029197080291970802,0.0311284046692607,0.2016806722689075,0.14789916574954987,0.14947368204593658,1190,950,0.2797970771789551,,,,,,,,,,,,,,,,,,,,,,,,
Wisconsin,feature_similar_cross_class,0.3,3,Random-Matched,random_matched,GCN,0.6470588235294118,0.3707246376811594,0.55,0.24166666666666667,0.2116788321167883,0.22568093385214008,0.2016806722689075,0.14789916574954987,0.1473684161901474,1190,950,0.2827615737915039,,,,,,,,,,,,,,,,,,,,,,,,
Wisconsin,feature_similar_cross_class,0.3,4,Feature-only,feature_only,GCN,0.7058823529411765,0.47375409069658714,0.65,0.0,0.0,0.0,0.2016806722689075,0.14789916574954987,0.15368419885635376,1190,950,0.4005167484283447,,,,,,,,,,,,,,,,,,,,,,,,
Wisconsin,feature_similar_cross_class,0.3,4,GraGE-Hybrid-FO-posneg-lp0.1-ln0.5,hybrid_baseline,GCN,0.5490196078431373,0.3498789346246973,0.625,0.008333333333333333,0.0072992700729927005,0.007782101167315175,0.2016806722689075,0.14789916574954987,0.14315788447856903,1190,950,0.5585153102874756,0.1,0.5,0.3,feature_pos_neg,0.1,0.5,False,0.6441185474395752,3.1049516110215336e-05,0.0005888526211492717,0.0005578030832111835,0.30000001192092896,0.30214178562164307,0.3807573391132502,,,,,,,,,,
Wisconsin,feature_similar_cross_class,0.3,4,MCGC-cw3.0-lp0.1-ln0.5,mcgc,GCN,0.5686274509803921,0.42354497354497356,0.65,0.025,0.021897810218978103,0.023346303501945526,0.2016806722689075,0.14789916574954987,0.14105261862277985,1190,950,0.7990450859069824,0.1,0.5,0.3,,0.1,0.5,,0.6441185474395752,,,,0.3101722002029419,0.4212835431098938,0.33471456347815,3.0,"[0.3, 0.5, 0.7, 0.9]",200.0,mcgc,3.0,4.0,-0.00010131296585313976,0.8163865804672241,0.34642472863197327,0.5
Wisconsin,feature_similar_cross_class,0.3,4,DegreeAwareRandom,degree_aware_random,GCN,0.5490196078431373,0.3455357142857143,0.6,0.19658119658119658,0.1678832116788321,0.18110236220472442,0.19663865546218484,0.14789916574954987,0.14644351601600647,1190,956,0.25116729736328125,,,,,,,,,,,,,,,,,,,,,,,,
Wisconsin,feature_similar_cross_class,0.3,4,GCN-Jaccard,jaccard,GCN,0.5490196078431373,0.33189048239895697,0.675,0.075,0.06569343065693431,0.07003891050583658,0.2016806722689075,0.14789916574954987,0.14947368204593658,1190,950,0.27401137351989746,,,,,,,,,,,,,,,,,,,,,,,,
Wisconsin,feature_similar_cross_class,0.3,4,Random-Matched,random_matched,GCN,0.5098039215686274,0.3681318681318681,0.6125,0.23333333333333334,0.20437956204379562,0.21789883268482488,0.2016806722689075,0.14789916574954987,0.14105261862277985,1190,950,0.36869239807128906,,,,,,,,,,,,,,,,,,,,,,,,
Wisconsin,degree_aligned_random,0.3,0,Feature-only,feature_only,GCN,0.5882352941176471,0.32974358974358975,0.6375,0.375,0.3284671532846715,0.3501945525291829,0.2016806722689075,0.21344538033008575,0.22526314854621887,1190,950,0.38236236572265625,,,,,,,,,,,,,,,,,,,,,,,,
Wisconsin,degree_aligned_random,0.3,0,GraGE-Hybrid-FO-posneg-lp0.1-ln0.5,hybrid_baseline,GCN,0.5882352941176471,0.3392391304347826,0.65,0.31666666666666665,0.2773722627737226,0.29571984435797666,0.2016806722689075,0.21344538033008575,0.21684210002422333,1190,950,0.4331851005554199,0.1,0.5,0.3,feature_pos_neg,0.1,0.5,False,0.6578437089920044,2.3881289962446317e-05,0.0005898158997297287,0.0005659345770254731,0.30000001192092896,0.30741631984710693,0.6020144710419787,,,,,,,,,,
Wisconsin,degree_aligned_random,0.3,0,MCGC-cw3.0-lp0.1-ln0.5,mcgc,GCN,0.5882352941176471,0.3195075757575757,0.65,0.3333333333333333,0.291970802919708,0.31128404669260695,0.2016806722689075,0.21344538033008575,0.22526314854621887,1190,950,1.2111310958862305,0.1,0.5,0.3,,0.1,0.5,,0.6578437089920044,,,,0.30823928117752075,0.3648371994495392,0.5980381219519969,3.0,"[0.3, 0.5, 0.7, 0.9]",200.0,mcgc,3.0,4.0,-0.00014375080354511738,0.75819331407547,0.2884514331817627,0.5
Wisconsin,degree_aligned_random,0.3,0,DegreeAwareRandom,degree_aware_random,GCN,0.5686274509803921,0.28181818181818186,0.625,0.2727272727272727,0.26277372262773724,0.26765799256505574,0.2218487394957983,0.21344538033008575,0.2138228863477707,1190,926,0.16998815536499023,,,,,,,,,,,,,,,,,,,,,,,,
Wisconsin,degree_aligned_random,0.3,0,GCN-Jaccard,jaccard,GCN,0.6078431372549019,0.33044733044733043,0.6375,0.3416666666666667,0.29927007299270075,0.31906614785992216,0.2016806722689075,0.21344538033008575,0.22736841440200806,1190,950,0.43834900856018066,,,,,,,,,,,,,,,,,,,,,,,,
Wisconsin,degree_aligned_random,0.3,0,Random-Matched,random_matched,GCN,0.5882352941176471,0.31476449275362317,0.6375,0.16666666666666666,0.145985401459854,0.15564202334630348,0.2016806722689075,0.21344538033008575,0.2210526168346405,1190,950,0.4386279582977295,,,,,,,,,,,,,,,,,,,,,,,,
Wisconsin,degree_aligned_random,0.3,1,Feature-only,feature_only,GCN,0.6470588235294118,0.3720096852300242,0.675,0.45,0.39416058394160586,0.42023346303501946,0.2016806722689075,0.22521008551120758,0.22736841440200806,1190,950,0.45081138610839844,,,,,,,,,,,,,,,,,,,,,,,,
Wisconsin,degree_aligned_random,0.3,1,GraGE-Hybrid-FO-posneg-lp0.1-ln0.5,hybrid_baseline,GCN,0.6666666666666666,0.44479076479076485,0.6625,0.3416666666666667,0.29927007299270075,0.31906614785992216,0.2016806722689075,0.22521008551120758,0.2357894629240036,1190,950,0.3829691410064697,0.1,0.5,0.3,feature_pos_neg,0.1,0.5,False,0.6605252623558044,5.3714553359895945e-05,0.00018579007883090526,0.00013207551091909409,0.30000001192092896,0.31000441312789917,0.5911054091097441,,,,,,,,,,
Wisconsin,degree_aligned_random,0.3,1,MCGC-cw3.0-lp0.1-ln0.5,mcgc,GCN,0.6862745098039216,0.44944054124381994,0.675,0.30833333333333335,0.27007299270072993,0.28793774319066145,0.2016806722689075,0.22521008551120758,0.2357894629240036,1190,950,1.252732753753662,0.1,0.5,0.3,,0.1,0.5,,0.6605252623558044,,,,0.3128953278064728,0.4060123860836029,0.5743075255793197,3.0,"[0.3, 0.5, 0.7, 0.9]",200.0,mcgc,3.0,4.0,-1.816715121094603e-05,0.8042016625404358,0.34806761145591736,0.5
Wisconsin,degree_aligned_random,0.3,1,DegreeAwareRandom,degree_aware_random,GCN,0.5490196078431373,0.22153846153846155,0.5875,0.2366412213740458,0.22627737226277372,0.23134328358208955,0.22016806722689075,0.22521008551120758,0.2176724076271057,1190,928,0.20057272911071777,,,,,,,,,,,,,,,,,,,,,,,,
Wisconsin,degree_aligned_random,0.3,1,GCN-Jaccard,jaccard,GCN,0.6078431372549019,0.3403870967741936,0.65,0.39166666666666666,0.34306569343065696,0.3657587548638132,0.2016806722689075,0.22521008551120758,0.24421051144599915,1190,950,0.32393956184387207,,,,,,,,,,,,,,,,,,,,,,,,
Wisconsin,degree_aligned_random,0.3,1,Random-Matched,random_matched,GCN,0.5686274509803921,0.2545454545454545,0.6125,0.23333333333333334,0.20437956204379562,0.21789883268482488,0.2016806722689075,0.22521008551120758,0.2210526168346405,1190,950,0.42786264419555664,,,,,,,,,,,,,,,,,,,,,,,,
Wisconsin,degree_aligned_random,0.3,2,Feature-only,feature_only,GCN,0.5098039215686274,0.3416257816257816,0.6125,0.38333333333333336,0.3357664233576642,0.35797665369649806,0.2016806722689075,0.2218487411737442,0.2357894629240036,1190,950,0.411041259765625,,,,,,,,,,,,,,,,,,,,,,,,
Wisconsin,degree_aligned_random,0.3,2,GraGE-Hybrid-FO-posneg-lp0.1-ln0.5,hybrid_baseline,GCN,0.5490196078431373,0.33770491803278685,0.6375,0.3416666666666667,0.29927007299270075,0.31906614785992216,0.2016806722689075,0.2218487411737442,0.23157893121242523,1190,950,0.7175111770629883,0.1,0.5,0.3,feature_pos_neg,0.1,0.5,False,0.6608791351318359,5.478360617416911e-05,0.0005939497496001422,0.0005391662125475705,0.30000001192092896,0.3065266013145447,0.6510693908775063,,,,,,,,,,
Wisconsin,degree_aligned_random,0.3,2,MCGC-cw3.0-lp0.1-ln0.5,mcgc,GCN,0.5294117647058824,0.3436190476190476,0.6375,0.24166666666666667,0.2116788321167883,0.22568093385214008,0.2016806722689075,0.2218487411737442,0.22947368025779724,1190,950,1.3751530647277832,0.1,0.5,0.3,,0.1,0.5,,0.6608791351318359,,,,0.29201269149780273,0.42496076226234436,0.600755426640742,3.0,"[0.3, 0.5, 0.7, 0.9]",200.0,mcgc,3.0,4.0,2.6053632609546185e-05,0.8827731013298035,0.42187806963920593,0.5
Wisconsin,degree_aligned_random,0.3,2,DegreeAwareRandom,degree_aware_random,GCN,0.5294117647058824,0.27999999999999997,0.5625,0.21374045801526717,0.20437956204379562,0.208955223880597,0.22016806722689075,0.2218487411737442,0.2198275923728943,1190,928,0.2345113754272461,,,,,,,,,,,,,,,,,,,,,,,,
Wisconsin,degree_aligned_random,0.3,2,GCN-Jaccard,jaccard,GCN,0.49019607843137253,0.296969696969697,0.5875,0.35,0.30656934306569344,0.32684824902723736,0.2016806722689075,0.2218487411737442,0.23368419706821442,1190,950,0.3141753673553467,,,,,,,,,,,,,,,,,,,,,,,,
Wisconsin,degree_aligned_random,0.3,2,Random-Matched,random_matched,GCN,0.49019607843137253,0.2756989247311828,0.6,0.23333333333333334,0.20437956204379562,0.21789883268482488,0.2016806722689075,0.2218487411737442,0.22736841440200806,1190,950,0.44498682022094727,,,,,,,,,,,,,,,,,,,,,,,,
Wisconsin,degree_aligned_random,0.3,3,Feature-only,feature_only,GCN,0.6470588235294118,0.3803809523809524,0.65,0.4583333333333333,0.40145985401459855,0.4280155642023346,0.2016806722689075,0.21344538033008575,0.21684210002422333,1190,950,0.2001349925994873,,,,,,,,,,,,,,,,,,,,,,,,
Wisconsin,degree_aligned_random,0.3,3,GraGE-Hybrid-FO-posneg-lp0.1-ln0.5,hybrid_baseline,GCN,0.6470588235294118,0.3803809523809524,0.6375,0.38333333333333336,0.3357664233576642,0.35797665369649806,0.2016806722689075,0.21344538033008575,0.22947368025779724,1190,950,0.6587567329406738,0.1,0.5,0.3,feature_pos_neg,0.1,0.5,False,0.6623675227165222,1.7710377505864017e-05,0.00016955156752374023,0.00015184120275080204,0.30000001192092896,0.2930864691734314,0.6328371529659261,,,,,,,,,,
Wisconsin,degree_aligned_random,0.3,3,MCGC-cw3.0-lp0.1-ln0.5,mcgc,GCN,0.6470588235294118,0.41466666666666663,0.6,0.26666666666666666,0.23357664233576642,0.2490272373540856,0.2016806722689075,0.21344538033008575,0.22736841440200806,1190,950,0.9308340549468994,0.1,0.5,0.3,,0.1,0.5,,0.6623675227165222,,,,0.31885504722595215,0.38012516498565674,0.5284799031013929,3.0,"[0.3, 0.5, 0.7, 0.9]",200.0,mcgc,3.0,4.0,-4.631539013644215e-06,0.8418067097663879,0.39921629428863525,0.5
Wisconsin,degree_aligned_random,0.3,3,DegreeAwareRandom,degree_aware_random,GCN,0.5098039215686274,0.2688172043010752,0.5125,0.2047244094488189,0.1897810218978102,0.19696969696969696,0.21344537815126052,0.21344538033008575,0.2072649747133255,1190,936,0.23401427268981934,,,,,,,,,,,,,,,,,,,,,,,,
Wisconsin,degree_aligned_random,0.3,3,GCN-Jaccard,jaccard,GCN,0.5098039215686274,0.3022222222222222,0.65,0.39166666666666666,0.34306569343065696,0.3657587548638132,0.2016806722689075,0.21344538033008575,0.23157893121242523,1190,950,0.26660728454589844,,,,,,,,,,,,,,,,,,,,,,,,
Wisconsin,degree_aligned_random,0.3,3,Random-Matched,random_matched,GCN,0.45098039215686275,0.2645185185185185,0.5625,0.24166666666666667,0.2116788321167883,0.22568093385214008,0.2016806722689075,0.21344538033008575,0.21052630245685577,1190,950,0.31157612800598145,,,,,,,,,,,,,,,,,,,,,,,,
Wisconsin,degree_aligned_random,0.3,4,Feature-only,feature_only,GCN,0.5490196078431373,0.3154838709677419,0.65,0.475,0.41605839416058393,0.44357976653696496,0.2016806722689075,0.21176470816135406,0.22736841440200806,1190,950,0.21833395957946777,,,,,,,,,,,,,,,,,,,,,,,,
Wisconsin,degree_aligned_random,0.3,4,GraGE-Hybrid-FO-posneg-lp0.1-ln0.5,hybrid_baseline,GCN,0.5882352941176471,0.33636363636363636,0.65,0.44166666666666665,0.38686131386861317,0.41245136186770426,0.2016806722689075,0.21176470816135406,0.22736841440200806,1190,950,0.7246198654174805,0.1,0.5,0.3,feature_pos_neg,0.1,0.5,False,0.6604344248771667,4.761033778777346e-06,0.0006158929318189621,0.0006111319526098669,0.30000001192092896,0.30548906326293945,0.6489895770248303,,,,,,,,,,
Wisconsin,degree_aligned_random,0.3,4,MCGC-cw3.0-lp0.1-ln0.5,mcgc,GCN,0.5882352941176471,0.29949425287356324,0.6,0.2916666666666667,0.25547445255474455,0.2723735408560311,0.2016806722689075,0.21176470816135406,0.22736841440200806,1190,950,0.8741433620452881,0.1,0.5,0.3,,0.1,0.5,,0.6604344248771667,,,,0.29690033197402954,0.40385836362838745,0.5564976253466356,3.0,"[0.3, 0.5, 0.7, 0.9]",200.0,mcgc,3.0,4.0,-3.9568203646922484e-05,0.7518907785415649,0.297524631023407,0.5
Wisconsin,degree_aligned_random,0.3,4,DegreeAwareRandom,degree_aware_random,GCN,0.5490196078431373,0.20492753623188403,0.5625,0.2835820895522388,0.2773722627737226,0.28044280442804426,0.22521008403361342,0.21176470816135406,0.2125813513994217,1190,922,0.2338719367980957,,,,,,,,,,,,,,,,,,,,,,,,
Wisconsin,degree_aligned_random,0.3,4,GCN-Jaccard,jaccard,GCN,0.6078431372549019,0.3449275362318841,0.6375,0.39166666666666666,0.34306569343065696,0.3657587548638132,0.2016806722689075,0.21176470816135406,0.23368419706821442,1190,950,0.3218874931335449,,,,,,,,,,,,,,,,,,,,,,,,
Wisconsin,degree_aligned_random,0.3,4,Random-Matched,random_matched,GCN,0.5490196078431373,0.2586701434159061,0.575,0.23333333333333334,0.20437956204379562,0.21789883268482488,0.2016806722689075,0.21176470816135406,0.20210525393486023,1190,950,0.4561738967895508,,,,,,,,,,,,,,,,,,,,,,,,
Actor,feature_similar_cross_class,0.3,0,Feature-only,feature_only,GCN,0.2914473684210526,0.18351677722870238,0.2816611842105263,0.0,0.0,0.0,0.2002506012990941,0.16777324676513672,0.1570170521736145,69433,55529,8.464465141296387,,,,,,,,,,,,,,,,,,,,,,,,
Actor,feature_similar_cross_class,0.3,0,GraGE-Hybrid-FO-posneg-lp0.1-ln0.5,hybrid_baseline,GCN,0.2736842105263158,0.18115009671840965,0.28824013157894735,0.0,0.0,0.0,0.2002506012990941,0.16777324676513672,0.15557636320590973,69433,55529,12.902755975723267,0.1,0.5,0.3,feature_pos_neg,0.1,0.5,False,0.7827644348144531,6.86925218928991e-08,6.230229701031931e-07,5.543304837374308e-07,0.30000001192092896,0.3173179626464844,0.1297738577571022,,,,,,,,,,
Actor,feature_similar_cross_class,0.3,0,MCGC-cw3.0-lp0.1-ln0.5,mcgc,GCN,0.27960526315789475,0.17741605826918933,0.2808388157894737,0.0,0.0,0.0,0.2002506012990941,0.16777324676513672,0.1571251004934311,69433,55529,18.476314783096313,0.1,0.5,0.3,,0.1,0.5,,0.7827644348144531,,,,0.2946629524230957,0.4228811264038086,0.19741791912419313,3.0,"[0.3, 0.5, 0.7, 0.9]",200.0,mcgc,3.0,4.0,1.9302203213555913e-07,0.8384593725204468,0.44705823063850403,0.5
Actor,feature_similar_cross_class,0.3,0,DegreeAwareRandom,degree_aware_random,GCN,0.275,0.15848405158951262,0.2816611842105263,0.21050185873605948,0.28273623767319933,0.24132971072398912,0.3099390779600478,0.16777324676513672,0.16552919149398804,69433,47913,1.6816930770874023,,,,,,,,,,,,,,,,,,,,,,,,
Actor,feature_similar_cross_class,0.3,0,GCN-Jaccard,jaccard,GCN,0.29210526315789476,0.18560510021978058,0.2833059210526316,0.0,0.0,0.0,0.2002506012990941,0.16777324676513672,0.1570170521736145,69433,55529,2.102323532104492,,,,,,,,,,,,,,,,,,,,,,,,
Actor,feature_similar_cross_class,0.3,0,Random-Matched,random_matched,GCN,0.2644736842105263,0.16204752650453513,0.2845394736842105,0.23000575373993096,0.19960054924478843,0.21372719374456994,0.2002506012990941,0.16777324676513672,0.1674620509147644,69433,55529,5.792892932891846,,,,,,,,,,,,,,,,,,,,,,,,
Actor,feature_similar_cross_class,0.3,1,Feature-only,feature_only,GCN,0.2756578947368421,0.16928026408163427,0.2911184210526316,0.0,0.0,0.0,0.2002506012990941,0.16777324676513672,0.1570170521736145,69433,55529,6.31010890007019,,,,,,,,,,,,,,,,,,,,,,,,
Actor,feature_similar_cross_class,0.3,1,GraGE-Hybrid-FO-posneg-lp0.1-ln0.5,hybrid_baseline,GCN,0.2855263157894737,0.17872990549202653,0.29194078947368424,0.0,0.0,0.0,0.2002506012990941,0.16777324676513672,0.15806154906749725,69433,55529,11.065943479537964,0.1,0.5,0.3,feature_pos_neg,0.1,0.5,False,0.7837744355201721,1.3601929538253898e-07,7.306306315513211e-07,5.946113219579274e-07,0.29999998211860657,0.3209572434425354,0.11585210082630551,,,,,,,,,,
Actor,feature_similar_cross_class,0.3,1,MCGC-cw3.0-lp0.1-ln0.5,mcgc,GCN,0.2835526315789474,0.16491222998611876,0.2923519736842105,0.0,0.0,0.0,0.2002506012990941,0.16777324676513672,0.15791748464107513,69433,55529,22.820825815200806,0.1,0.5,0.3,,0.1,0.5,,0.7837744355201721,,,,0.29726290702819824,0.42241641879081726,0.18974778414584742,3.0,"[0.3, 0.5, 0.7, 0.9]",200.0,mcgc,3.0,4.0,2.955078173272341e-07,0.8227896094322205,0.42992040514945984,0.5
Actor,feature_similar_cross_class,0.3,1,DegreeAwareRandom,degree_aware_random,GCN,0.2802631578947368,0.16043524555108052,0.28412828947368424,0.21419942384536753,0.28772937211334415,0.2455785212017899,0.3099678827070701,0.16777324676513672,0.1672893464565277,69433,47911,1.7587549686431885,,,,,,,,,,,,,,,,,,,,,,,,
Actor,feature_similar_cross_class,0.3,1,GCN-Jaccard,jaccard,GCN,0.2756578947368421,0.16835934140605174,0.2890625,0.0,0.0,0.0,0.2002506012990941,0.16777324676513672,0.1570170521736145,69433,55529,2.5262985229492188,,,,,,,,,,,,,,,,,,,,,,,,
Actor,feature_similar_cross_class,0.3,1,Random-Matched,random_matched,GCN,0.2789473684210526,0.1585975740648558,0.296875,0.22827963176064442,0.19810260891274498,0.21212323731871952,0.2002506012990941,0.16777324676513672,0.16861459612846375,69433,55529,7.23091197013855,,,,,,,,,,,,,,,,,,,,,,,,
Actor,feature_similar_cross_class,0.3,2,Feature-only,feature_only,GCN,0.26842105263157895,0.19846182166373033,0.2746710526315789,0.0,0.0,0.0,0.2002506012990941,0.16777324676513672,0.1570170521736145,69433,55529,3.8278021812438965,,,,,,,,,,,,,,,,,,,,,,,,
Actor,feature_similar_cross_class,0.3,2,GraGE-Hybrid-FO-posneg-lp0.1-ln0.5,hybrid_baseline,GCN,0.2638157894736842,0.220324729475556,0.2767269736842105,0.0,0.0,0.0,0.2002506012990941,0.16777324676513672,0.15834969282150269,69433,55529,5.7852864265441895,0.1,0.5,0.3,feature_pos_neg,0.1,0.5,False,0.7830454111099243,1.1347893291713262e-07,6.91780542183551e-07,5.783016945315467e-07,0.29999998211860657,0.3192581832408905,0.11579523381988474,,,,,,,,,,
Actor,feature_similar_cross_class,0.3,2,MCGC-cw3.0-lp0.1-ln0.5,mcgc,GCN,0.2657894736842105,0.16551572457434843,0.2816611842105263,0.0,0.0,0.0,0.2002506012990941,0.16777324676513672,0.15723316371440887,69433,55529,21.125577926635742,0.1,0.5,0.3,,0.1,0.5,,0.7830454111099243,,,,0.296364963054657,0.42481523752212524,0.1953877819525927,3.0,"[0.3, 0.5, 0.7, 0.9]",200.0,mcgc,3.0,4.0,2.0482207219174597e-07,0.8267610669136047,0.4344173073768616,0.5
Actor,feature_similar_cross_class,0.3,2,DegreeAwareRandom,degree_aware_random,GCN,0.2638157894736842,0.1503725753550771,0.28207236842105265,0.21496978149697815,0.2886031706403695,0.24640306938079506,0.30979505422493625,0.16777324676513672,0.16662146151065826,69433,47923,1.7589550018310547,,,,,,,,,,,,,,,,,,,,,,,,
Actor,feature_similar_cross_class,0.3,2,GCN-Jaccard,jaccard,GCN,0.2710526315789474,0.200440961501557,0.27508223684210525,0.0,0.0,0.0,0.2002506012990941,0.16777324676513672,0.1570170521736145,69433,55529,2.355287790298462,,,,,,,,,,,,,,,,,,,,,,,,
Actor,feature_similar_cross_class,0.3,2,Random-Matched,random_matched,GCN,0.2730263157894737,0.2115829102330838,0.27425986842105265,0.22554660529344073,0.1957308700536762,0.20958363964445634,0.2002506012990941,0.16777324676513672,0.16829043626785278,69433,55529,12.040053606033325,,,,,,,,,,,,,,,,,,,,,,,,
Actor,feature_similar_cross_class,0.3,3,Feature-only,feature_only,GCN,0.2894736842105263,0.20925055434003856,0.27754934210526316,0.0,0.0,0.0,0.2002506012990941,0.16777324676513672,0.1570170521736145,69433,55529,7.221867561340332,,,,,,,,,,,,,,,,,,,,,,,,
Actor,feature_similar_cross_class,0.3,3,GraGE-Hybrid-FO-posneg-lp0.1-ln0.5,hybrid_baseline,GCN,0.2789473684210526,0.20350369184642303,0.2878289473684211,0.0,0.0,0.0,0.2002506012990941,0.16777324676513672,0.15831367671489716,69433,55529,13.274353981018066,0.1,0.5,0.3,feature_pos_neg,0.1,0.5,False,0.7828499674797058,7.739980389942502e-08,5.483817631102283e-07,4.7098200184336747e-07,0.30000001192092896,0.31732404232025146,0.12201417103270089,,,,,,,,,,
Actor,feature_similar_cross_class,0.3,3,MCGC-cw3.0-lp0.1-ln0.5,mcgc,GCN,0.27039473684210524,0.13937698444118926,0.2808388157894737,0.0,0.0,0.0,0.2002506012990941,0.16777324676513672,0.1562967151403427,69433,55529,11.876395225524902,0.1,0.5,0.3,,0.1,0.5,,0.7828499674797058,,,,0.2966034710407257,0.42459383606910706,0.1963430971784899,3.0,"[0.3, 0.5, 0.7, 0.9]",200.0,mcgc,3.0,4.0,3.0802402761764824e-07,0.8191385865211487,0.4201500415802002,0.5
Actor,feature_similar_cross_class,0.3,3,DegreeAwareRandom,degree_aware_random,GCN,0.2888157894736842,0.18517819181545964,0.27631578947368424,0.21070203097468237,0.2836100362002247,0.24177929126316908,0.31060158714156094,0.16777324676513672,0.16806985437870026,69433,47867,1.9110219478607178,,,,,,,,,,,,,,,,,,,,,,,,
Actor,feature_similar_cross_class,0.3,3,GCN-Jaccard,jaccard,GCN,0.2894736842105263,0.20954228699229666,0.2791940789473684,0.0,0.0,0.0,0.2002506012990941,0.16777324676513672,0.1570170521736145,69433,55529,2.4011001586914062,,,,,,,,,,,,,,,,,,,,,,,,
Actor,feature_similar_cross_class,0.3,3,Random-Matched,random_matched,GCN,0.28157894736842104,0.16948206599713056,0.26973684210526316,0.2277042577675489,0.19760329546873048,0.21158858517676937,0.2002506012990941,0.16777324676513672,0.16926290094852448,69433,55529,11.135230541229248,,,,,,,,,,,,,,,,,,,,,,,,
Actor,feature_similar_cross_class,0.3,4,Feature-only,feature_only,GCN,0.2789473684210526,0.18386305298745717,0.2915296052631579,0.0,0.0,0.0,0.2002506012990941,0.16777324676513672,0.1570170521736145,69433,55529,10.71114206314087,,,,,,,,,,,,,,,,,,,,,,,,
Actor,feature_similar_cross_class,0.3,4,GraGE-Hybrid-FO-posneg-lp0.1-ln0.5,hybrid_baseline,GCN,0.27828947368421053,0.19417774434126178,0.29399671052631576,0.0,0.0,0.0,0.2002506012990941,0.16777324676513672,0.15863782167434692,69433,55529,20.87908625602722,0.1,0.5,0.3,feature_pos_neg,0.1,0.5,False,0.7827466726303101,2.08932220857605e-07,1.0809886816787184e-06,8.72056432399404e-07,0.29999998211860657,0.319099098443985,0.11545127396993576,,,,,,,,,,
Actor,feature_similar_cross_class,0.3,4,MCGC-cw3.0-lp0.1-ln0.5,mcgc,GCN,0.2730263157894737,0.20033413160125782,0.28618421052631576,0.0,0.0,0.0,0.2002506012990941,0.16777324676513672,0.15557636320590973,69433,55529,20.414732456207275,0.1,0.5,0.3,,0.1,0.5,,0.7827466726303101,,,,0.29280078411102295,0.42714592814445496,0.19850885089544537,3.0,"[0.3, 0.5, 0.7, 0.9]",200.0,mcgc,3.0,4.0,1.3338473081603297e-07,0.804599404335022,0.409930020570755,0.5
Actor,feature_similar_cross_class,0.3,4,DegreeAwareRandom,degree_aware_random,GCN,0.2723684210526316,0.18058773254420474,0.28125,0.20653387937453463,0.27699413306703285,0.23663023193814983,0.30947820200769083,0.16777324676513672,0.16508500277996063,69433,47945,2.096449613571167,,,,,,,,,,,,,,,,,,,,,,,,
Actor,feature_similar_cross_class,0.3,4,GCN-Jaccard,jaccard,GCN,0.2789473684210526,0.1840768117287553,0.2923519736842105,0.0,0.0,0.0,0.2002506012990941,0.16777324676513672,0.1570170521736145,69433,55529,2.4735631942749023,,,,,,,,,,,,,,,,,,,,,,,,
Actor,feature_similar_cross_class,0.3,4,Random-Matched,random_matched,GCN,0.2631578947368421,0.1986619144659977,0.28412828947368424,0.2304372842347526,0.19997503432779928,0.21412818285103252,0.2002506012990941,0.16777324676513672,0.1673179715871811,69433,55529,13.556757688522339,,,,,,,,,,,,,,,,,,,,,,,,
Actor,degree_aligned_random,0.3,0,Feature-only,feature_only,GCN,0.29078947368421054,0.19455499250106328,0.296875,0.0,0.0,0.0,0.2002506012990941,0.21705816686153412,0.21864251792430878,69433,55529,3.4590773582458496,,,,,,,,,,,,,,,,,,,,,,,,
Actor,degree_aligned_random,0.3,0,GraGE-Hybrid-FO-posneg-lp0.1-ln0.5,hybrid_baseline,GCN,0.2736842105263158,0.18184520268107493,0.28741776315789475,0.48130034522439585,0.4176756959181126,0.44723651674129516,0.2002506012990941,0.21705816686153412,0.21932683885097504,69433,55529,9.861295700073242,0.1,0.5,0.3,feature_pos_neg,0.1,0.5,False,0.8382583260536194,8.099454618104573e-08,5.166337473383464e-07,4.356392366844375e-07,0.29999998211860657,0.30203086137771606,0.5628357014609395,,,,,,,,,,
Actor,degree_aligned_random,0.3,0,MCGC-cw3.0-lp0.1-ln0.5,mcgc,GCN,0.28289473684210525,0.1849575971477529,0.29317434210526316,0.31789413118527043,0.27587067781800023,0.2953953084274544,0.2002506012990941,0.21705816686153412,0.21921879053115845,69433,55529,22.999629497528076,0.1,0.5,0.3,,0.1,0.5,,0.8382583260536194,,,,0.29531481862068176,0.41128942370414734,0.5241979757939926,3.0,"[0.3, 0.5, 0.7, 0.9]",200.0,mcgc,3.0,4.0,8.899336307877093e-07,0.8176011443138123,0.42281001806259155,0.5
Actor,degree_aligned_random,0.3,0,DegreeAwareRandom,degree_aware_random,GCN,0.2723684210526316,0.22715376231632883,0.2857730263157895,0.23390518354547132,0.3165647235051804,0.2690288017822097,0.31230106721587714,0.21705816686153412,0.2186642736196518,69433,47749,1.771880865097046,,,,,,,,,,,,,,,,,,,,,,,,
Actor,degree_aligned_random,0.3,0,GCN-Jaccard,jaccard,GCN,0.2914473684210526,0.19279684137119119,0.29605263157894735,0.0,0.0,0.0,0.2002506012990941,0.21705816686153412,0.21864251792430878,69433,55529,2.2257165908813477,,,,,,,,,,,,,,,,,,,,,,,,
Actor,degree_aligned_random,0.3,0,Random-Matched,random_matched,GCN,0.2769736842105263,0.16932897247340511,0.2964638157894737,0.23000575373993096,0.19960054924478843,0.21372719374456994,0.2002506012990941,0.21705816686153412,0.21648147702217102,69433,55529,11.174152374267578,,,,,,,,,,,,,,,,,,,,,,,,
Actor,degree_aligned_random,0.3,1,Feature-only,feature_only,GCN,0.29473684210526313,0.17963786956492492,0.3067434210526316,0.0,0.0,0.0,0.2002506012990941,0.21584837138652802,0.21712978184223175,69433,55529,9.246175527572632,,,,,,,,,,,,,,,,,,,,,,,,
Actor,degree_aligned_random,0.3,1,GraGE-Hybrid-FO-posneg-lp0.1-ln0.5,hybrid_baseline,GCN,0.2967105263157895,0.23336693391875496,0.3050986842105263,0.4687859608745685,0.40681562851079767,0.4356078326538796,0.2002506012990941,0.21584837138652802,0.22109168767929077,69433,55529,5.9984822273254395,0.1,0.5,0.3,feature_pos_neg,0.1,0.5,False,0.8381195068359375,2.0396262812028e-07,7.40718519409711e-07,5.367558628677216e-07,0.30000001192092896,0.30144402384757996,0.5517274543967193,,,,,,,,,,
Actor,degree_aligned_random,0.3,1,MCGC-cw3.0-lp0.1-ln0.5,mcgc,GCN,0.29473684210526313,0.17879057965970144,0.3067434210526316,0.31055811277330264,0.2695044314068156,0.28857849361759,0.2002506012990941,0.21584837138652802,0.2186785340309143,69433,55529,17.020041704177856,0.1,0.5,0.3,,0.1,0.5,,0.8381195068359375,,,,0.2992743253707886,0.40624257922172546,0.5172870592893768,3.0,"[0.3, 0.5, 0.7, 0.9]",200.0,mcgc,3.0,4.0,1.1022854096154333e-06,0.8286333680152893,0.44449982047080994,0.5
Actor,degree_aligned_random,0.3,1,DegreeAwareRandom,degree_aware_random,GCN,0.27171052631578946,0.1890852866042832,0.31085526315789475,0.23343178881299612,0.31569092497815504,0.26840010612894666,0.31207062923969875,0.21584837138652802,0.2164136916399002,69433,47765,1.9184141159057617,,,,,,,,,,,,,,,,,,,,,,,,
Actor,degree_aligned_random,0.3,1,GCN-Jaccard,jaccard,GCN,0.29605263157894735,0.18053304139917367,0.30633223684210525,0.0,0.0,0.0,0.2002506012990941,0.21584837138652802,0.21712978184223175,69433,55529,2.3860127925872803,,,,,,,,,,,,,,,,,,,,,,,,
Actor,degree_aligned_random,0.3,1,Random-Matched,random_matched,GCN,0.2967105263157895,0.1785658035759314,0.30838815789473684,0.22827963176064442,0.19810260891274498,0.21212323731871952,0.2002506012990941,0.21584837138652802,0.2174539417028427,69433,55529,3.3975565433502197,,,,,,,,,,,,,,,,,,,,,,,,
Actor,degree_aligned_random,0.3,2,Feature-only,feature_only,GCN,0.29605263157894735,0.2344514904218002,0.296875,0.0,0.0,0.0,0.2002506012990941,0.2174326330423355,0.21911072731018066,69433,55529,3.2883424758911133,,,,,,,,,,,,,,,,,,,,,,,,
Actor,degree_aligned_random,0.3,2,GraGE-Hybrid-FO-posneg-lp0.1-ln0.5,hybrid_baseline,GCN,0.28618421052631576,0.21693333894467665,0.30633223684210525,0.49841772151898733,0.43253027087754337,0.46314241796431194,0.2002506012990941,0.2174326330423355,0.22058744728565216,69433,55529,10.203017711639404,0.1,0.5,0.3,feature_pos_neg,0.1,0.5,False,0.840247392654419,3.0533095696227974e-07,9.802548674997524e-07,6.749239105374727e-07,0.30000001192092896,0.29946112632751465,0.5721403749105807,,,,,,,,,,
Actor,degree_aligned_random,0.3,2,MCGC-cw3.0-lp0.1-ln0.5,mcgc,GCN,0.2993421052631579,0.2212631418630549,0.2956414473684211,0.32609321058688145,0.2829858943952066,0.30301410145024393,0.2002506012990941,0.2174326330423355,0.21828234195709229,69433,55529,29.55324125289917,0.1,0.5,0.3,,0.1,0.5,,0.840247392654419,,,,0.2958430349826813,0.4079744815826416,0.5287848518915388,3.0,"[0.3, 0.5, 0.7, 0.9]",200.0,mcgc,3.0,4.0,8.847947015055979e-07,0.840770959854126,0.4570310711860657,0.5
Actor,degree_aligned_random,0.3,2,DegreeAwareRandom,degree_aware_random,GCN,0.26907894736842103,0.19811889262568622,0.2956414473684211,0.24061952613625887,0.32580202221944826,0.27680559974546615,0.3124450909509887,0.2174326330423355,0.2160288244485855,69433,47739,1.7798848152160645,,,,,,,,,,,,,,,,,,,,,,,,
Actor,degree_aligned_random,0.3,2,GCN-Jaccard,jaccard,GCN,0.2986842105263158,0.2377856453593868,0.2993421052631579,0.0,0.0,0.0,0.2002506012990941,0.2174326330423355,0.21911072731018066,69433,55529,2.2540338039398193,,,,,,,,,,,,,,,,,,,,,,,,
Actor,degree_aligned_random,0.3,2,Random-Matched,random_matched,GCN,0.3046052631578947,0.23512837524883778,0.2989309210526316,0.22554660529344073,0.1957308700536762,0.20958363964445634,0.2002506012990941,0.2174326330423355,0.2186785340309143,69433,55529,3.32975697517395,,,,,,,,,,,,,,,,,,,,,,,,
Actor,degree_aligned_random,0.3,3,Feature-only,feature_only,GCN,0.2980263157894737,0.24187062377640842,0.30838815789473684,0.0,0.0,0.0,0.2002506012990941,0.21797992289066315,0.21979506313800812,69433,55529,3.4669790267944336,,,,,,,,,,,,,,,,,,,,,,,,
Actor,degree_aligned_random,0.3,3,GraGE-Hybrid-FO-posneg-lp0.1-ln0.5,hybrid_baseline,GCN,0.2894736842105263,0.228740508934345,0.30879934210526316,0.4755466052934407,0.4126825614779678,0.44188999532179374,0.2002506012990941,0.21797992289066315,0.2217399924993515,69433,55529,9.724365234375,0.1,0.5,0.3,feature_pos_neg,0.1,0.5,False,0.8387483358383179,4.3192252974222356e-07,1.2831583262595814e-06,8.512357680956484e-07,0.29999998211860657,0.29945409297943115,0.5565926147011342,,,,,,,,,,
Actor,degree_aligned_random,0.3,3,MCGC-cw3.0-lp0.1-ln0.5,mcgc,GCN,0.2894736842105263,0.22301594657821924,0.3013980263157895,0.31314729574223243,0.2717513419048808,0.2909844282563657,0.2002506012990941,0.21797992289066315,0.22130778431892395,69433,55529,27.42797088623047,0.1,0.5,0.3,,0.1,0.5,,0.8387483358383179,,,,0.2998890280723572,0.4064287841320038,0.519489185734465,3.0,"[0.3, 0.5, 0.7, 0.9]",200.0,mcgc,3.0,4.0,7.542962521256413e-07,0.831182599067688,0.44210949540138245,0.5000000596046448
Actor,degree_aligned_random,0.3,3,DegreeAwareRandom,degree_aware_random,GCN,0.29276315789473684,0.24170359023210644,0.30386513157894735,0.23566761755774362,0.3196854325302709,0.27132111452484375,0.3130211858914349,0.21797992289066315,0.21830646693706512,69433,47699,1.9065284729003906,,,,,,,,,,,,,,,,,,,,,,,,
Actor,degree_aligned_random,0.3,3,GCN-Jaccard,jaccard,GCN,0.2967105263157895,0.2412435837693418,0.3067434210526316,0.0,0.0,0.0,0.2002506012990941,0.21797992289066315,0.21979506313800812,69433,55529,2.41283917427063,,,,,,,,,,,,,,,,,,,,,,,,
Actor,degree_aligned_random,0.3,3,Random-Matched,random_matched,GCN,0.27828947368421053,0.22559532774424196,0.3129111842105263,0.2277042577675489,0.19760329546873048,0.21158858517676937,0.2002506012990941,0.21797992289066315,0.22011922299861908,69433,55529,5.0272135734558105,,,,,,,,,,,,,,,,,,,,,,,,
Actor,degree_aligned_random,0.3,4,Feature-only,feature_only,GCN,0.29210526315789476,0.23512344838809085,0.2911184210526316,0.0,0.0,0.0,0.2002506012990941,0.21668370068073273,0.2181742936372757,69433,55529,11.22278881072998,,,,,,,,,,,,,,,,,,,,,,,,
Actor,degree_aligned_random,0.3,4,GraGE-Hybrid-FO-posneg-lp0.1-ln0.5,hybrid_baseline,GCN,0.275,0.23011638018218306,0.3112664473684211,0.4723820483314154,0.40993633753588815,0.4389494085410679,0.2002506012990941,0.21668370068073273,0.21860648691654205,69433,55529,14.0582914352417,0.1,0.5,0.3,feature_pos_neg,0.1,0.5,False,0.8383178114891052,1.7841242083704856e-07,6.927398885636649e-07,5.143274961483257e-07,0.29999998211860657,0.30019667744636536,0.5533715937911765,,,,,,,,,,
Actor,degree_aligned_random,0.3,4,MCGC-cw3.0-lp0.1-ln0.5,mcgc,GCN,0.25921052631578945,0.2004456699124919,0.30304276315789475,0.32235327963176064,0.2797403570091125,0.299538862527568,0.2002506012990941,0.21668370068073273,0.21885861456394196,69433,55529,9.398569583892822,0.1,0.5,0.3,,0.1,0.5,,0.8383178114891052,,,,0.29243919253349304,0.41247469186782837,0.52718146032944,3.0,"[0.3, 0.5, 0.7, 0.9]",200.0,mcgc,3.0,4.0,8.873614092408388e-07,0.8084267973899841,0.4143744111061096,0.5
Actor,degree_aligned_random,0.3,4,DegreeAwareRandom,degree_aware_random,GCN,0.275,0.207167844649104,0.2981085526315789,0.23152483246121364,0.3148171264511297,0.2668218366483284,0.31377010931401494,0.21668370068073273,0.21825088560581207,69433,47647,1.8004517555236816,,,,,,,,,,,,,,,,,,,,,,,,
Actor,degree_aligned_random,0.3,4,GCN-Jaccard,jaccard,GCN,0.2901315789473684,0.23244527019984332,0.29317434210526316,0.0,0.0,0.0,0.2002506012990941,0.21668370068073273,0.2181742936372757,69433,55529,2.299494981765747,,,,,,,,,,,,,,,,,,,,,,,,
Actor,degree_aligned_random,0.3,4,Random-Matched,random_matched,GCN,0.2644736842105263,0.21412315814259011,0.29276315789473684,0.2304372842347526,0.19997503432779928,0.21412818285103252,0.2002506012990941,0.21668370068073273,0.21662554144859314,69433,55529,3.313632011413574,,,,,,,,,,,,,,,,,,,,,,,,
