dataset,noise_type,noise_ratio,seed,method,method_type,downstream_model,test_acc,test_f1,val_acc,bad_edge_precision,bad_edge_recall,bad_edge_f1,actual_prune_ratio,edge_homophily_before,edge_homophily_after,num_edges_before,num_edges_after,runtime,hp_lambda_pos,hp_lambda_neg,hp_score_ratio,hp_consistency_weight,hp_checkpoint_fractions,hp_total_epochs
Cora,feature_similar_cross_class,0.3,0,Feature-only,feature_only,GCN,0.61,0.5801098131124263,0.596,0.08819241982507289,0.0764371446620341,0.08189509306260574,0.19997084973036006,0.6230869889259338,0.6068500280380249,13722,10978,1.2074756622314453,,,,,,
Cora,feature_similar_cross_class,0.3,0,GraGE-Hybrid-FO-posneg-lp0.1-ln0.5,hybrid_baseline,GCN,0.607,0.5739480909460187,0.584,0.0,0.0,0.0,0.19997084973036006,0.6230869889259338,0.591728925704956,13722,10978,1.5340220928192139,0.1,0.5,0.3,,,
Cora,feature_similar_cross_class,0.3,0,MCGC-cw3.0-lp0.1-ln0.5,mcgc,GCN,0.617,0.59918459048917,0.606,0.14358600583090378,0.1244472520530638,0.13333333333333333,0.19997084973036006,0.6230869889259338,0.6225177645683289,13722,10978,2.1435863971710205,0.1,0.5,0.3,3.0,"[0.3, 0.5, 0.7, 0.9]",200.0
Cora,feature_similar_cross_class,0.3,0,Random-Matched,random_matched,GCN,0.653,0.6315980738675152,0.638,0.22667638483965014,0.19646241313960833,0.2104906937394247,0.19997084973036006,0.6230869889259338,0.6259792447090149,13722,10978,0.7715353965759277,,,,,,
Cora,feature_similar_cross_class,0.3,1,Feature-only,feature_only,GCN,0.597,0.5815039390110296,0.6,0.08819241982507289,0.0764371446620341,0.08189509306260574,0.19997084973036006,0.6230869889259338,0.6068500280380249,13722,10978,0.7858474254608154,,,,,,
Cora,feature_similar_cross_class,0.3,1,GraGE-Hybrid-FO-posneg-lp0.1-ln0.5,hybrid_baseline,GCN,0.613,0.5921949909560572,0.578,0.0007288629737609329,0.0006317119393556538,0.0006768189509306261,0.19997084973036006,0.6230869889259338,0.5911823511123657,13722,10978,1.3521912097930908,0.1,0.5,0.3,,,
Cora,feature_similar_cross_class,0.3,1,MCGC-cw3.0-lp0.1-ln0.5,mcgc,GCN,0.62,0.6178195940809532,0.608,0.1552478134110787,0.13455464308275428,0.1441624365482234,0.19997084973036006,0.6230869889259338,0.6257970333099365,13722,10978,2.2920169830322266,0.1,0.5,0.3,3.0,"[0.3, 0.5, 0.7, 0.9]",200.0
Cora,feature_similar_cross_class,0.3,1,Random-Matched,random_matched,GCN,0.665,0.656838535523365,0.684,0.2434402332361516,0.21099178774478838,0.22605752961082912,0.19997084973036006,0.6230869889259338,0.6257970333099365,13722,10978,0.9624366760253906,,,,,,
Cora,feature_similar_cross_class,0.3,2,Feature-only,feature_only,GCN,0.586,0.5756273644917492,0.568,0.08965014577259475,0.07770056854074542,0.083248730964467,0.19997084973036006,0.6230869889259338,0.6072143912315369,13722,10978,0.8253886699676514,,,,,,
Cora,feature_similar_cross_class,0.3,2,GraGE-Hybrid-FO-posneg-lp0.1-ln0.5,hybrid_baseline,GCN,0.587,0.5830842594166238,0.564,0.0,0.0,0.0,0.19997084973036006,0.6230869889259338,0.5900892615318298,13722,10978,2.417924165725708,0.1,0.5,0.3,,,
Cora,feature_similar_cross_class,0.3,2,MCGC-cw3.0-lp0.1-ln0.5,mcgc,GCN,0.619,0.6165448745257878,0.588,0.15160349854227406,0.131396083385976,0.14077834179357024,0.19997084973036006,0.6230869889259338,0.6236108541488647,13722,10978,7.9714741706848145,0.1,0.5,0.3,3.0,"[0.3, 0.5, 0.7, 0.9]",200.0
Cora,feature_similar_cross_class,0.3,2,Random-Matched,random_matched,GCN,0.634,0.6244265554202667,0.628,0.22813411078717202,0.19772583701831964,0.21184433164128597,0.19997084973036006,0.6230869889259338,0.6236108541488647,13722,10978,0.8695142269134521,,,,,,
Cora,feature_similar_cross_class,0.3,3,Feature-only,feature_only,GCN,0.59,0.5757965923352105,0.566,0.08454810495626822,0.07327858496525584,0.07851099830795262,0.19997084973036006,0.6230869889259338,0.6063035130500793,13722,10978,2.5314671993255615,,,,,,
Cora,feature_similar_cross_class,0.3,3,GraGE-Hybrid-FO-posneg-lp0.1-ln0.5,hybrid_baseline,GCN,0.601,0.5940189512736814,0.574,0.0,0.0,0.0,0.19997084973036006,0.6230869889259338,0.5922754406929016,13722,10978,4.972275972366333,0.1,0.5,0.3,,,
Cora,feature_similar_cross_class,0.3,3,MCGC-cw3.0-lp0.1-ln0.5,mcgc,GCN,0.631,0.6269716876395824,0.602,0.16472303206997085,0.14276689829437778,0.1529610829103215,0.19997084973036006,0.6230869889259338,0.6254326701164246,13722,10978,4.642319440841675,0.1,0.5,0.3,3.0,"[0.3, 0.5, 0.7, 0.9]",200.0
Cora,feature_similar_cross_class,0.3,3,Random-Matched,random_matched,GCN,0.672,0.651996638927779,0.642,0.2259475218658892,0.19583070120025267,0.2098138747884941,0.19997084973036006,0.6230869889259338,0.6237930059432983,13722,10978,2.7165324687957764,,,,,,
Cora,feature_similar_cross_class,0.3,4,Feature-only,feature_only,GCN,0.625,0.6140027954420869,0.578,0.08454810495626822,0.07327858496525584,0.07851099830795262,0.19997084973036006,0.6230869889259338,0.6063035130500793,13722,10978,0.806365966796875,,,,,,
Cora,feature_similar_cross_class,0.3,4,GraGE-Hybrid-FO-posneg-lp0.1-ln0.5,hybrid_baseline,GCN,0.607,0.5921685368632313,0.574,0.0,0.0,0.0,0.19997084973036006,0.6230869889259338,0.5931863784790039,13722,10978,1.3432071208953857,0.1,0.5,0.3,,,
Cora,feature_similar_cross_class,0.3,4,MCGC-cw3.0-lp0.1-ln0.5,mcgc,GCN,0.629,0.6163285805310165,0.59,0.14212827988338192,0.1231838281743525,0.1319796954314721,0.19997084973036006,0.6230869889259338,0.6203315854072571,13722,10978,4.886300563812256,0.1,0.5,0.3,3.0,"[0.3, 0.5, 0.7, 0.9]",200.0
Cora,feature_similar_cross_class,0.3,4,Random-Matched,random_matched,GCN,0.645,0.6324373052137863,0.642,0.22157434402332363,0.19204042956411876,0.20575296108291033,0.19997084973036006,0.6230869889259338,0.6232464909553528,13722,10978,2.726912260055542,,,,,,
Cora,low_feature_similarity,0.3,0,Feature-only,feature_only,GCN,0.714,0.7048652733178803,0.674,0.5830903790087464,0.505369551484523,0.5414551607445008,0.19997084973036006,0.6563183069229126,0.7176170349121094,13722,10978,0.7901556491851807,,,,,,
Cora,low_feature_similarity,0.3,0,GraGE-Hybrid-FO-posneg-lp0.1-ln0.5,hybrid_baseline,GCN,0.747,0.7355172294013437,0.712,0.6479591836734694,0.5615919140871762,0.6016920473773265,0.19997084973036006,0.6563183069229126,0.7363818287849426,13722,10978,1.3641934394836426,0.1,0.5,0.3,,,
Cora,low_feature_similarity,0.3,0,MCGC-cw3.0-lp0.1-ln0.5,mcgc,GCN,0.735,0.7232173193861369,0.722,0.5728862973760933,0.4965255843335439,0.531979695431472,0.19997084973036006,0.6563183069229126,0.7236290574073792,13722,10978,7.624701261520386,0.1,0.5,0.3,3.0,"[0.3, 0.5, 0.7, 0.9]",200.0
Cora,low_feature_similarity,0.3,0,Random-Matched,random_matched,GCN,0.704,0.6881038120464277,0.68,0.22667638483965014,0.19646241313960833,0.2104906937394247,0.19997084973036006,0.6563183069229126,0.6609582901000977,13722,10978,2.866279363632202,,,,,,
Cora,low_feature_similarity,0.3,1,Feature-only,feature_only,GCN,0.713,0.7073108207082439,0.676,0.5830903790087464,0.505369551484523,0.5414551607445008,0.19997084973036006,0.6542778015136719,0.7187101244926453,13722,10978,0.8099997043609619,,,,,,
Cora,low_feature_similarity,0.3,1,GraGE-Hybrid-FO-posneg-lp0.1-ln0.5,hybrid_baseline,GCN,0.732,0.7297619893594656,0.692,0.6603498542274052,0.5723310170562224,0.6131979695431471,0.19997084973036006,0.6542778015136719,0.7325559854507446,13722,10978,2.413545846939087,0.1,0.5,0.3,,,
Cora,low_feature_similarity,0.3,1,MCGC-cw3.0-lp0.1-ln0.5,mcgc,GCN,0.706,0.7006109208697033,0.678,0.5626822157434402,0.48768161718256475,0.5225042301184433,0.19997084973036006,0.6542778015136719,0.7196210622787476,13722,10978,6.423759460449219,0.1,0.5,0.3,3.0,"[0.3, 0.5, 0.7, 0.9]",200.0
Cora,low_feature_similarity,0.3,1,Random-Matched,random_matched,GCN,0.675,0.6695966481565641,0.686,0.2434402332361516,0.21099178774478838,0.22605752961082912,0.19997084973036006,0.6542778015136719,0.6584076881408691,13722,10978,1.2013709545135498,,,,,,
Cora,low_feature_similarity,0.3,2,Feature-only,feature_only,GCN,0.692,0.6894321659819058,0.68,0.5830903790087464,0.505369551484523,0.5414551607445008,0.19997084973036006,0.6561725735664368,0.720896303653717,13722,10978,1.1581666469573975,,,,,,
Cora,low_feature_similarity,0.3,2,GraGE-Hybrid-FO-posneg-lp0.1-ln0.5,hybrid_baseline,GCN,0.724,0.7193399385426824,0.69,0.6224489795918368,0.5394819962097284,0.5780033840947546,0.19997084973036006,0.6561725735664368,0.7296410799026489,13722,10978,7.887321710586548,0.1,0.5,0.3,,,
Cora,low_feature_similarity,0.3,2,MCGC-cw3.0-lp0.1-ln0.5,mcgc,GCN,0.733,0.7372688378262409,0.682,0.5080174927113703,0.4403032217308907,0.4717428087986464,0.19997084973036006,0.6561725735664368,0.7097831964492798,13722,10978,12.096096277236938,0.1,0.5,0.3,3.0,"[0.3, 0.5, 0.7, 0.9]",200.0
Cora,low_feature_similarity,0.3,2,Random-Matched,random_matched,GCN,0.68,0.679527158577396,0.66,0.22813411078717202,0.19772583701831964,0.21184433164128597,0.19997084973036006,0.6561725735664368,0.6576789617538452,13722,10978,4.34765100479126,,,,,,
Cora,low_feature_similarity,0.3,3,Feature-only,feature_only,GCN,0.711,0.7046041161883496,0.7,0.5830903790087464,0.505369551484523,0.5414551607445008,0.19997084973036006,0.6574842929840088,0.7238112688064575,13722,10978,4.022340297698975,,,,,,
Cora,low_feature_similarity,0.3,3,GraGE-Hybrid-FO-posneg-lp0.1-ln0.5,hybrid_baseline,GCN,0.706,0.6976879747173658,0.666,0.6341107871720116,0.5495893872394189,0.5888324873096447,0.19997084973036006,0.6574842929840088,0.7280014157295227,13722,10978,7.107192039489746,0.1,0.5,0.3,,,
Cora,low_feature_similarity,0.3,3,MCGC-cw3.0-lp0.1-ln0.5,mcgc,GCN,0.719,0.7151327421368846,0.702,0.5502915451895044,0.47694251421351863,0.5109983079526228,0.19997084973036006,0.6574842929840088,0.7201675772666931,13722,10978,6.936635255813599,0.1,0.5,0.3,3.0,"[0.3, 0.5, 0.7, 0.9]",200.0
Cora,low_feature_similarity,0.3,3,Random-Matched,random_matched,GCN,0.695,0.6802947411741337,0.672,0.2259475218658892,0.19583070120025267,0.2098138747884941,0.19997084973036006,0.6574842929840088,0.6582255363464355,13722,10978,2.840873956680298,,,,,,
Cora,low_feature_similarity,0.3,4,Feature-only,feature_only,GCN,0.731,0.7173358172289266,0.716,0.5830903790087464,0.505369551484523,0.5414551607445008,0.19997084973036006,0.6570470333099365,0.7229003310203552,13722,10978,0.7996759414672852,,,,,,
Cora,low_feature_similarity,0.3,4,GraGE-Hybrid-FO-posneg-lp0.1-ln0.5,hybrid_baseline,GCN,0.737,0.7287705665484817,0.692,0.5932944606413995,0.5142135186355022,0.5509306260575295,0.19997084973036006,0.6570470333099365,0.721260666847229,13722,10978,3.2584543228149414,0.1,0.5,0.3,,,
Cora,low_feature_similarity,0.3,4,MCGC-cw3.0-lp0.1-ln0.5,mcgc,GCN,0.728,0.7168327974102308,0.688,0.5466472303206997,0.4737839545167404,0.5076142131979695,0.19997084973036006,0.6570470333099365,0.7194388508796692,13722,10978,7.309364080429077,0.1,0.5,0.3,3.0,"[0.3, 0.5, 0.7, 0.9]",200.0
Cora,low_feature_similarity,0.3,4,Random-Matched,random_matched,GCN,0.694,0.6807767487226607,0.68,0.22157434402332363,0.19204042956411876,0.20575296108291033,0.19997084973036006,0.6570470333099365,0.6573145985603333,13722,10978,0.786205530166626,,,,,,
Cora,degree_aligned_random,0.3,0,Feature-only,feature_only,GCN,0.741,0.7248977577004878,0.714,0.5036443148688047,0.43651295009475677,0.46768189509306257,0.19997084973036006,0.6621483564376831,0.7172526717185974,13722,10978,0.8083558082580566,,,,,,
Cora,degree_aligned_random,0.3,0,GraGE-Hybrid-FO-posneg-lp0.1-ln0.5,hybrid_baseline,GCN,0.722,0.7182669819454796,0.7,0.4139941690962099,0.35881238155401135,0.3844331641285956,0.19997084973036006,0.6621483564376831,0.7050464153289795,13722,10978,1.978233814239502,0.1,0.5,0.3,,,
Cora,degree_aligned_random,0.3,0,MCGC-cw3.0-lp0.1-ln0.5,mcgc,GCN,0.713,0.7055850503711956,0.686,0.3819241982507289,0.3310170562223626,0.35465313028764806,0.19997084973036006,0.6621483564376831,0.6972125768661499,13722,10978,8.414196729660034,0.1,0.5,0.3,3.0,"[0.3, 0.5, 0.7, 0.9]",200.0
Cora,degree_aligned_random,0.3,0,Random-Matched,random_matched,GCN,0.698,0.6959302804763497,0.688,0.22667638483965014,0.19646241313960833,0.2104906937394247,0.19997084973036006,0.6621483564376831,0.664055347442627,13722,10978,0.9591777324676514,,,,,,
Cora,degree_aligned_random,0.3,1,Feature-only,feature_only,GCN,0.722,0.7125468491257416,0.694,0.5043731778425656,0.43714466203411245,0.4683587140439932,0.19997084973036006,0.660399317741394,0.7161595821380615,13722,10978,0.7844316959381104,,,,,,
Cora,degree_aligned_random,0.3,1,GraGE-Hybrid-FO-posneg-lp0.1-ln0.5,hybrid_baseline,GCN,0.72,0.7097739480548465,0.692,0.4074344023323615,0.3531269740998105,0.37834179357021996,0.19997084973036006,0.660399317741394,0.6992166042327881,13722,10978,1.8442559242248535,0.1,0.5,0.3,,,
Cora,degree_aligned_random,0.3,1,MCGC-cw3.0-lp0.1-ln0.5,mcgc,GCN,0.724,0.7168060281990261,0.712,0.3680758017492711,0.31901452937460517,0.34179357021996615,0.19997084973036006,0.660399317741394,0.6953907608985901,13722,10978,2.174501895904541,0.1,0.5,0.3,3.0,"[0.3, 0.5, 0.7, 0.9]",200.0
Cora,degree_aligned_random,0.3,1,Random-Matched,random_matched,GCN,0.711,0.6997735357897651,0.726,0.2434402332361516,0.21099178774478838,0.22605752961082912,0.19997084973036006,0.660399317741394,0.663690984249115,13722,10978,1.0311739444732666,,,,,,
Cora,degree_aligned_random,0.3,2,Feature-only,feature_only,GCN,0.711,0.7021832770940053,0.684,0.4912536443148688,0.4257738471257107,0.45617597292724194,0.19997084973036006,0.662877082824707,0.7172526717185974,13722,10978,0.7439649105072021,,,,,,
Cora,degree_aligned_random,0.3,2,GraGE-Hybrid-FO-posneg-lp0.1-ln0.5,hybrid_baseline,GCN,0.717,0.7111655791981137,0.686,0.3782798833819242,0.32785849652558435,0.35126903553299493,0.19997084973036006,0.662877082824707,0.7014027833938599,13722,10978,1.2142689228057861,0.1,0.5,0.3,,,
Cora,degree_aligned_random,0.3,2,MCGC-cw3.0-lp0.1-ln0.5,mcgc,GCN,0.724,0.7148287429111233,0.684,0.35932944606413997,0.31143398610233736,0.3336717428087987,0.19997084973036006,0.662877082824707,0.6959373354911804,13722,10978,2.111882448196411,0.1,0.5,0.3,3.0,"[0.3, 0.5, 0.7, 0.9]",200.0
Cora,degree_aligned_random,0.3,2,Random-Matched,random_matched,GCN,0.712,0.7069349964368461,0.716,0.22813411078717202,0.19772583701831964,0.21184433164128597,0.19997084973036006,0.662877082824707,0.6649662852287292,13722,10978,0.7656691074371338,,,,,,
Cora,degree_aligned_random,0.3,3,Feature-only,feature_only,GCN,0.747,0.7362685402037128,0.704,0.5116618075801749,0.443461781427669,0.47512690355329945,0.19997084973036006,0.6606908440589905,0.7176170349121094,13722,10978,0.7650587558746338,,,,,,
Cora,degree_aligned_random,0.3,3,GraGE-Hybrid-FO-posneg-lp0.1-ln0.5,hybrid_baseline,GCN,0.728,0.7170085298986594,0.69,0.4198250728862974,0.3638660770688566,0.3898477157360406,0.19997084973036006,0.6606908440589905,0.7030424475669861,13722,10978,1.2545359134674072,0.1,0.5,0.3,,,
Cora,degree_aligned_random,0.3,3,MCGC-cw3.0-lp0.1-ln0.5,mcgc,GCN,0.722,0.7202794638404411,0.69,0.391399416909621,0.3392293114339861,0.3634517766497462,0.19997084973036006,0.6606908440589905,0.6979413032531738,13722,10978,2.2909584045410156,0.1,0.5,0.3,3.0,"[0.3, 0.5, 0.7, 0.9]",200.0
Cora,degree_aligned_random,0.3,3,Random-Matched,random_matched,GCN,0.729,0.7077397957379682,0.68,0.2259475218658892,0.19583070120025267,0.2098138747884941,0.19997084973036006,0.6606908440589905,0.6616870164871216,13722,10978,0.749809741973877,,,,,,
Cora,degree_aligned_random,0.3,4,Feature-only,feature_only,GCN,0.763,0.7459093814768428,0.74,0.4963556851311953,0.43019583070120027,0.46091370558375633,0.19997084973036006,0.6608365774154663,0.717070460319519,13722,10978,0.7661120891571045,,,,,,
Cora,degree_aligned_random,0.3,4,GraGE-Hybrid-FO-posneg-lp0.1-ln0.5,hybrid_baseline,GCN,0.751,0.7362167505564693,0.714,0.39285714285714285,0.3404927353126974,0.3648054145516074,0.19997084973036006,0.6608365774154663,0.7023137211799622,13722,10978,1.2244608402252197,0.1,0.5,0.3,,,
Cora,degree_aligned_random,0.3,4,MCGC-cw3.0-lp0.1-ln0.5,mcgc,GCN,0.74,0.732120486433548,0.71,0.3811953352769679,0.330385344283007,0.3539763113367174,0.19997084973036006,0.6608365774154663,0.6995809674263,13722,10978,2.031637191772461,0.1,0.5,0.3,3.0,"[0.3, 0.5, 0.7, 0.9]",200.0
Cora,degree_aligned_random,0.3,4,Random-Matched,random_matched,GCN,0.734,0.7150064164496354,0.734,0.22157434402332363,0.19204042956411876,0.20575296108291033,0.19997084973036006,0.6608365774154663,0.6620513796806335,13722,10978,0.7688696384429932,,,,,,
CiteSeer,feature_similar_cross_class,0.3,0,Feature-only,feature_only,GCN,0.553,0.533075373167848,0.548,0.3474218089602705,0.3010989010989011,0.3226059654631083,0.19993239817475073,0.5658272504806519,0.6024503707885742,11834,9468,0.8730382919311523,,,,,,
CiteSeer,feature_similar_cross_class,0.3,0,GraGE-Hybrid-FO-posneg-lp0.1-ln0.5,hybrid_baseline,GCN,0.538,0.5221411018400673,0.542,0.10059171597633136,0.08717948717948718,0.09340659340659341,0.19993239817475073,0.5658272504806519,0.5608364939689636,11834,9468,1.4256892204284668,0.1,0.5,0.3,,,
CiteSeer,feature_similar_cross_class,0.3,0,MCGC-cw3.0-lp0.1-ln0.5,mcgc,GCN,0.56,0.5349645582567465,0.55,0.25443786982248523,0.2205128205128205,0.23626373626373628,0.19993239817475073,0.5658272504806519,0.5815378427505493,11834,9468,2.075031042098999,0.1,0.5,0.3,3.0,"[0.3, 0.5, 0.7, 0.9]",200.0
CiteSeer,feature_similar_cross_class,0.3,0,Random-Matched,random_matched,GCN,0.556,0.5375341636822164,0.548,0.23076923076923078,0.2,0.21428571428571427,0.19993239817475073,0.5658272504806519,0.5656949877738953,11834,9468,0.9706759452819824,,,,,,
CiteSeer,feature_similar_cross_class,0.3,1,Feature-only,feature_only,GCN,0.561,0.5416276166305156,0.554,0.3423499577345731,0.2967032967032967,0.3178963893249608,0.19993239817475073,0.5658272504806519,0.6016054153442383,11834,9468,1.0966498851776123,,,,,,
CiteSeer,feature_similar_cross_class,0.3,1,GraGE-Hybrid-FO-posneg-lp0.1-ln0.5,hybrid_baseline,GCN,0.551,0.530359831250281,0.542,0.11496196111580727,0.09963369963369964,0.10675039246467818,0.19993239817475073,0.5658272504806519,0.5644275546073914,11834,9468,4.836670637130737,0.1,0.5,0.3,,,
CiteSeer,feature_similar_cross_class,0.3,1,MCGC-cw3.0-lp0.1-ln0.5,mcgc,GCN,0.571,0.5527402567022276,0.554,0.24429416737109044,0.21172161172161172,0.22684458398744112,0.19993239817475073,0.5658272504806519,0.5859737992286682,11834,9468,7.05075740814209,0.1,0.5,0.3,3.0,"[0.3, 0.5, 0.7, 0.9]",200.0
CiteSeer,feature_similar_cross_class,0.3,1,Random-Matched,random_matched,GCN,0.544,0.5229675446266416,0.55,0.2256973795435334,0.1956043956043956,0.20957613814756673,0.19993239817475073,0.5658272504806519,0.5656949877738953,11834,9468,2.657947301864624,,,,,,
CiteSeer,feature_similar_cross_class,0.3,2,Feature-only,feature_only,GCN,0.554,0.5340266471131884,0.592,0.3474218089602705,0.3010989010989011,0.3226059654631083,0.19993239817475073,0.5658272504806519,0.6024503707885742,11834,9468,1.0271894931793213,,,,,,
CiteSeer,feature_similar_cross_class,0.3,2,GraGE-Hybrid-FO-posneg-lp0.1-ln0.5,hybrid_baseline,GCN,0.531,0.5176965500358581,0.542,0.11665257819103973,0.1010989010989011,0.10832025117739404,0.19993239817475073,0.5658272504806519,0.5652725100517273,11834,9468,1.4817709922790527,0.1,0.5,0.3,,,
CiteSeer,feature_similar_cross_class,0.3,2,MCGC-cw3.0-lp0.1-ln0.5,mcgc,GCN,0.55,0.5288833748033479,0.564,0.23922231614539308,0.20732600732600734,0.22213500784929358,0.19993239817475073,0.5658272504806519,0.5815378427505493,11834,9468,2.43381667137146,0.1,0.5,0.3,3.0,"[0.3, 0.5, 0.7, 0.9]",200.0
CiteSeer,feature_similar_cross_class,0.3,2,Random-Matched,random_matched,GCN,0.544,0.5229045705404278,0.562,0.23245984784446322,0.20146520146520147,0.21585557299843014,0.19993239817475073,0.5658272504806519,0.5654837489128113,11834,9468,1.0124638080596924,,,,,,
CiteSeer,feature_similar_cross_class,0.3,3,Feature-only,feature_only,GCN,0.583,0.5674942591819169,0.57,0.3448858833474218,0.2989010989010989,0.3202511773940345,0.19993239817475073,0.5658272504806519,0.6020278930664062,11834,9468,1.022979497909546,,,,,,
CiteSeer,feature_similar_cross_class,0.3,3,GraGE-Hybrid-FO-posneg-lp0.1-ln0.5,hybrid_baseline,GCN,0.523,0.5102476725064312,0.532,0.11242603550295859,0.09743589743589744,0.1043956043956044,0.19993239817475073,0.5658272504806519,0.5637938380241394,11834,9468,1.081970453262329,0.1,0.5,0.3,,,
CiteSeer,feature_similar_cross_class,0.3,3,MCGC-cw3.0-lp0.1-ln0.5,mcgc,GCN,0.583,0.5718441884726663,0.542,0.20456466610312765,0.1772893772893773,0.18995290423861852,0.19993239817475073,0.5658272504806519,0.5777355432510376,11834,9468,1.905853033065796,0.1,0.5,0.3,3.0,"[0.3, 0.5, 0.7, 0.9]",200.0
CiteSeer,feature_similar_cross_class,0.3,3,Random-Matched,random_matched,GCN,0.54,0.5228585484148777,0.574,0.2231614539306847,0.1934065934065934,0.20722135007849293,0.19993239817475073,0.5658272504806519,0.5614702105522156,11834,9468,0.8735194206237793,,,,,,
CiteSeer,feature_similar_cross_class,0.3,4,Feature-only,feature_only,GCN,0.524,0.51036158674068,0.57,0.34657650042265425,0.30036630036630035,0.3218210361067504,0.19993239817475073,0.5658272504806519,0.6024503707885742,11834,9468,0.6605384349822998,,,,,,
CiteSeer,feature_similar_cross_class,0.3,4,GraGE-Hybrid-FO-posneg-lp0.1-ln0.5,hybrid_baseline,GCN,0.496,0.4825609381783153,0.532,0.10566356720202874,0.09157509157509157,0.09811616954474096,0.19993239817475073,0.5658272504806519,0.5604140162467957,11834,9468,1.0902104377746582,0.1,0.5,0.3,,,
CiteSeer,feature_similar_cross_class,0.3,4,MCGC-cw3.0-lp0.1-ln0.5,mcgc,GCN,0.555,0.5369804845084849,0.576,0.22738799661876585,0.19706959706959706,0.2111459968602826,0.19993239817475073,0.5658272504806519,0.5834389328956604,11834,9468,1.9611577987670898,0.1,0.5,0.3,3.0,"[0.3, 0.5, 0.7, 0.9]",200.0
CiteSeer,feature_similar_cross_class,0.3,4,Random-Matched,random_matched,GCN,0.549,0.5312662204535548,0.584,0.22231614539306846,0.19267399267399268,0.206436420722135,0.19993239817475073,0.5658272504806519,0.5602027773857117,11834,9468,0.8115017414093018,,,,,,
CiteSeer,low_feature_similarity,0.3,0,Feature-only,feature_only,GCN,0.623,0.5981165622137424,0.648,0.9010989010989011,0.780952380952381,0.8367346938775511,0.19993239817475073,0.5913469791412354,0.7029995918273926,11834,9468,0.9852159023284912,,,,,,
CiteSeer,low_feature_similarity,0.3,0,GraGE-Hybrid-FO-posneg-lp0.1-ln0.5,hybrid_baseline,GCN,0.606,0.5810523931300914,0.61,0.5942519019442096,0.515018315018315,0.5518053375196232,0.19993239817475073,0.5913469791412354,0.6558935642242432,11834,9468,1.4921836853027344,0.1,0.5,0.3,,,
CiteSeer,low_feature_similarity,0.3,0,MCGC-cw3.0-lp0.1-ln0.5,mcgc,GCN,0.581,0.5650998355820512,0.584,0.3702451394759087,0.3208791208791209,0.34379905808477235,0.19993239817475073,0.5913469791412354,0.6147021651268005,11834,9468,2.214569330215454,0.1,0.5,0.3,3.0,"[0.3, 0.5, 0.7, 0.9]",200.0
CiteSeer,low_feature_similarity,0.3,0,Random-Matched,random_matched,GCN,0.556,0.5377000739974832,0.58,0.23076923076923078,0.2,0.21428571428571427,0.19993239817475073,0.5913469791412354,0.5910435318946838,11834,9468,0.8916604518890381,,,,,,
CiteSeer,low_feature_similarity,0.3,1,Feature-only,feature_only,GCN,0.648,0.6246829623497882,0.646,0.9010989010989011,0.780952380952381,0.8367346938775511,0.19993239817475073,0.5916849970817566,0.7013096809387207,11834,9468,1.011082649230957,,,,,,
CiteSeer,low_feature_similarity,0.3,1,GraGE-Hybrid-FO-posneg-lp0.1-ln0.5,hybrid_baseline,GCN,0.635,0.6080124854115572,0.61,0.6120033812341504,0.5304029304029304,0.5682888540031397,0.19993239817475073,0.5916849970817566,0.6628643870353699,11834,9468,1.3889539241790771,0.1,0.5,0.3,,,
CiteSeer,low_feature_similarity,0.3,1,MCGC-cw3.0-lp0.1-ln0.5,mcgc,GCN,0.616,0.5905400712321578,0.6,0.3423499577345731,0.2967032967032967,0.3178963893249608,0.19993239817475073,0.5916849970817566,0.6208280324935913,11834,9468,2.0630552768707275,0.1,0.5,0.3,3.0,"[0.3, 0.5, 0.7, 0.9]",200.0
CiteSeer,low_feature_similarity,0.3,1,Random-Matched,random_matched,GCN,0.565,0.536178463958186,0.59,0.2256973795435334,0.1956043956043956,0.20957613814756673,0.19993239817475073,0.5916849970817566,0.5910435318946838,11834,9468,0.8311073780059814,,,,,,
CiteSeer,low_feature_similarity,0.3,2,Feature-only,feature_only,GCN,0.656,0.6313608955496085,0.668,0.9010989010989011,0.780952380952381,0.8367346938775511,0.19993239817475073,0.5906709432601929,0.7010984420776367,11834,9468,0.8753824234008789,,,,,,
CiteSeer,low_feature_similarity,0.3,2,GraGE-Hybrid-FO-posneg-lp0.1-ln0.5,hybrid_baseline,GCN,0.621,0.6032788058830114,0.59,0.5655114116652579,0.4901098901098901,0.5251177394034537,0.19993239817475073,0.5906709432601929,0.6537811756134033,11834,9468,1.4221773147583008,0.1,0.5,0.3,,,
CiteSeer,low_feature_similarity,0.3,2,MCGC-cw3.0-lp0.1-ln0.5,mcgc,GCN,0.575,0.5547839919529839,0.584,0.3803888419273035,0.32967032967032966,0.3532182103610675,0.19993239817475073,0.5906709432601929,0.6220954656600952,11834,9468,2.0456595420837402,0.1,0.5,0.3,3.0,"[0.3, 0.5, 0.7, 0.9]",200.0
CiteSeer,low_feature_similarity,0.3,2,Random-Matched,random_matched,GCN,0.556,0.5401241853013673,0.566,0.23245984784446322,0.20146520146520147,0.21585557299843014,0.19993239817475073,0.5906709432601929,0.5901985764503479,11834,9468,0.9211435317993164,,,,,,
CiteSeer,low_feature_similarity,0.3,3,Feature-only,feature_only,GCN,0.62,0.590450711586564,0.638,0.9010989010989011,0.780952380952381,0.8367346938775511,0.19993239817475073,0.5962480902671814,0.7065906524658203,11834,9468,0.6713659763336182,,,,,,
CiteSeer,low_feature_similarity,0.3,3,GraGE-Hybrid-FO-posneg-lp0.1-ln0.5,hybrid_baseline,GCN,0.622,0.5964657549885709,0.604,0.5579036348267118,0.4835164835164835,0.5180533751962324,0.19993239817475073,0.5962480902671814,0.6556823253631592,11834,9468,1.2937142848968506,0.1,0.5,0.3,,,
CiteSeer,low_feature_similarity,0.3,3,MCGC-cw3.0-lp0.1-ln0.5,mcgc,GCN,0.636,0.6140825289308706,0.628,0.3524936601859679,0.3054945054945055,0.3273155416012559,0.19993239817475073,0.5962480902671814,0.6265314817428589,11834,9468,2.1115119457244873,0.1,0.5,0.3,3.0,"[0.3, 0.5, 0.7, 0.9]",200.0
CiteSeer,low_feature_similarity,0.3,3,Random-Matched,random_matched,GCN,0.586,0.5700988830989705,0.62,0.2231614539306847,0.1934065934065934,0.20722135007849293,0.19993239817475073,0.5962480902671814,0.5933671593666077,11834,9468,0.8931789398193359,,,,,,
CiteSeer,low_feature_similarity,0.3,4,Feature-only,feature_only,GCN,0.645,0.6034160783515975,0.654,0.9010989010989011,0.780952380952381,0.8367346938775511,0.19993239817475073,0.5918539762496948,0.7008872032165527,11834,9468,0.6648316383361816,,,,,,
CiteSeer,low_feature_similarity,0.3,4,GraGE-Hybrid-FO-posneg-lp0.1-ln0.5,hybrid_baseline,GCN,0.596,0.575060613462036,0.614,0.5849535080304311,0.5069597069597069,0.543171114599686,0.19993239817475073,0.5918539762496948,0.6571609973907471,11834,9468,1.0338890552520752,0.1,0.5,0.3,,,
CiteSeer,low_feature_similarity,0.3,4,MCGC-cw3.0-lp0.1-ln0.5,mcgc,GCN,0.598,0.5557877945272781,0.574,0.3863060016906171,0.3347985347985348,0.35871271585557296,0.19993239817475073,0.5918539762496948,0.6277989149093628,11834,9468,1.7632544040679932,0.1,0.5,0.3,3.0,"[0.3, 0.5, 0.7, 0.9]",200.0
CiteSeer,low_feature_similarity,0.3,4,Random-Matched,random_matched,GCN,0.573,0.5407281355567515,0.548,0.22231614539306846,0.19267399267399268,0.206436420722135,0.19993239817475073,0.5918539762496948,0.5861850380897522,11834,9468,0.649874210357666,,,,,,
CiteSeer,degree_aligned_random,0.3,0,Feature-only,feature_only,GCN,0.645,0.6244935932171453,0.638,0.6415891800507185,0.5560439560439561,0.5957613814756673,0.19993239817475073,0.6094304323196411,0.6880016922950745,11834,9468,1.0718610286712646,,,,,,
CiteSeer,degree_aligned_random,0.3,0,GraGE-Hybrid-FO-posneg-lp0.1-ln0.5,hybrid_baseline,GCN,0.645,0.6213403945345491,0.606,0.3863060016906171,0.3347985347985348,0.35871271585557296,0.19993239817475073,0.6094304323196411,0.6535699367523193,11834,9468,1.374969244003296,0.1,0.5,0.3,,,
CiteSeer,degree_aligned_random,0.3,0,MCGC-cw3.0-lp0.1-ln0.5,mcgc,GCN,0.619,0.5992029463389682,0.598,0.46661031276415893,0.4043956043956044,0.43328100470957615,0.19993239817475073,0.6094304323196411,0.658005952835083,11834,9468,2.1756086349487305,0.1,0.5,0.3,3.0,"[0.3, 0.5, 0.7, 0.9]",200.0
CiteSeer,degree_aligned_random,0.3,0,Random-Matched,random_matched,GCN,0.611,0.5888323071185435,0.604,0.23076923076923078,0.2,0.21428571428571427,0.19993239817475073,0.6094304323196411,0.6100549101829529,11834,9468,0.8461458683013916,,,,,,
CiteSeer,degree_aligned_random,0.3,1,Feature-only,feature_only,GCN,0.649,0.6234069835863442,0.634,0.6593406593406593,0.5714285714285714,0.6122448979591836,0.19993239817475073,0.6109514832496643,0.693705141544342,11834,9468,0.9653463363647461,,,,,,
CiteSeer,degree_aligned_random,0.3,1,GraGE-Hybrid-FO-posneg-lp0.1-ln0.5,hybrid_baseline,GCN,0.617,0.5942711390870324,0.6,0.4091293322062553,0.3545787545787546,0.37990580847723704,0.19993239817475073,0.6109514832496643,0.661174476146698,11834,9468,1.3888585567474365,0.1,0.5,0.3,,,
CiteSeer,degree_aligned_random,0.3,1,MCGC-cw3.0-lp0.1-ln0.5,mcgc,GCN,0.625,0.6014997228792318,0.616,0.4361792054099746,0.378021978021978,0.40502354788069067,0.19993239817475073,0.6109514832496643,0.6588508486747742,11834,9468,2.274883508682251,0.1,0.5,0.3,3.0,"[0.3, 0.5, 0.7, 0.9]",200.0
CiteSeer,degree_aligned_random,0.3,1,Random-Matched,random_matched,GCN,0.604,0.5823545855470854,0.61,0.2256973795435334,0.1956043956043956,0.20957613814756673,0.19993239817475073,0.6109514832496643,0.6094211935997009,11834,9468,0.8552708625793457,,,,,,
CiteSeer,degree_aligned_random,0.3,2,Feature-only,feature_only,GCN,0.62,0.5978698043477028,0.638,0.6644125105663568,0.5758241758241758,0.6169544740973312,0.19993239817475073,0.6094304323196411,0.6901140809059143,11834,9468,0.7685942649841309,,,,,,
CiteSeer,degree_aligned_random,0.3,2,GraGE-Hybrid-FO-posneg-lp0.1-ln0.5,hybrid_baseline,GCN,0.619,0.6006056361756427,0.612,0.4209636517328825,0.3648351648351648,0.39089481946624804,0.19993239817475073,0.6094304323196411,0.6630756258964539,11834,9468,1.2984514236450195,0.1,0.5,0.3,,,
CiteSeer,degree_aligned_random,0.3,2,MCGC-cw3.0-lp0.1-ln0.5,mcgc,GCN,0.627,0.6019425144783891,0.65,0.4437869822485207,0.38461538461538464,0.41208791208791207,0.19993239817475073,0.6094304323196411,0.6546261310577393,11834,9468,2.216254234313965,0.1,0.5,0.3,3.0,"[0.3, 0.5, 0.7, 0.9]",200.0
CiteSeer,degree_aligned_random,0.3,2,Random-Matched,random_matched,GCN,0.574,0.554231570536733,0.598,0.23245984784446322,0.20146520146520147,0.21585557299843014,0.19993239817475073,0.6094304323196411,0.6092099547386169,11834,9468,0.9102470874786377,,,,,,
CiteSeer,degree_aligned_random,0.3,3,Feature-only,feature_only,GCN,0.628,0.6096531512644763,0.638,0.650887573964497,0.5641025641025641,0.6043956043956044,0.19993239817475073,0.6070643663406372,0.6899028420448303,11834,9468,0.7879114151000977,,,,,,
CiteSeer,degree_aligned_random,0.3,3,GraGE-Hybrid-FO-posneg-lp0.1-ln0.5,hybrid_baseline,GCN,0.625,0.6041256743179012,0.608,0.40828402366863903,0.35384615384615387,0.37912087912087916,0.19993239817475073,0.6070643663406372,0.657794713973999,11834,9468,1.3277409076690674,0.1,0.5,0.3,,,
CiteSeer,degree_aligned_random,0.3,3,MCGC-cw3.0-lp0.1-ln0.5,mcgc,GCN,0.59,0.5692565459781113,0.614,0.45646661031276414,0.3956043956043956,0.423861852433281,0.19993239817475073,0.6070643663406372,0.6516687870025635,11834,9468,1.9205210208892822,0.1,0.5,0.3,3.0,"[0.3, 0.5, 0.7, 0.9]",200.0
CiteSeer,degree_aligned_random,0.3,3,Random-Matched,random_matched,GCN,0.565,0.5438372396613916,0.608,0.2231614539306847,0.1934065934065934,0.20722135007849293,0.19993239817475073,0.6070643663406372,0.6030840873718262,11834,9468,0.8377892971038818,,,,,,
CiteSeer,degree_aligned_random,0.3,4,Feature-only,feature_only,GCN,0.62,0.5968969884644818,0.676,0.6568047337278107,0.5692307692307692,0.6098901098901098,0.19993239817475073,0.6099374890327454,0.6907477974891663,11834,9468,0.659949779510498,,,,,,
CiteSeer,degree_aligned_random,0.3,4,GraGE-Hybrid-FO-posneg-lp0.1-ln0.5,hybrid_baseline,GCN,0.584,0.5504203436895129,0.624,0.3905325443786982,0.3384615384615385,0.3626373626373626,0.19993239817475073,0.6099374890327454,0.6563160419464111,11834,9468,1.0954298973083496,0.1,0.5,0.3,,,
CiteSeer,degree_aligned_random,0.3,4,MCGC-cw3.0-lp0.1-ln0.5,mcgc,GCN,0.603,0.5655194399960993,0.616,0.43956043956043955,0.38095238095238093,0.40816326530612246,0.19993239817475073,0.6099374890327454,0.657372236251831,11834,9468,1.7257564067840576,0.1,0.5,0.3,3.0,"[0.3, 0.5, 0.7, 0.9]",200.0
CiteSeer,degree_aligned_random,0.3,4,Random-Matched,random_matched,GCN,0.549,0.5340564435019899,0.594,0.22231614539306846,0.19267399267399268,0.206436420722135,0.19993239817475073,0.6099374890327454,0.6039290428161621,11834,9468,0.7745497226715088,,,,,,
PubMed,feature_similar_cross_class,0.3,0,Feature-only,feature_only,GCN,0.688,0.6861902215567998,0.682,0.4325754946199236,0.37489659321651503,0.40167600016115385,0.19999652904323073,0.6172228455543518,0.6656398773193359,115242,92194,5.265485048294067,,,,,,
PubMed,feature_similar_cross_class,0.3,0,GraGE-Hybrid-FO-posneg-lp0.1-ln0.5,hybrid_baseline,GCN,0.613,0.6118525176074845,0.622,0.157497396737244,0.13649695420019553,0.14624712944683937,0.19999652904323073,0.6172228455543518,0.6116883754730225,115242,92194,8.249027490615845,0.1,0.5,0.3,,,
PubMed,feature_similar_cross_class,0.3,0,MCGC-cw3.0-lp0.1-ln0.5,mcgc,GCN,0.639,0.6401009999095141,0.612,0.09319680666435265,0.08077009851846281,0.08653962370573305,0.19999652904323073,0.6172228455543518,0.5987157821655273,115242,92194,12.759947061538696,0.1,0.5,0.3,3.0,"[0.3, 0.5, 0.7, 0.9]",200.0
PubMed,feature_similar_cross_class,0.3,0,Random-Matched,random_matched,GCN,0.642,0.641047445405971,0.652,0.2269177368969108,0.19666090095510266,0.2107086741066033,0.19999652904323073,0.6172228455543518,0.6164826154708862,115242,92194,5.242949724197388,,,,,,
PubMed,feature_similar_cross_class,0.3,1,Feature-only,feature_only,GCN,0.659,0.6609998679146115,0.68,0.4334432488719195,0.3756486425509513,0.40248176946940084,0.19999652904323073,0.6172228455543518,0.6657916903495789,115242,92194,5.038877964019775,,,,,,
PubMed,feature_similar_cross_class,0.3,1,GraGE-Hybrid-FO-posneg-lp0.1-ln0.5,hybrid_baseline,GCN,0.61,0.6094083566158034,0.61,0.17311697327316905,0.15003384222004965,0.16075097699528626,0.19999652904323073,0.6172228455543518,0.6146386861801147,115242,92194,8.159658908843994,0.1,0.5,0.3,,,
PubMed,feature_similar_cross_class,0.3,1,MCGC-cw3.0-lp0.1-ln0.5,mcgc,GCN,0.637,0.6346133501822453,0.63,0.15897257896563693,0.13777543806873732,0.14761693727085937,0.19999652904323073,0.6172228455543518,0.6114280819892883,115242,92194,12.393486499786377,0.1,0.5,0.3,3.0,"[0.3, 0.5, 0.7, 0.9]",200.0
PubMed,feature_similar_cross_class,0.3,1,Random-Matched,random_matched,GCN,0.642,0.6467830078200483,0.662,0.23186393613328704,0.20094758216138978,0.21530155916361146,0.19999652904323073,0.6172228455543518,0.6168514490127563,115242,92194,4.994129419326782,,,,,,
PubMed,feature_similar_cross_class,0.3,2,Feature-only,feature_only,GCN,0.66,0.6612681727730257,0.658,0.43196806664352655,0.3743701586824096,0.40111196164538093,0.19999652904323073,0.6172228455543518,0.6655313968658447,115242,92194,5.310046672821045,,,,,,
PubMed,feature_similar_cross_class,0.3,2,GraGE-Hybrid-FO-posneg-lp0.1-ln0.5,hybrid_baseline,GCN,0.619,0.6215020032352712,0.614,0.16322457480041652,0.14146047980747536,0.1515652068812699,0.19999652904323073,0.6172228455543518,0.6131418347358704,115242,92194,8.438564777374268,0.1,0.5,0.3,,,
PubMed,feature_similar_cross_class,0.3,2,MCGC-cw3.0-lp0.1-ln0.5,mcgc,GCN,0.621,0.6221746404103775,0.614,0.09883720930232558,0.08565841919229901,0.09177712420933885,0.19999652904323073,0.6172228455543518,0.598260223865509,115242,92194,12.637335538864136,0.1,0.5,0.3,3.0,"[0.3, 0.5, 0.7, 0.9]",200.0
PubMed,feature_similar_cross_class,0.3,2,Random-Matched,random_matched,GCN,0.624,0.6234897573642776,0.648,0.23273169038528288,0.20169963149582612,0.2161073284718585,0.19999652904323073,0.6172228455543518,0.6177191734313965,115242,92194,5.161219835281372,,,,,,
PubMed,feature_similar_cross_class,0.3,3,Feature-only,feature_only,GCN,0.656,0.6536434820064484,0.65,0.4325754946199236,0.37489659321651503,0.40167600016115385,0.19999652904323073,0.6172228455543518,0.6656398773193359,115242,92194,5.315061569213867,,,,,,
PubMed,feature_similar_cross_class,0.3,3,GraGE-Hybrid-FO-posneg-lp0.1-ln0.5,hybrid_baseline,GCN,0.615,0.6153201259990576,0.608,0.17190211732037486,0.14898097315183875,0.15962289996374035,0.19999652904323073,0.6172228455543518,0.6138794422149658,115242,92194,8.3111732006073,0.1,0.5,0.3,,,
PubMed,feature_similar_cross_class,0.3,3,MCGC-cw3.0-lp0.1-ln0.5,mcgc,GCN,0.625,0.626235947071719,0.624,0.14265879902811524,0.12363691058133414,0.13246847427581482,0.19999652904323073,0.6172228455543518,0.6074798703193665,115242,92194,12.952836990356445,0.1,0.5,0.3,3.0,"[0.3, 0.5, 0.7, 0.9]",200.0
PubMed,feature_similar_cross_class,0.3,3,Random-Matched,random_matched,GCN,0.614,0.61426138745481,0.636,0.23151683443248872,0.20064676242761526,0.21497925144031263,0.19999652904323073,0.6172228455543518,0.6179794669151306,115242,92194,5.21123194694519,,,,,,
PubMed,feature_similar_cross_class,0.3,4,Feature-only,feature_only,GCN,0.67,0.6681923473332879,0.688,0.4304928844151336,0.3730916748138678,0.39974215382136097,0.19999652904323073,0.6172228455543518,0.6652276515960693,115242,92194,5.359479904174805,,,,,,
PubMed,feature_similar_cross_class,0.3,4,GraGE-Hybrid-FO-posneg-lp0.1-ln0.5,hybrid_baseline,GCN,0.651,0.6487531480337271,0.644,0.15576188823325235,0.13499285553132284,0.14463559083034525,0.19999652904323073,0.6172228455543518,0.6109074354171753,115242,92194,8.442103385925293,0.1,0.5,0.3,,,
PubMed,feature_similar_cross_class,0.3,4,MCGC-cw3.0-lp0.1-ln0.5,mcgc,GCN,0.642,0.6409328114807568,0.63,0.11141964595626519,0.09656313454162593,0.10346077917892108,0.19999652904323073,0.6172228455543518,0.6014925241470337,115242,92194,12.945080041885376,0.1,0.5,0.3,3.0,"[0.3, 0.5, 0.7, 0.9]",200.0
PubMed,feature_similar_cross_class,0.3,4,Random-Matched,random_matched,GCN,0.64,0.6354787791456554,0.666,0.2336862200624783,0.2025268857637061,0.21699367471093026,0.19999652904323073,0.6172228455543518,0.6174371242523193,115242,92194,5.196798324584961,,,,,,
PubMed,low_feature_similarity,0.3,0,Feature-only,feature_only,GCN,0.739,0.7365677942702039,0.744,0.991235682054842,0.85906595472663,0.920430280810604,0.19999652904323073,0.6760208606719971,0.7806581854820251,115242,92194,5.195699691772461,,,,,,
PubMed,low_feature_similarity,0.3,0,GraGE-Hybrid-FO-posneg-lp0.1-ln0.5,hybrid_baseline,GCN,0.728,0.7292089167908585,0.714,0.5773169038528289,0.5003384222004964,0.5360783207767615,0.19999652904323073,0.6760208606719971,0.7299824357032776,115242,92194,8.070675134658813,0.1,0.5,0.3,,,
PubMed,low_feature_similarity,0.3,0,MCGC-cw3.0-lp0.1-ln0.5,mcgc,GCN,0.697,0.6971531966135106,0.666,0.20565775772301284,0.17823569226141234,0.19096732605455058,0.19999652904323073,0.6760208606719971,0.67887282371521,115242,92194,12.565898418426514,0.1,0.5,0.3,3.0,"[0.3, 0.5, 0.7, 0.9]",200.0
PubMed,low_feature_similarity,0.3,0,Random-Matched,random_matched,GCN,0.7,0.6982239562470628,0.72,0.2269177368969108,0.19666090095510266,0.2107086741066033,0.19999652904323073,0.6760208606719971,0.6748378276824951,115242,92194,5.0470781326293945,,,,,,
PubMed,low_feature_similarity,0.3,1,Feature-only,feature_only,GCN,0.758,0.7536050418706762,0.76,0.991235682054842,0.85906595472663,0.920430280810604,0.19999652904323073,0.6751357913017273,0.780311107635498,115242,92194,5.069732904434204,,,,,,
PubMed,low_feature_similarity,0.3,1,GraGE-Hybrid-FO-posneg-lp0.1-ln0.5,hybrid_baseline,GCN,0.734,0.7354969077071282,0.712,0.581048247136411,0.5035722343385726,0.5395431288022239,0.19999652904323073,0.6751357913017273,0.7289194464683533,115242,92194,8.021917819976807,0.1,0.5,0.3,,,
PubMed,low_feature_similarity,0.3,1,MCGC-cw3.0-lp0.1-ln0.5,mcgc,GCN,0.708,0.699229357555606,0.676,0.20860812217979868,0.1807926599984959,0.19370694170259056,0.19999652904323073,0.6751357913017273,0.6799358129501343,115242,92194,12.571364402770996,0.1,0.5,0.3,3.0,"[0.3, 0.5, 0.7, 0.9]",200.0
PubMed,low_feature_similarity,0.3,1,Random-Matched,random_matched,GCN,0.715,0.7079343222112472,0.71,0.23186393613328704,0.20094758216138978,0.21530155916361146,0.19999652904323073,0.6751357913017273,0.6739267110824585,115242,92194,5.047956228256226,,,,,,
PubMed,low_feature_similarity,0.3,2,Feature-only,feature_only,GCN,0.753,0.7427940171220094,0.766,0.991235682054842,0.85906595472663,0.920430280810604,0.19999652904323073,0.6750836968421936,0.7805930972099304,115242,92194,5.267409086227417,,,,,,
PubMed,low_feature_similarity,0.3,2,GraGE-Hybrid-FO-posneg-lp0.1-ln0.5,hybrid_baseline,GCN,0.719,0.7121153908032891,0.71,0.581655675112808,0.5040986688726781,0.540107167317997,0.19999652904323073,0.6750836968421936,0.7286591529846191,115242,92194,8.390626668930054,0.1,0.5,0.3,,,
PubMed,low_feature_similarity,0.3,2,MCGC-cw3.0-lp0.1-ln0.5,mcgc,GCN,0.686,0.6793475589549908,0.694,0.11141964595626519,0.09656313454162593,0.10346077917892108,0.19999652904323073,0.6750836968421936,0.6672885417938232,115242,92194,12.609742879867554,0.1,0.5,0.3,3.0,"[0.3, 0.5, 0.7, 0.9]",200.0
PubMed,low_feature_similarity,0.3,2,Random-Matched,random_matched,GCN,0.706,0.7000320702823889,0.714,0.23273169038528288,0.20169963149582612,0.2161073284718585,0.19999652904323073,0.6750836968421936,0.6754235625267029,115242,92194,5.25455117225647,,,,,,
PubMed,low_feature_similarity,0.3,3,Feature-only,feature_only,GCN,0.739,0.7351016602884805,0.738,0.991235682054842,0.85906595472663,0.920430280810604,0.19999652904323073,0.6765068173408508,0.7800724506378174,115242,92194,5.090028524398804,,,,,,
PubMed,low_feature_similarity,0.3,3,GraGE-Hybrid-FO-posneg-lp0.1-ln0.5,hybrid_baseline,GCN,0.697,0.6926161480142828,0.696,0.5790524123568206,0.501842520869369,0.5376898593932558,0.19999652904323073,0.6765068173408508,0.7288760542869568,115242,92194,8.234818458557129,0.1,0.5,0.3,,,
PubMed,low_feature_similarity,0.3,3,MCGC-cw3.0-lp0.1-ln0.5,mcgc,GCN,0.686,0.6800603097594745,0.69,0.21867407150295037,0.18951643227795745,0.20305386567825634,0.19999652904323073,0.6765068173408508,0.6801093220710754,115242,92194,12.81412386894226,0.1,0.5,0.3,3.0,"[0.3, 0.5, 0.7, 0.9]",200.0
PubMed,low_feature_similarity,0.3,3,Random-Matched,random_matched,GCN,0.686,0.6804039299842928,0.72,0.23151683443248872,0.20064676242761526,0.21497925144031263,0.19999652904323073,0.6765068173408508,0.6772457957267761,115242,92194,5.091230154037476,,,,,,
PubMed,low_feature_similarity,0.3,4,Feature-only,feature_only,GCN,0.737,0.73071959635862,0.734,0.991235682054842,0.85906595472663,0.920430280810604,0.19999652904323073,0.6762985587120056,0.7805930972099304,115242,92194,5.2191596031188965,,,,,,
PubMed,low_feature_similarity,0.3,4,GraGE-Hybrid-FO-posneg-lp0.1-ln0.5,hybrid_baseline,GCN,0.731,0.7270339701746255,0.716,0.573759111419646,0.4972550199293074,0.5327746666129487,0.19999652904323073,0.6762985587120056,0.7285940647125244,115242,92194,8.315585613250732,0.1,0.5,0.3,,,
PubMed,low_feature_similarity,0.3,4,MCGC-cw3.0-lp0.1-ln0.5,mcgc,GCN,0.676,0.6758067084875874,0.698,0.11489066296424852,0.09957133187937128,0.10668385641190926,0.19999652904323073,0.6762985587120056,0.667787492275238,115242,92194,12.83613657951355,0.1,0.5,0.3,3.0,"[0.3, 0.5, 0.7, 0.9]",200.0
PubMed,low_feature_similarity,0.3,4,Random-Matched,random_matched,GCN,0.707,0.7025515208457281,0.714,0.2336862200624783,0.2025268857637061,0.21699367471093026,0.19999652904323073,0.6762985587120056,0.6763997673988342,115242,92194,5.293565273284912,,,,,,
PubMed,degree_aligned_random,0.3,0,Feature-only,feature_only,GCN,0.741,0.7418080243513359,0.742,0.7055709822978132,0.6114913138301873,0.6551710245356754,0.19999652904323073,0.70137619972229,0.7696162462234497,115242,92194,5.1686694622039795,,,,,,
PubMed,degree_aligned_random,0.3,0,GraGE-Hybrid-FO-posneg-lp0.1-ln0.5,hybrid_baseline,GCN,0.716,0.717024020673194,0.726,0.436046511627907,0.37790479055426035,0.404899077394142,0.19999652904323073,0.70137619972229,0.7411762475967407,115242,92194,8.09502363204956,0.1,0.5,0.3,,,
PubMed,degree_aligned_random,0.3,0,MCGC-cw3.0-lp0.1-ln0.5,mcgc,GCN,0.74,0.7401953671200361,0.726,0.4317945157931274,0.3742197488155223,0.40095080778373154,0.19999652904323073,0.70137619972229,0.7324988842010498,115242,92194,12.773315906524658,0.1,0.5,0.3,3.0,"[0.3, 0.5, 0.7, 0.9]",200.0
PubMed,degree_aligned_random,0.3,0,Random-Matched,random_matched,GCN,0.712,0.7069985907164352,0.744,0.2269177368969108,0.19666090095510266,0.2107086741066033,0.19999652904323073,0.70137619972229,0.7010868191719055,115242,92194,5.315072536468506,,,,,,
PubMed,degree_aligned_random,0.3,1,Feature-only,feature_only,GCN,0.772,0.7708644312355103,0.764,0.7069593891010066,0.6126945927652854,0.6564602554288708,0.19999652904323073,0.7025042772293091,0.7713733911514282,115242,92194,5.084012031555176,,,,,,
PubMed,degree_aligned_random,0.3,1,GraGE-Hybrid-FO-posneg-lp0.1-ln0.5,hybrid_baseline,GCN,0.761,0.7620585589117276,0.734,0.42684831655675115,0.36993306760923517,0.3963579227267233,0.19999652904323073,0.7025042772293091,0.7397010922431946,115242,92194,8.005393981933594,0.1,0.5,0.3,,,
PubMed,degree_aligned_random,0.3,1,MCGC-cw3.0-lp0.1-ln0.5,mcgc,GCN,0.746,0.7459970728515818,0.732,0.43353002429711907,0.37572384748439497,0.40256234640022553,0.19999652904323073,0.7025042772293091,0.7332147359848022,115242,92194,12.55966067314148,0.1,0.5,0.3,3.0,"[0.3, 0.5, 0.7, 0.9]",200.0
PubMed,degree_aligned_random,0.3,1,Random-Matched,random_matched,GCN,0.731,0.7262770495255491,0.756,0.23186393613328704,0.20094758216138978,0.21530155916361146,0.19999652904323073,0.7025042772293091,0.7013688683509827,115242,92194,5.098086357116699,,,,,,
PubMed,degree_aligned_random,0.3,2,Feature-only,feature_only,GCN,0.764,0.760573059149887,0.752,0.7086948976049983,0.6141986914341581,0.6580717940453649,0.19999652904323073,0.7034414410591125,0.7728485465049744,115242,92194,5.222575902938843,,,,,,
PubMed,degree_aligned_random,0.3,2,GraGE-Hybrid-FO-posneg-lp0.1-ln0.5,hybrid_baseline,GCN,0.766,0.7640143124049025,0.742,0.4132245748004165,0.35812589305858467,0.3837073445872447,0.19999652904323073,0.7034414410591125,0.7402650713920593,115242,92194,8.327108383178711,0.1,0.5,0.3,,,
PubMed,degree_aligned_random,0.3,2,MCGC-cw3.0-lp0.1-ln0.5,mcgc,GCN,0.73,0.7268355519494719,0.698,0.22726483859770913,0.19696172068887718,0.2110309818299021,0.19999652904323073,0.7034414410591125,0.7127144932746887,115242,92194,12.856707096099854,0.1,0.5,0.3,3.0,"[0.3, 0.5, 0.7, 0.9]",200.0
PubMed,degree_aligned_random,0.3,2,Random-Matched,random_matched,GCN,0.732,0.7291836816469138,0.712,0.23273169038528288,0.20169963149582612,0.2161073284718585,0.19999652904323073,0.7034414410591125,0.7042106986045837,115242,92194,5.202819585800171,,,,,,
PubMed,degree_aligned_random,0.3,3,Feature-only,feature_only,GCN,0.756,0.7491621793144777,0.768,0.703141270392225,0.6093855756937655,0.6529148704725838,0.19999652904323073,0.7037190794944763,0.7708311080932617,115242,92194,5.393930912017822,,,,,,
PubMed,degree_aligned_random,0.3,3,GraGE-Hybrid-FO-posneg-lp0.1-ln0.5,hybrid_baseline,GCN,0.729,0.7240429617825132,0.744,0.4343977785491149,0.3764758968188313,0.40336811570847264,0.19999652904323073,0.7037190794944763,0.7408508062362671,115242,92194,8.282790422439575,0.1,0.5,0.3,,,
PubMed,degree_aligned_random,0.3,3,MCGC-cw3.0-lp0.1-ln0.5,mcgc,GCN,0.743,0.7422142734053591,0.752,0.42650121485595277,0.3696322478754606,0.3960356150034245,0.19999652904323073,0.7037190794944763,0.7355793118476868,115242,92194,12.54653286933899,0.1,0.5,0.3,3.0,"[0.3, 0.5, 0.7, 0.9]",200.0
PubMed,degree_aligned_random,0.3,3,Random-Matched,random_matched,GCN,0.741,0.7349945308312668,0.754,0.23151683443248872,0.20064676242761526,0.21497925144031263,0.19999652904323073,0.7037190794944763,0.7045143842697144,115242,92194,5.163440465927124,,,,,,
PubMed,degree_aligned_random,0.3,4,Feature-only,feature_only,GCN,0.724,0.7235946480260883,0.746,0.7045296771954183,0.6105888546288637,0.654204101365779,0.19999652904323073,0.7027472257614136,0.770592451095581,115242,92194,5.209985256195068,,,,,,
PubMed,degree_aligned_random,0.3,4,GraGE-Hybrid-FO-posneg-lp0.1-ln0.5,hybrid_baseline,GCN,0.734,0.7330127127788076,0.732,0.4192120791391878,0.36331503346619537,0.38926715281414925,0.19999652904323073,0.7027472257614136,0.7399613857269287,115242,92194,8.163621187210083,0.1,0.5,0.3,,,
PubMed,degree_aligned_random,0.3,4,MCGC-cw3.0-lp0.1-ln0.5,mcgc,GCN,0.731,0.7328286952490775,0.718,0.34788267962513014,0.30149657817552833,0.32303291567624187,0.19999652904323073,0.7027472257614136,0.7229321002960205,115242,92194,12.76893949508667,0.1,0.5,0.3,3.0,"[0.3, 0.5, 0.7, 0.9]",200.0
PubMed,degree_aligned_random,0.3,4,Random-Matched,random_matched,GCN,0.726,0.723623149790312,0.746,0.2336862200624783,0.2025268857637061,0.21699367471093026,0.19999652904323073,0.7027472257614136,0.7030826210975647,115242,92194,5.242954254150391,,,,,,
